{"0": {"start_sec": 20.67146700294241, "end_sec": 21.234594367381252}, "1": {"start_sec": 51.62000840689365, "end_sec": 53.755199663724255}}