{"0": {"start_sec": 6.860258481421648, "end_sec": 13.985298869143781}}