{"0": {"start_sec": 40.93798612570948, "end_sec": 42.32213579987387}, "1": {"start_sec": 45.70039941139373, "end_sec": 47.154929577464785}, "2": {"start_sec": 49.54786630229136, "end_sec": 53.1607315535001}, "3": {"start_sec": 68.38637796930838, "end_sec": 69.88782846331722}, "4": {"start_sec": 79.50649569056128, "end_sec": 81.14870716838342}, "5": {"start_sec": 88.91402144208534, "end_sec": 89.94626865671641}}