{"0": {"start_sec": 23.80292682926829, "end_sec": 25.049522799575822}}