{"0": {"start_sec": 3.4959940872135995, "end_sec": 5.551071692535108}}