{"0": {"start_sec": 59.89296309828279, "end_sec": 61.28637194008038}}