{"0": {"start_sec": 3.0560313315926892, "end_sec": 5.282906875543951}}