{"0": {"start_sec": 0.0, "end_sec": 0.3987492385786802}, "1": {"start_sec": 2.3924954314720814, "end_sec": 10.015642639593908}, "2": {"start_sec": 10.977331979695432, "end_sec": 12.00938883248731}, "3": {"start_sec": 15.199382741116752, "end_sec": 17.357319796954314}, "4": {"start_sec": 45.94998578680203, "end_sec": 47.591894416243655}, "5": {"start_sec": 49.444905583756345, "end_sec": 51.93122436548224}, "6": {"start_sec": 57.32606700507615, "end_sec": 60.35187005076143}, "7": {"start_sec": 102.68965685279188, "end_sec": 104.58957969543148}, "8": {"start_sec": 110.64118578680204, "end_sec": 111.93125685279188}}