{"0": {"start_sec": 1.9168881685575363, "end_sec": 2.638833063209076}}