{"0": {"start_sec": 1.5007242121745938, "end_sec": 2.7669602661969073}, "1": {"start_sec": 25.653004501859463, "end_sec": 26.77854766099041}, "2": {"start_sec": 44.036876100998235, "end_sec": 48.820434527304755}, "3": {"start_sec": 52.38465453121941, "end_sec": 53.13501663730671}, "4": {"start_sec": 57.3089058524173, "end_sec": 63.94492072812683}, "5": {"start_sec": 110.0218438050499, "end_sec": 113.58606380896457}}