{"0": {"start_sec": 14.185398915569325, "end_sec": 15.006041828040278}}