{"0": {"start_sec": 19.692143808255658, "end_sec": 19.973460148373594}}