{"0": {"start_sec": 24.301915125136016, "end_sec": 26.13690968443961}, "1": {"start_sec": 29.524591947769313, "end_sec": 31.24195865070729}, "2": {"start_sec": 59.47264417845484, "end_sec": 63.1191077257889}, "3": {"start_sec": 81.8689880304679, "end_sec": 86.45647442872688}}