{"0": {"start_sec": 25.51183922046285, "end_sec": 28.079512789281367}}