{"0": {"start_sec": 38.9218018018018, "end_sec": 39.979459459459456}}