{"0": {"start_sec": 74.41449350649351, "end_sec": 75.28442597402598}}