{"0": {"start_sec": 29.49830755232029, "end_sec": 30.470518653321204}, "1": {"start_sec": 42.96698817106461, "end_sec": 43.77321201091902}}