{"0": {"start_sec": 18.410852713178294, "end_sec": 19.35562015503876}}