{"0": {"start_sec": 7.333795724465558, "end_sec": 10.13440380047506}, "1": {"start_sec": 15.640684085510689, "end_sec": 17.84794299287411}, "2": {"start_sec": 34.770261282660336, "end_sec": 38.449026128266034}, "3": {"start_sec": 41.65311163895487, "end_sec": 42.88727790973872}}