{"0": {"start_sec": 57.18629182156133, "end_sec": 58.38403345724907}, "1": {"start_sec": 100.07013940520446, "end_sec": 101.05651486988846}}