{"0": {"start_sec": 15.282718618552137, "end_sec": 17.583342926721276}, "1": {"start_sec": 19.344024795218065, "end_sec": 22.208067301306176}, "2": {"start_sec": 32.86606154527341, "end_sec": 36.270046491033874}, "3": {"start_sec": 39.580128403807834, "end_sec": 50.707637812707546}, "4": {"start_sec": 51.88142572503874, "end_sec": 57.421704671241976}, "5": {"start_sec": 60.56745627628957, "end_sec": 63.267168474651314}, "6": {"start_sec": 65.8964533982732, "end_sec": 67.37542616781049}, "7": {"start_sec": 69.9342838166925, "end_sec": 71.7184414434359}, "8": {"start_sec": 75.89712641133495, "end_sec": 78.03342041177773}, "9": {"start_sec": 84.55968120433916, "end_sec": 89.34873588665043}, "10": {"start_sec": 92.18930263449192, "end_sec": 94.16126632720832}, "11": {"start_sec": 97.0957361080363, "end_sec": 100.61709984502988}, "12": {"start_sec": 103.05857870267877, "end_sec": 106.01652424175337}}