{"0": {"start_sec": 31.12693944353519, "end_sec": 32.54180032733225}, "1": {"start_sec": 41.243194762684126, "end_sec": 42.58731260229133}, "2": {"start_sec": 61.68793453355156, "end_sec": 65.93251718494272}}