{"0": {"start_sec": 5.343458646616541, "end_sec": 13.260601503759398}, "1": {"start_sec": 17.304962406015036, "end_sec": 19.535488721804512}}