{"0": {"start_sec": 4.897480397281757, "end_sec": 5.6344798745426035}, "1": {"start_sec": 14.45469942498693, "end_sec": 16.28531102979613}, "2": {"start_sec": 21.8246941975954, "end_sec": 22.65679038159958}, "3": {"start_sec": 29.218463146889704, "end_sec": 30.478494511238893}, "4": {"start_sec": 37.634521693674856, "end_sec": 38.60926293779404}, "5": {"start_sec": 43.7207109252483, "end_sec": 45.45622582331416}}