{"0": {"start_sec": 0.0, "end_sec": 0.5411032990805841}, "1": {"start_sec": 17.83288263926447, "end_sec": 18.96214169821525}, "2": {"start_sec": 21.197133585722014, "end_sec": 23.902650081124932}, "3": {"start_sec": 36.93618171984857, "end_sec": 37.78312601406166}, "4": {"start_sec": 51.35776095186588, "end_sec": 53.28691184424013}, "5": {"start_sec": 84.76500811249325, "end_sec": 85.49432125473228}}