{"0": {"start_sec": 9.046899082568808, "end_sec": 10.34267889908257}, "1": {"start_sec": 63.61100917431193, "end_sec": 66.41460550458716}, "2": {"start_sec": 69.24176146788992, "end_sec": 77.01644036697247}}