{"0": {"start_sec": 9.127428726581591, "end_sec": 11.385761607385284}, "1": {"start_sec": 58.15207168069508, "end_sec": 60.29278305729025}}