{"0": {"start_sec": 4.881818181818182, "end_sec": 7.132878787878788}}