{"0": {"start_sec": 1.8677406143344708, "end_sec": 4.166498293515358}, "1": {"start_sec": 8.835849829351535, "end_sec": 12.954457337883959}, "2": {"start_sec": 24.998989761092147, "end_sec": 26.938566552901023}}