{"0": {"start_sec": 6.815483870967743, "end_sec": 8.556129032258065}, "1": {"start_sec": 11.718709677419357, "end_sec": 16.450322580645164}}