{"0": {"start_sec": 16.72153668132377, "end_sec": 19.821596852580424}}