{"0": {"start_sec": 0.0, "end_sec": 1.920316831683168}, "1": {"start_sec": 5.7356831683168314, "end_sec": 9.803722772277228}, "2": {"start_sec": 11.193425742574256, "end_sec": 12.734732673267326}}