{"0": {"start_sec": 0.6983393501805055, "end_sec": 3.3842599277978342}, "1": {"start_sec": 5.425559566787004, "end_sec": 7.413140794223827}}