{"0": {"start_sec": 3.4860620815581256, "end_sec": 5.158429701765065}}