{"0": {"start_sec": 11.47659574468085, "end_sec": 12.315744680851063}}