{"0": {"start_sec": 13.285112781954886, "end_sec": 14.804812030075187}}