{"0": {"start_sec": 10.536211812627291, "end_sec": 12.041384928716903}}