{"0": {"start_sec": 51.0414411651974, "end_sec": 54.02023763894213}}