{"0": {"start_sec": 1.1809620253164557, "end_sec": 12.122936708860758}, "1": {"start_sec": 12.942379746835442, "end_sec": 16.171949367088605}, "2": {"start_sec": 19.811240506329113, "end_sec": 22.41417721518987}, "3": {"start_sec": 25.065316455696202, "end_sec": 28.535898734177213}}