{"0": {"start_sec": 0.0, "end_sec": 0.32858895705521474}, "1": {"start_sec": 32.83542506573182, "end_sec": 36.02743207712533}, "2": {"start_sec": 36.47337423312884, "end_sec": 37.13055214723927}, "3": {"start_sec": 89.44660823838738, "end_sec": 92.56820333041193}}