{"0": {"start_sec": 78.86916559691913, "end_sec": 81.61468549422337}, "1": {"start_sec": 87.34038510911425, "end_sec": 90.36749679075739}}