{"0": {"start_sec": 127.61985008517885, "end_sec": 135.37212947189096}}