{"0": {"start_sec": 62.21876543209876, "end_sec": 62.70904463437797}}