{"0": {"start_sec": 10.691477293790546, "end_sec": 11.04163484708063}, "1": {"start_sec": 85.2050046339203, "end_sec": 87.51604448563485}, "2": {"start_sec": 91.64790361445783, "end_sec": 92.67503243744208}}