{"0": {"start_sec": 118.51076524666581, "end_sec": 119.32904829729381}}