{"0": {"start_sec": 8.77667638483965, "end_sec": 10.086997084548106}}