{"0": {"start_sec": 94.805017655961, "end_sec": 96.2102303682529}, "1": {"start_sec": 131.17660669244998, "end_sec": 133.23758533714476}}