{"0": {"start_sec": 30.476463157894738, "end_sec": 31.276}, "1": {"start_sec": 59.518463157894736, "end_sec": 62.4109052631579}}