{"0": {"start_sec": 75.20336311087756, "end_sec": 76.2790331056227}, "1": {"start_sec": 82.84997372569627, "end_sec": 85.09485023646873}}