{"0": {"start_sec": 53.38745148771022, "end_sec": 53.598654592496764}, "1": {"start_sec": 60.66222509702458, "end_sec": 64.5108150064683}, "2": {"start_sec": 87.06261319534282, "end_sec": 89.47971539456663}, "3": {"start_sec": 91.96721862871928, "end_sec": 93.96191461836999}}