{"0": {"start_sec": 0.6815835630167877, "end_sec": 4.724079178150839}, "1": {"start_sec": 32.386970684039085, "end_sec": 33.773640691556}, "2": {"start_sec": 35.865397143573034, "end_sec": 37.18155850663994}, "3": {"start_sec": 53.77459283387622, "end_sec": 55.86634928589326}, "4": {"start_sec": 57.67607116011024, "end_sec": 60.63743422701077}, "5": {"start_sec": 67.85281884239538, "end_sec": 69.09847156101227}, "6": {"start_sec": 74.43362565772989, "end_sec": 78.24109245803056}}