{"0": {"start_sec": 71.4701406025825, "end_sec": 76.36664562410331}, "1": {"start_sec": 80.95711908177906, "end_sec": 82.01645911047346}}