{"0": {"start_sec": 4.866666666666666, "end_sec": 8.528712871287128}, "1": {"start_sec": 17.78019801980198, "end_sec": 23.538283828382838}}