{"0": {"start_sec": 68.26733641536272, "end_sec": 70.2978520625889}, "1": {"start_sec": 87.35885135135135, "end_sec": 89.69277738264579}, "2": {"start_sec": 137.46824324324322, "end_sec": 139.42874110953056}, "3": {"start_sec": 165.82544452347082, "end_sec": 167.66924608819343}, "4": {"start_sec": 168.4394416785206, "end_sec": 170.23656472261735}, "5": {"start_sec": 222.67988264580367, "end_sec": 223.7534886201991}}