{"0": {"start_sec": 14.225031997305493, "end_sec": 14.791202425058945}, "1": {"start_sec": 29.58240485011789, "end_sec": 30.219346581340524}, "2": {"start_sec": 64.4726574604244, "end_sec": 66.78452004041766}}