{"0": {"start_sec": 41.50261733848702, "end_sec": 42.182219768083925}, "1": {"start_sec": 58.75045831032578, "end_sec": 61.46886802871341}, "2": {"start_sec": 110.93923799006073, "end_sec": 112.4390502484815}}