{"0": {"start_sec": 34.78617606602476, "end_sec": 35.55920220082531}, "1": {"start_sec": 92.20093535075654, "end_sec": 94.77768913342503}, "2": {"start_sec": 123.23910591471802, "end_sec": 124.48063273727648}, "3": {"start_sec": 124.66803301237964, "end_sec": 128.72056396148557}, "4": {"start_sec": 133.17132049518568, "end_sec": 136.2165749656121}}