{"0": {"start_sec": 2.1705426356589146, "end_sec": 4.5994832041343665}}