{"0": {"start_sec": 0.0, "end_sec": 0.2842377260981912}, "1": {"start_sec": 3.850129198966408, "end_sec": 5.271317829457364}}