{"0": {"start_sec": 0.6976744186046511, "end_sec": 3.6692506459948317}}