{"0": {"start_sec": 3.4108527131782944, "end_sec": 3.9018087855297154}}