{"0": {"start_sec": 1.937984496124031, "end_sec": 6.046511627906976}}