{"0": {"start_sec": 2.7648578811369506, "end_sec": 9.974160206718345}}