{"0": {"start_sec": 0.0, "end_sec": 1.6279069767441858}, "1": {"start_sec": 3.1782945736434107, "end_sec": 4.754521963824289}}