{"0": {"start_sec": 2.8165374677002584, "end_sec": 5.297157622739018}}