{"0": {"start_sec": 0.0, "end_sec": 0.5426356589147286}, "1": {"start_sec": 3.7726098191214468, "end_sec": 4.263565891472868}}