{"0": {"start_sec": 2.9198966408268734, "end_sec": 4.237726098191215}}