{"0": {"start_sec": 4.082687338501292, "end_sec": 5.710594315245477}}