{"0": {"start_sec": 4.573643410852712, "end_sec": 7.364341085271318}}