{"0": {"start_sec": 2.6873385012919893, "end_sec": 7.958656330749354}}