{"0": {"start_sec": 2.222222222222222, "end_sec": 5.710594315245477}}