{"0": {"start_sec": 3.152454780361757, "end_sec": 6.589147286821705}}