{"0": {"start_sec": 2.842377260981912, "end_sec": 4.521963824289405}, "1": {"start_sec": 7.674418604651162, "end_sec": 7.984496124031007}}