{"0": {"start_sec": 3.049095607235142, "end_sec": 5.090439276485788}}