{"0": {"start_sec": 1.214470284237726, "end_sec": 3.9018087855297154}}