{"0": {"start_sec": 3.229974160206718, "end_sec": 4.883720930232558}}