{"0": {"start_sec": 0.25839793281653745, "end_sec": 4.832041343669251}}