{"0": {"start_sec": 0.4134366925064599, "end_sec": 4.754521963824289}, "1": {"start_sec": 9.354005167958656, "end_sec": 9.974160206718345}}