{"0": {"start_sec": 2.3772609819121446, "end_sec": 3.4625322997416017}}