{"0": {"start_sec": 3.9018087855297154, "end_sec": 6.27906976744186}}