{"0": {"start_sec": 2.2739018087855296, "end_sec": 4.547803617571059}}