{"0": {"start_sec": 2.0155038759689923, "end_sec": 3.5658914728682167}}