{"0": {"start_sec": 0.0, "end_sec": 1.3436692506459946}, "1": {"start_sec": 2.2739018087855296, "end_sec": 4.754521963824289}}