{"0": {"start_sec": 2.8940568475452193, "end_sec": 5.684754521963824}}