{"0": {"start_sec": 3.6950904392764854, "end_sec": 4.160206718346253}}