{"0": {"start_sec": 2.532299741602067, "end_sec": 4.521963824289405}}