{"0": {"start_sec": 1.0077519379844961, "end_sec": 3.2558139534883717}}