{"0": {"start_sec": 2.4806201550387597, "end_sec": 4.366925064599483}}