{"0": {"start_sec": 3.2816537467700257, "end_sec": 4.056847545219638}}