{"0": {"start_sec": 3.023255813953488, "end_sec": 5.038759689922481}, "1": {"start_sec": 8.113695090439276, "end_sec": 9.974160206718345}}