{"0": {"start_sec": 0.1808785529715762, "end_sec": 2.842377260981912}, "1": {"start_sec": 6.925064599483203, "end_sec": 9.974160206718345}}