{"0": {"start_sec": 2.5839793281653747, "end_sec": 9.974160206718345}}