{"0": {"start_sec": 1.9638242894056845, "end_sec": 4.444444444444444}}