{"0": {"start_sec": 2.7906976744186043, "end_sec": 6.098191214470284}}