{"0": {"start_sec": 2.9715762273901807, "end_sec": 4.470284237726098}}