{"0": {"start_sec": 1.4728682170542635, "end_sec": 2.2997416020671833}}