{"0": {"start_sec": 2.7648578811369506, "end_sec": 3.7984496124031004}}