{"0": {"start_sec": 3.2558139534883717, "end_sec": 4.9870801033591725}}