{"0": {"start_sec": 2.0671834625322996, "end_sec": 5.167958656330749}}