{"0": {"start_sec": 1.6279069767441858, "end_sec": 4.263565891472868}, "1": {"start_sec": 8.578811369509044, "end_sec": 9.974160206718345}}