{"0": {"start_sec": 3.152454780361757, "end_sec": 5.8656330749354}}