{"0": {"start_sec": 3.3074935400516794, "end_sec": 4.289405684754522}}