{"0": {"start_sec": 0.0, "end_sec": 0.6718346253229973}, "1": {"start_sec": 1.7829457364341084, "end_sec": 6.511627906976743}}