{"0": {"start_sec": 2.144702842377261, "end_sec": 4.315245478036175}, "1": {"start_sec": 8.320413436692506, "end_sec": 9.974160206718345}}