{"0": {"start_sec": 2.9198966408268734, "end_sec": 7.441860465116279}}