{"0": {"start_sec": 2.144702842377261, "end_sec": 4.470284237726098}}