{"0": {"start_sec": 0.0, "end_sec": 3.2816537467700257}, "1": {"start_sec": 7.080103359173126, "end_sec": 9.974160206718345}}