{"0": {"start_sec": 2.739018087855297, "end_sec": 5.736434108527131}}