{"0": {"start_sec": 0.0, "end_sec": 6.3565891472868215}, "1": {"start_sec": 7.751937984496124, "end_sec": 9.974160206718345}}