{"0": {"start_sec": 0.5426356589147286, "end_sec": 3.333333333333333}, "1": {"start_sec": 5.297157622739018, "end_sec": 8.578811369509044}}