{"0": {"start_sec": 0.9043927648578811, "end_sec": 3.2816537467700257}}