{"0": {"start_sec": 0.0, "end_sec": 1.3953488372093021}, "1": {"start_sec": 2.248062015503876, "end_sec": 3.953488372093023}}