{"0": {"start_sec": 3.126614987080103, "end_sec": 5.400516795865633}}