{"0": {"start_sec": 1.8346253229974159, "end_sec": 3.7984496124031004}}