{"0": {"start_sec": 6.201550387596899, "end_sec": 7.803617571059431}}