{"0": {"start_sec": 1.912144702842377, "end_sec": 4.237726098191215}}