{"0": {"start_sec": 0.9043927648578811, "end_sec": 4.341085271317829}}