{"0": {"start_sec": 3.126614987080103, "end_sec": 6.046511627906976}}