{"0": {"start_sec": 2.739018087855297, "end_sec": 7.441860465116279}}