{"0": {"start_sec": 1.111111111111111, "end_sec": 3.4883720930232553}}