{"0": {"start_sec": 2.5064599483204133, "end_sec": 4.547803617571059}}