{"0": {"start_sec": 2.093023255813953, "end_sec": 4.289405684754522}}