{"0": {"start_sec": 3.229974160206718, "end_sec": 3.953488372093023}}