{"0": {"start_sec": 3.0749354005167957, "end_sec": 5.710594315245477}, "1": {"start_sec": 7.10594315245478, "end_sec": 8.21705426356589}}