{"0": {"start_sec": 2.8165374677002584, "end_sec": 4.160206718346253}}