{"0": {"start_sec": 3.4883720930232553, "end_sec": 6.408268733850129}}