{"0": {"start_sec": 2.041343669250646, "end_sec": 5.348837209302325}}