{"0": {"start_sec": 0.49095607235142114, "end_sec": 2.842377260981912}}