{"0": {"start_sec": 1.8863049095607234, "end_sec": 3.824289405684754}}