{"0": {"start_sec": 1.8346253229974159, "end_sec": 4.754521963824289}}