{"0": {"start_sec": 4.366925064599483, "end_sec": 5.116279069767441}, "1": {"start_sec": 7.7260981912144695, "end_sec": 9.974160206718345}}