{"0": {"start_sec": 3.5658914728682167, "end_sec": 5.684754521963824}}