{"0": {"start_sec": 1.9896640826873384, "end_sec": 7.1576227390180875}}