{"0": {"start_sec": 0.0, "end_sec": 0.5684754521963824}, "1": {"start_sec": 2.5839793281653747, "end_sec": 3.824289405684754}, "2": {"start_sec": 6.666666666666666, "end_sec": 9.974160206718345}}