{"0": {"start_sec": 3.3850129198966408, "end_sec": 9.664082687338501}}