{"0": {"start_sec": 2.093023255813953, "end_sec": 4.9870801033591725}}