{"0": {"start_sec": 5.9689922480620154, "end_sec": 8.63049095607235}}