{"0": {"start_sec": 8.191214470284237, "end_sec": 9.974160206718345}}