{"0": {"start_sec": 3.0749354005167957, "end_sec": 5.271317829457364}}