{"0": {"start_sec": 3.5142118863049094, "end_sec": 6.408268733850129}}