{"0": {"start_sec": 2.6098191214470283, "end_sec": 5.064599483204134}}