{"0": {"start_sec": 2.635658914728682, "end_sec": 4.263565891472868}}