{"0": {"start_sec": 2.325581395348837, "end_sec": 5.116279069767441}}