{"0": {"start_sec": 9.45736434108527, "end_sec": 9.974160206718345}}