{"0": {"start_sec": 2.4031007751937983, "end_sec": 7.1576227390180875}}