{"0": {"start_sec": 1.4728682170542635, "end_sec": 4.366925064599483}, "1": {"start_sec": 7.803617571059431, "end_sec": 9.121447028423772}}