{"0": {"start_sec": 2.428940568475452, "end_sec": 4.289405684754522}}