{"0": {"start_sec": 0.0, "end_sec": 0.23255813953488372}, "1": {"start_sec": 3.3850129198966408, "end_sec": 6.69250645994832}}