{"0": {"start_sec": 0.0, "end_sec": 0.7235142118863048}, "1": {"start_sec": 4.909560723514211, "end_sec": 6.175710594315245}}