{"0": {"start_sec": 2.2997416020671833, "end_sec": 3.2816537467700257}}