{"0": {"start_sec": 3.7984496124031004, "end_sec": 4.5994832041343665}}