{"0": {"start_sec": 1.5503875968992247, "end_sec": 3.4108527131782944}}