{"0": {"start_sec": 3.6175710594315245, "end_sec": 5.813953488372093}}