{"0": {"start_sec": 0.0, "end_sec": 0.9302325581395349}, "1": {"start_sec": 5.400516795865633, "end_sec": 7.260981912144702}}