{"0": {"start_sec": 2.9974160206718343, "end_sec": 4.0051679586563305}}