{"0": {"start_sec": 0.0, "end_sec": 0.5167958656330749}, "1": {"start_sec": 2.3772609819121446, "end_sec": 5.8656330749354}, "2": {"start_sec": 8.13953488372093, "end_sec": 9.974160206718345}}