{"0": {"start_sec": 2.428940568475452, "end_sec": 9.974160206718345}}