{"0": {"start_sec": 5.994832041343669, "end_sec": 9.974160206718345}}