{"0": {"start_sec": 0.0, "end_sec": 4.289405684754522}, "1": {"start_sec": 5.917312661498707, "end_sec": 7.648578811369508}, "2": {"start_sec": 8.604651162790697, "end_sec": 9.974160206718345}}