{"0": {"start_sec": 3.049095607235142, "end_sec": 3.4883720930232553}}