{"0": {"start_sec": 2.739018087855297, "end_sec": 5.813953488372093}, "1": {"start_sec": 8.010335917312661, "end_sec": 9.974160206718345}}