{"0": {"start_sec": 9.121447028423772, "end_sec": 9.974160206718345}}