{"0": {"start_sec": 1.7829457364341084, "end_sec": 6.098191214470284}}