{"0": {"start_sec": 3.2558139534883717, "end_sec": 8.113695090439276}}