{"0": {"start_sec": 3.333333333333333, "end_sec": 7.958656330749354}}