{"0": {"start_sec": 2.7648578811369506, "end_sec": 4.857881136950904}}