{"0": {"start_sec": 2.6614987080103356, "end_sec": 7.467700258397932}}