{"0": {"start_sec": 1.2919896640826873, "end_sec": 5.012919896640827}}