{"0": {"start_sec": 2.9715762273901807, "end_sec": 3.229974160206718}}