{"0": {"start_sec": 0.0, "end_sec": 0.5684754521963824}, "1": {"start_sec": 1.4470284237726097, "end_sec": 4.470284237726098}, "2": {"start_sec": 6.201550387596899, "end_sec": 9.974160206718345}}