{"0": {"start_sec": 2.7648578811369506, "end_sec": 4.237726098191215}}