{"0": {"start_sec": 2.2997416020671833, "end_sec": 5.633074935400517}}