{"0": {"start_sec": 0.0, "end_sec": 3.927648578811369}, "1": {"start_sec": 6.89922480620155, "end_sec": 9.974160206718345}}