{"0": {"start_sec": 5.478036175710594, "end_sec": 7.5452196382428935}}