{"0": {"start_sec": 0.0, "end_sec": 0.7235142118863048}, "1": {"start_sec": 1.8087855297157622, "end_sec": 3.6950904392764854}, "2": {"start_sec": 8.165374677002584, "end_sec": 9.974160206718345}}