{"0": {"start_sec": 2.1188630490956073, "end_sec": 6.537467700258397}}