{"0": {"start_sec": 2.222222222222222, "end_sec": 8.372093023255813}}