{"0": {"start_sec": 0.0, "end_sec": 0.6201550387596899}, "1": {"start_sec": 2.8940568475452193, "end_sec": 6.589147286821705}}