{"0": {"start_sec": 0.0, "end_sec": 6.201550387596899}, "1": {"start_sec": 7.648578811369508, "end_sec": 9.974160206718345}}