{"0": {"start_sec": 2.1188630490956073, "end_sec": 9.974160206718345}}