{"0": {"start_sec": 1.524547803617571, "end_sec": 3.4883720930232553}}