{"0": {"start_sec": 0.8527131782945736, "end_sec": 8.423772609819121}}