{"0": {"start_sec": 2.4547803617571056, "end_sec": 5.400516795865633}}