{"0": {"start_sec": 2.428940568475452, "end_sec": 7.209302325581395}}