{"0": {"start_sec": 3.2041343669250644, "end_sec": 7.10594315245478}}