{"0": {"start_sec": 4.160206718346253, "end_sec": 4.677002583979328}}