{"0": {"start_sec": 2.9974160206718343, "end_sec": 6.459948320413436}, "1": {"start_sec": 9.095607235142118, "end_sec": 9.974160206718345}}