{"0": {"start_sec": 2.8165374677002584, "end_sec": 3.875968992248062}}