{"0": {"start_sec": 3.0749354005167957, "end_sec": 6.07235142118863}}