{"0": {"start_sec": 0.0, "end_sec": 0.5167958656330749}, "1": {"start_sec": 8.708010335917312, "end_sec": 9.974160206718345}}