{"0": {"start_sec": 2.1705426356589146, "end_sec": 3.1782945736434107}}