{"0": {"start_sec": 0.0, "end_sec": 4.134366925064599}, "1": {"start_sec": 9.147286821705425, "end_sec": 9.974160206718345}}