{"0": {"start_sec": 2.248062015503876, "end_sec": 6.3565891472868215}}