{"0": {"start_sec": 5.710594315245477, "end_sec": 8.578811369509044}}