{"0": {"start_sec": 2.8940568475452193, "end_sec": 4.677002583979328}}