{"0": {"start_sec": 1.0335917312661498, "end_sec": 9.974160206718345}}