{"0": {"start_sec": 2.5064599483204133, "end_sec": 3.953488372093023}}