{"0": {"start_sec": 3.152454780361757, "end_sec": 6.124031007751937}}