{"0": {"start_sec": 0.0, "end_sec": 1.8087855297157622}, "1": {"start_sec": 2.2997416020671833, "end_sec": 5.064599483204134}}