{"0": {"start_sec": 2.4806201550387597, "end_sec": 8.863049095607234}}