{"0": {"start_sec": 0.9302325581395349, "end_sec": 9.974160206718345}}