{"0": {"start_sec": 3.3591731266149867, "end_sec": 4.754521963824289}}