{"0": {"start_sec": 0.6201550387596899, "end_sec": 5.24547803617571}}