{"0": {"start_sec": 1.8087855297157622, "end_sec": 3.152454780361757}, "1": {"start_sec": 6.098191214470284, "end_sec": 9.224806201550386}}