{"0": {"start_sec": 2.4031007751937983, "end_sec": 4.961240310077519}}