{"0": {"start_sec": 7.183462532299741, "end_sec": 9.974160206718345}}