{"0": {"start_sec": 1.2661498708010335, "end_sec": 3.540051679586563}}