{"0": {"start_sec": 1.1886304909560723, "end_sec": 8.449612403100774}}