{"0": {"start_sec": 3.824289405684754, "end_sec": 5.917312661498707}}