{"0": {"start_sec": 0.0, "end_sec": 0.31007751937984496}, "1": {"start_sec": 2.6098191214470283, "end_sec": 4.677002583979328}}