{"0": {"start_sec": 0.31007751937984496, "end_sec": 3.746770025839793}, "1": {"start_sec": 8.966408268733849, "end_sec": 9.974160206718345}}