{"0": {"start_sec": 0.0, "end_sec": 0.9043927648578811}, "1": {"start_sec": 3.2041343669250644, "end_sec": 6.9509043927648575}, "2": {"start_sec": 8.552971576227389, "end_sec": 9.974160206718345}}