{"0": {"start_sec": 3.126614987080103, "end_sec": 4.444444444444444}}