{"0": {"start_sec": 2.739018087855297, "end_sec": 3.6175710594315245}}