{"0": {"start_sec": 1.6537467700258397, "end_sec": 6.124031007751937}}