{"0": {"start_sec": 2.0155038759689923, "end_sec": 6.511627906976743}}