{"0": {"start_sec": 1.4987080103359172, "end_sec": 4.496124031007752}}