{"0": {"start_sec": 2.6098191214470283, "end_sec": 5.193798449612403}}