{"0": {"start_sec": 0.0, "end_sec": 4.2118863049095605}, "1": {"start_sec": 4.909560723514211, "end_sec": 7.648578811369508}}