{"0": {"start_sec": 3.023255813953488, "end_sec": 3.4108527131782944}}