{"0": {"start_sec": 0.0, "end_sec": 0.38759689922480617}, "1": {"start_sec": 2.8940568475452193, "end_sec": 4.3927648578811365}}