{"0": {"start_sec": 2.739018087855297, "end_sec": 8.397932816537468}}