{"0": {"start_sec": 0.20671834625322996, "end_sec": 1.421188630490956}, "1": {"start_sec": 5.813953488372093, "end_sec": 9.276485788113694}}