{"0": {"start_sec": 0.0, "end_sec": 1.8863049095607234}, "1": {"start_sec": 3.152454780361757, "end_sec": 9.974160206718345}}