{"0": {"start_sec": 2.635658914728682, "end_sec": 6.149870801033591}}