{"0": {"start_sec": 2.7131782945736433, "end_sec": 3.979328165374677}}