{"0": {"start_sec": 2.5581395348837206, "end_sec": 4.573643410852712}}