{"0": {"start_sec": 1.6279069767441858, "end_sec": 9.974160206718345}}