{"0": {"start_sec": 0.6459948320413437, "end_sec": 9.974160206718345}}