{"0": {"start_sec": 1.1369509043927648, "end_sec": 5.24547803617571}}