{"0": {"start_sec": 1.7054263565891472, "end_sec": 6.718346253229973}}