{"0": {"start_sec": 1.4728682170542635, "end_sec": 3.7726098191214468}}