{"0": {"start_sec": 9.018087855297157, "end_sec": 9.974160206718345}}