{"0": {"start_sec": 1.317829457364341, "end_sec": 4.186046511627906}}