{"0": {"start_sec": 0.7751937984496123, "end_sec": 4.186046511627906}, "1": {"start_sec": 6.821705426356589, "end_sec": 7.829457364341085}}