{"0": {"start_sec": 1.6020671834625322, "end_sec": 6.925064599483203}}