{"0": {"start_sec": 3.9018087855297154, "end_sec": 5.633074935400517}}