{"0": {"start_sec": 2.222222222222222, "end_sec": 4.444444444444444}}