{"0": {"start_sec": 2.4547803617571056, "end_sec": 4.444444444444444}}