{"0": {"start_sec": 1.5503875968992247, "end_sec": 4.7803617571059425}, "1": {"start_sec": 9.198966408268733, "end_sec": 9.974160206718345}}