{"0": {"start_sec": 1.421188630490956, "end_sec": 7.906976744186046}}