{"0": {"start_sec": 0.0, "end_sec": 0.38759689922480617}, "1": {"start_sec": 6.07235142118863, "end_sec": 9.974160206718345}}