{"0": {"start_sec": 0.0, "end_sec": 0.9560723514211885}, "1": {"start_sec": 8.320413436692506, "end_sec": 9.974160206718345}}