{"0": {"start_sec": 7.958656330749354, "end_sec": 9.974160206718345}}