{"0": {"start_sec": 3.1007751937984493, "end_sec": 4.2118863049095605}}