{"0": {"start_sec": 2.7906976744186043, "end_sec": 4.3927648578811365}}