{"0": {"start_sec": 1.7054263565891472, "end_sec": 7.1317829457364335}}