{"0": {"start_sec": 3.229974160206718, "end_sec": 5.3746770025839785}}