{"0": {"start_sec": 7.054263565891472, "end_sec": 8.940568475452196}}