{"0": {"start_sec": 0.8268733850129198, "end_sec": 7.7260981912144695}}