{"0": {"start_sec": 2.842377260981912, "end_sec": 6.7700258397932815}}