{"0": {"start_sec": 1.9638242894056845, "end_sec": 5.193798449612403}, "1": {"start_sec": 6.821705426356589, "end_sec": 9.974160206718345}}