{"0": {"start_sec": 3.4625322997416017, "end_sec": 9.974160206718345}}