{"0": {"start_sec": 3.5142118863049094, "end_sec": 7.390180878552971}}