{"0": {"start_sec": 0.6976744186046511, "end_sec": 5.503875968992248}, "1": {"start_sec": 7.5452196382428935, "end_sec": 9.974160206718345}}