{"0": {"start_sec": 0.5684754521963824, "end_sec": 1.9896640826873384}}