{"0": {"start_sec": 0.0, "end_sec": 0.49095607235142114}, "1": {"start_sec": 2.5581395348837206, "end_sec": 5.529715762273901}, "2": {"start_sec": 8.21705426356589, "end_sec": 9.974160206718345}}