{"0": {"start_sec": 2.6614987080103356, "end_sec": 4.056847545219638}}