{"0": {"start_sec": 1.9638242894056845, "end_sec": 4.573643410852712}, "1": {"start_sec": 8.34625322997416, "end_sec": 9.974160206718345}}