{"0": {"start_sec": 4.341085271317829, "end_sec": 8.036175710594314}}