{"0": {"start_sec": 1.7571059431524547, "end_sec": 6.459948320413436}}