{"0": {"start_sec": 3.333333333333333, "end_sec": 5.633074935400517}, "1": {"start_sec": 9.741602067183463, "end_sec": 9.974160206718345}}