{"0": {"start_sec": 0.0, "end_sec": 0.3617571059431524}, "1": {"start_sec": 2.842377260981912, "end_sec": 5.219638242894057}}