{"0": {"start_sec": 1.9896640826873384, "end_sec": 6.48578811369509}}