{"0": {"start_sec": 0.0, "end_sec": 2.9715762273901807}, "1": {"start_sec": 5.090439276485788, "end_sec": 9.974160206718345}}