{"0": {"start_sec": 2.1188630490956073, "end_sec": 4.573643410852712}}