{"0": {"start_sec": 6.89922480620155, "end_sec": 7.5193798449612395}}