{"0": {"start_sec": 3.7726098191214468, "end_sec": 4.625322997416021}}