{"0": {"start_sec": 0.6459948320413437, "end_sec": 4.728682170542635}, "1": {"start_sec": 7.596899224806201, "end_sec": 9.974160206718345}}