{"0": {"start_sec": 6.124031007751937, "end_sec": 6.666666666666666}}