{"0": {"start_sec": 0.9302325581395349, "end_sec": 5.45219638242894}}