{"0": {"start_sec": 0.9560723514211885, "end_sec": 6.5633074935400515}}