{"0": {"start_sec": 0.0, "end_sec": 2.093023255813953}, "1": {"start_sec": 2.739018087855297, "end_sec": 5.813953488372093}, "2": {"start_sec": 6.821705426356589, "end_sec": 9.974160206718345}}