{"0": {"start_sec": 0.0, "end_sec": 0.5426356589147286}, "1": {"start_sec": 3.436692506459948, "end_sec": 6.459948320413436}, "2": {"start_sec": 8.785529715762273, "end_sec": 9.974160206718345}}