{"0": {"start_sec": 0.0, "end_sec": 2.351421188630491}, "1": {"start_sec": 5.24547803617571, "end_sec": 9.974160206718345}}