{"0": {"start_sec": 0.0, "end_sec": 3.6175710594315245}, "1": {"start_sec": 7.028423772609819, "end_sec": 9.974160206718345}}