{"0": {"start_sec": 2.635658914728682, "end_sec": 5.348837209302325}}