{"0": {"start_sec": 5.788113695090439, "end_sec": 9.974160206718345}}