{"0": {"start_sec": 1.0594315245478036, "end_sec": 4.108527131782945}, "1": {"start_sec": 5.167958656330749, "end_sec": 9.974160206718345}}