{"0": {"start_sec": 0.0, "end_sec": 0.5426356589147286}, "1": {"start_sec": 3.4625322997416017, "end_sec": 4.289405684754522}}