{"0": {"start_sec": 1.421188630490956, "end_sec": 3.5142118863049094}}