{"0": {"start_sec": 1.9896640826873384, "end_sec": 4.935400516795865}}