{"0": {"start_sec": 0.0, "end_sec": 0.4392764857881137}, "1": {"start_sec": 3.4883720930232553, "end_sec": 5.65891472868217}}