{"0": {"start_sec": 3.1007751937984493, "end_sec": 5.529715762273901}}