{"0": {"start_sec": 2.6873385012919893, "end_sec": 3.850129198966408}, "1": {"start_sec": 8.423772609819121, "end_sec": 9.974160206718345}}