{"0": {"start_sec": 2.325581395348837, "end_sec": 4.935400516795865}}