{"0": {"start_sec": 35.95702005730659, "end_sec": 36.35816618911175}, "1": {"start_sec": 37.82808022922636, "end_sec": 38.40974212034384}, "2": {"start_sec": 85.77650429799426, "end_sec": 86.83954154727793}, "3": {"start_sec": 128.83094555873924, "end_sec": 129.49283667621776}, "4": {"start_sec": 154.59312320916905, "end_sec": 155.55587392550143}, "5": {"start_sec": 189.55300859598853, "end_sec": 190.35530085959886}, "6": {"start_sec": 212.40687679083095, "end_sec": 213.9111747851003}, "7": {"start_sec": 231.19770773638967, "end_sec": 232.16618911174785}, "8": {"start_sec": 232.4269340974212, "end_sec": 237.74785100286533}, "9": {"start_sec": 238.97134670487105, "end_sec": 240.63610315186247}, "10": {"start_sec": 240.8624641833811, "end_sec": 244.39255014326648}, "11": {"start_sec": 245.46131805157594, "end_sec": 247.46704871060172}, "12": {"start_sec": 248.55014326647566, "end_sec": 250.25501432664757}, "13": {"start_sec": 264.0916905444126, "end_sec": 265.1948424068768}, "14": {"start_sec": 265.79656160458455, "end_sec": 266.8395415472779}, "15": {"start_sec": 277.2063037249284, "end_sec": 278.4297994269341}, "16": {"start_sec": 279.6131805157593, "end_sec": 280.24068767908307}, "17": {"start_sec": 282.4269340974212, "end_sec": 286.29799426934096}, "18": {"start_sec": 286.5644699140401, "end_sec": 287.1661891117478}, "19": {"start_sec": 288.1489971346705, "end_sec": 289.89398280802294}, "20": {"start_sec": 292.647564469914, "end_sec": 293.10888252149}, "21": {"start_sec": 296.4040114613181, "end_sec": 298.0487106017192}, "22": {"start_sec": 298.9111747851003, "end_sec": 301.6647564469914}, "23": {"start_sec": 310.4212034383954, "end_sec": 311.88538681948427}, "24": {"start_sec": 312.22636103151865, "end_sec": 314.2120343839542}, "25": {"start_sec": 315.63610315186247, "end_sec": 317.2865329512894}, "26": {"start_sec": 366.01719197707735, "end_sec": 367.24641833810887}, "27": {"start_sec": 371.01719197707735, "end_sec": 371.68481375358164}, "28": {"start_sec": 391.5587392550143, "end_sec": 391.87965616045847}, "29": {"start_sec": 396.0028653295129, "end_sec": 396.3839541547278}, "30": {"start_sec": 421.8051575931232, "end_sec": 422.12607449856733}, "31": {"start_sec": 423.65042979942695, "end_sec": 423.93123209169056}, "32": {"start_sec": 427.68767908309457, "end_sec": 428.2893982808023}, "33": {"start_sec": 428.5300859598854, "end_sec": 430.37535816618913}, "34": {"start_sec": 433.7507163323782, "end_sec": 436.49856733524354}, "35": {"start_sec": 440.0143266475645, "end_sec": 440.83667621776505}, "36": {"start_sec": 443.269340974212, "end_sec": 446.2378223495702}, "37": {"start_sec": 448.3896848137536, "end_sec": 451.1031518624642}, "38": {"start_sec": 463.8510028653295, "end_sec": 464.13180515759313}, "39": {"start_sec": 464.3724928366762, "end_sec": 465.9627507163324}, "40": {"start_sec": 474.27220630372494, "end_sec": 476.0028653295129}, "41": {"start_sec": 484.87392550143267, "end_sec": 485.1948424068768}, "42": {"start_sec": 519.8137535816619, "end_sec": 520.9570200573066}, "43": {"start_sec": 521.6246418338109, "end_sec": 522.9684813753581}, "44": {"start_sec": 583.9312320916905, "end_sec": 584.6131805157593}, "45": {"start_sec": 590.7163323782235, "end_sec": 591.0171919770773}, "46": {"start_sec": 606.243553008596, "end_sec": 606.8452722063038}, "47": {"start_sec": 635.1805157593124, "end_sec": 635.9828080229227}, "48": {"start_sec": 651.163323782235, "end_sec": 652.4670487106017}, "49": {"start_sec": 656.7249283667621, "end_sec": 657.3065902578796}, "50": {"start_sec": 657.567335243553, "end_sec": 658.7908309455587}, "51": {"start_sec": 660.4212034383954, "end_sec": 660.9627507163324}, "52": {"start_sec": 711.9656160458453, "end_sec": 712.3467048710602}, "53": {"start_sec": 797.8280802292263, "end_sec": 798.7908309455587}, "54": {"start_sec": 799.9140401146132, "end_sec": 801.458452722063}, "55": {"start_sec": 893.189111747851, "end_sec": 894.3123209169055}, "56": {"start_sec": 908.6504297994269, "end_sec": 909.1318051575931}, "57": {"start_sec": 963.3696275071633, "end_sec": 963.730659025788}, "58": {"start_sec": 1152.266475644699, "end_sec": 1152.8681948424069}, "59": {"start_sec": 1157.948424068768, "end_sec": 1159.753581661891}, "60": {"start_sec": 1161.1232091690545, "end_sec": 1163.7507163323783}, "61": {"start_sec": 1166.2836676217764, "end_sec": 1166.624641833811}, "62": {"start_sec": 1297.1461318051577, "end_sec": 1297.3467048710602}, "63": {"start_sec": 1429.6332378223497, "end_sec": 1429.8338108882522}, "64": {"start_sec": 1460.4813753581661, "end_sec": 1460.702005730659}, "65": {"start_sec": 1529.8538681948423, "end_sec": 1530.194842406877}, "66": {"start_sec": 1531.6848137535817, "end_sec": 1533.6704871060172}, "67": {"start_sec": 1535.942693409742, "end_sec": 1537.6074498567336}, "68": {"start_sec": 1580.9025787965616, "end_sec": 1581.6045845272206}, "69": {"start_sec": 1689.6532951289398, "end_sec": 1691.137535816619}, "70": {"start_sec": 1696.865329512894, "end_sec": 1699.6934097421204}, "71": {"start_sec": 1700.3209169054442, "end_sec": 1702.9283667621776}, "72": {"start_sec": 1717.1260744985673, "end_sec": 1717.9083094555874}, "73": {"start_sec": 1721.4441260744986, "end_sec": 1722.406876790831}, "74": {"start_sec": 1729.67335243553, "end_sec": 1730.7965616045844}, "75": {"start_sec": 1732.7679083094556, "end_sec": 1736.785100286533}, "76": {"start_sec": 1741.057306590258, "end_sec": 1742.1260744985673}, "77": {"start_sec": 1744.6131805157593, "end_sec": 1745.3151862464183}, "78": {"start_sec": 1753.0085959885387, "end_sec": 1755.054441260745}, "79": {"start_sec": 1766.945558739255, "end_sec": 1767.5873925501432}, "80": {"start_sec": 1768.7507163323783, "end_sec": 1771.2177650429799}, "81": {"start_sec": 1785.194842406877, "end_sec": 1785.7163323782236}}