{"0": {"start_sec": 20.736389684813755, "end_sec": 21.71919770773639}, "1": {"start_sec": 22.76790830945559, "end_sec": 23.32951289398281}, "2": {"start_sec": 46.2836676217765, "end_sec": 47.106017191977074}, "3": {"start_sec": 51.54441260744986, "end_sec": 53.79083094555874}, "4": {"start_sec": 69.15186246418338, "end_sec": 69.45272206303724}, "5": {"start_sec": 71.13753581661891, "end_sec": 73.26934097421203}, "6": {"start_sec": 74.39255014326648, "end_sec": 75.39541547277938}, "7": {"start_sec": 120.46131805157593, "end_sec": 121.26361031518624}, "8": {"start_sec": 122.84813753581662, "end_sec": 123.4297994269341}, "9": {"start_sec": 136.88538681948424, "end_sec": 137.4269340974212}, "10": {"start_sec": 145.72206303724928, "end_sec": 146.1031518624642}, "11": {"start_sec": 173.2893982808023, "end_sec": 175.01432664756447}, "12": {"start_sec": 175.4355300859599, "end_sec": 176.1375358166189}, "13": {"start_sec": 177.567335243553, "end_sec": 178.40974212034385}, "14": {"start_sec": 187.30659025787966, "end_sec": 188.83094555873924}, "15": {"start_sec": 189.35243553008596, "end_sec": 189.65329512893982}, "16": {"start_sec": 190.15472779369628, "end_sec": 190.41547277936962}, "17": {"start_sec": 195.87679083094557, "end_sec": 197.30659025787966}, "18": {"start_sec": 198.40974212034385, "end_sec": 199.27220630372494}, "19": {"start_sec": 215.0, "end_sec": 216.98567335243553}, "20": {"start_sec": 229.49283667621776, "end_sec": 230.59598853868195}, "21": {"start_sec": 232.64756446991404, "end_sec": 234.17191977077363}, "22": {"start_sec": 237.78796561604585, "end_sec": 241.17765042979943}, "23": {"start_sec": 242.76790830945558, "end_sec": 244.79369627507162}, "24": {"start_sec": 245.44126074498567, "end_sec": 246.53868194842406}, "25": {"start_sec": 249.3323782234957, "end_sec": 251.46418338108882}, "26": {"start_sec": 251.68481375358166, "end_sec": 252.62750716332377}, "27": {"start_sec": 252.90830945558739, "end_sec": 253.22922636103152}, "28": {"start_sec": 254.09169054441261, "end_sec": 254.39255014326648}, "29": {"start_sec": 255.7621776504298, "end_sec": 256.46418338108884}, "30": {"start_sec": 258.730659025788, "end_sec": 259.59312320916905}, "31": {"start_sec": 261.5845272206304, "end_sec": 262.9083094555874}, "32": {"start_sec": 263.34957020057305, "end_sec": 265.51575931232094}, "33": {"start_sec": 270.70200573065904, "end_sec": 272.54727793696276}, "34": {"start_sec": 273.8510028653295, "end_sec": 274.41260744985675}, "35": {"start_sec": 276.50429799426934, "end_sec": 278.02865329512895}, "36": {"start_sec": 279.13180515759313, "end_sec": 279.4727793696275}, "37": {"start_sec": 280.6618911174785, "end_sec": 281.2836676217765}, "38": {"start_sec": 334.2320916905444, "end_sec": 335.56160458452723}, "39": {"start_sec": 335.7822349570201, "end_sec": 338.2492836676218}, "40": {"start_sec": 342.10601719197706, "end_sec": 342.3868194842407}, "41": {"start_sec": 351.75931232091693, "end_sec": 351.9799426934097}, "42": {"start_sec": 368.9914040114613, "end_sec": 371.0372492836676}, "43": {"start_sec": 383.0085959885387, "end_sec": 383.63037249283667}, "44": {"start_sec": 385.37535816618913, "end_sec": 385.81661891117477}, "45": {"start_sec": 395.1547277936963, "end_sec": 396.45845272206304}, "46": {"start_sec": 401.12320916905446, "end_sec": 401.54441260744983}, "47": {"start_sec": 405.56160458452723, "end_sec": 405.88252148997134}, "48": {"start_sec": 413.81088825214897, "end_sec": 414.2320916905444}, "49": {"start_sec": 432.1862464183381, "end_sec": 433.83094555873924}, "50": {"start_sec": 438.20916905444125, "end_sec": 445.4154727793696}, "51": {"start_sec": 446.34383954154725, "end_sec": 452.6676217765043}, "52": {"start_sec": 455.9426934097421, "end_sec": 456.3839541547278}, "53": {"start_sec": 521.4040114613181, "end_sec": 521.8997134670487}, "54": {"start_sec": 525.2607449856733, "end_sec": 528.5300859598854}, "55": {"start_sec": 576.5845272206303, "end_sec": 579.2521489971347}, "56": {"start_sec": 596.1776504297994, "end_sec": 596.6790830945558}, "57": {"start_sec": 672.6475644699141, "end_sec": 679.1518624641834}, "58": {"start_sec": 681.21776504298, "end_sec": 684.3323782234957}, "59": {"start_sec": 684.5329512893983, "end_sec": 685.3553008595989}, "60": {"start_sec": 692.2464183381089, "end_sec": 695.3352435530086}, "61": {"start_sec": 696.243553008596, "end_sec": 701.9656160458453}, "62": {"start_sec": 759.7736389684814, "end_sec": 764.974212034384}, "63": {"start_sec": 796.6246418338109, "end_sec": 796.8653295128939}, "64": {"start_sec": 828.8510028653295, "end_sec": 830.054441260745}, "65": {"start_sec": 831.6045845272206, "end_sec": 832.7077363896848}, "66": {"start_sec": 846.0830945558739, "end_sec": 846.3782234957021}, "67": {"start_sec": 854.512893982808, "end_sec": 855.3352435530086}, "68": {"start_sec": 860.1346704871061, "end_sec": 862.9885386819484}, "69": {"start_sec": 865.0401146131805, "end_sec": 865.3008595988539}, "70": {"start_sec": 865.9828080229227, "end_sec": 866.7449856733524}, "71": {"start_sec": 874.5730659025788, "end_sec": 876.297994269341}, "72": {"start_sec": 877.0659025787966, "end_sec": 878.5501432664756}, "73": {"start_sec": 879.2722063037249, "end_sec": 879.7335243553009}, "74": {"start_sec": 881.4383954154728, "end_sec": 881.6790830945558}, "75": {"start_sec": 882.6275071633238, "end_sec": 888.5501432664756}, "76": {"start_sec": 906.243553008596, "end_sec": 906.5845272206303}, "77": {"start_sec": 911.9054441260745, "end_sec": 916.7793696275072}, "78": {"start_sec": 917.2263610315186, "end_sec": 919.0114613180516}, "79": {"start_sec": 920.5214899713467, "end_sec": 922.3868194842407}, "80": {"start_sec": 932.025787965616, "end_sec": 933.1289398280802}, "81": {"start_sec": 961.6848137535817, "end_sec": 963.269340974212}, "82": {"start_sec": 963.7507163323783, "end_sec": 964.3524355300859}, "83": {"start_sec": 967.8481375358166, "end_sec": 968.730659025788}, "84": {"start_sec": 971.0573065902579, "end_sec": 973.1690544412608}, "85": {"start_sec": 973.971346704871, "end_sec": 974.9340974212034}, "86": {"start_sec": 975.7965616045846, "end_sec": 976.5644699140402}, "87": {"start_sec": 976.8051575931232, "end_sec": 977.6475644699141}, "88": {"start_sec": 977.9083094555874, "end_sec": 978.2292263610315}, "89": {"start_sec": 1002.7879656160459, "end_sec": 1003.8309455587392}, "90": {"start_sec": 1020.0401146131805, "end_sec": 1020.4011461318051}, "91": {"start_sec": 1070.4555873925501, "end_sec": 1071.4842406876792}, "92": {"start_sec": 1073.0888252148998, "end_sec": 1073.4699140401146}, "93": {"start_sec": 1074.352435530086, "end_sec": 1075.5157593123208}, "94": {"start_sec": 1075.836676217765, "end_sec": 1076.297994269341}, "95": {"start_sec": 1077.7879656160458, "end_sec": 1079.3123209169055}, "96": {"start_sec": 1089.2521489971348, "end_sec": 1090.1547277936963}, "97": {"start_sec": 1094.7936962750716, "end_sec": 1095.9627507163323}, "98": {"start_sec": 1101.2034383954156, "end_sec": 1101.6446991404011}, "99": {"start_sec": 1102.2263610315185, "end_sec": 1102.487106017192}, "100": {"start_sec": 1110.5014326647565, "end_sec": 1112.5071633237822}, "101": {"start_sec": 1118.9111747851002, "end_sec": 1119.2120343839542}, "102": {"start_sec": 1145.6160458452723, "end_sec": 1147.0859598853867}, "103": {"start_sec": 1147.3868194842407, "end_sec": 1148.4899713467048}, "104": {"start_sec": 1149.753581661891, "end_sec": 1150.7163323782236}, "105": {"start_sec": 1212.0458452722064, "end_sec": 1212.2865329512895}, "106": {"start_sec": 1213.0487106017192, "end_sec": 1215.595988538682}, "107": {"start_sec": 1254.272206303725, "end_sec": 1256.0171919770773}, "108": {"start_sec": 1256.4240687679082, "end_sec": 1257.2063037249284}, "109": {"start_sec": 1261.3839541547277, "end_sec": 1262.3065902578796}, "110": {"start_sec": 1276.404011461318, "end_sec": 1276.7650429799428}, "111": {"start_sec": 1277.1260744985673, "end_sec": 1277.8280802292263}, "112": {"start_sec": 1279.272206303725, "end_sec": 1280.3553008595989},