{"0": {"start_sec": 3.5902578796561606, "end_sec": 5.7163323782234965}, "1": {"start_sec": 6.2979942693409745, "end_sec": 7.08595988538682}, "2": {"start_sec": 9.432664756446993, "end_sec": 11.063037249283667}, "3": {"start_sec": 14.974212034383955, "end_sec": 15.39541547277937}, "4": {"start_sec": 20.214899713467048, "end_sec": 23.610315186246417}, "5": {"start_sec": 27.84813753581662, "end_sec": 30.174785100286535}, "6": {"start_sec": 35.616045845272204, "end_sec": 35.99713467048711}, "7": {"start_sec": 40.98280802292263, "end_sec": 42.767908309455585}, "8": {"start_sec": 43.85100286532951, "end_sec": 44.11174785100287}, "9": {"start_sec": 181.4240687679083, "end_sec": 183.36962750716333}, "10": {"start_sec": 184.27220630372494, "end_sec": 186.04297994269342}, "11": {"start_sec": 228.3295128939828, "end_sec": 229.47277936962752}, "12": {"start_sec": 244.6733524355301, "end_sec": 248.02865329512895}, "13": {"start_sec": 249.77363896848138, "end_sec": 250.68194842406876}, "14": {"start_sec": 251.20343839541547, "end_sec": 251.4240687679083}, "15": {"start_sec": 367.58739255014325, "end_sec": 368.69054441260744}, "16": {"start_sec": 435.53581661891116, "end_sec": 435.7765042979943}, "17": {"start_sec": 467.7879656160458, "end_sec": 468.16905444126076}, "18": {"start_sec": 504.27220630372494, "end_sec": 505.05444126074497}, "19": {"start_sec": 506.5845272206304, "end_sec": 507.58739255014325}, "20": {"start_sec": 508.63037249283667, "end_sec": 510.2349570200573}, "21": {"start_sec": 511.01719197707735, "end_sec": 512.025787965616}, "22": {"start_sec": 513.1088825214899, "end_sec": 517.6275071633238}, "23": {"start_sec": 524.6332378223495, "end_sec": 526.6790830945558}, "24": {"start_sec": 647.1661891117478, "end_sec": 647.5272206303725}, "25": {"start_sec": 670.8825214899714, "end_sec": 672.567335243553}, "26": {"start_sec": 675.6418338108882, "end_sec": 675.9226361031518}, "27": {"start_sec": 676.5444126074499, "end_sec": 678.2292263610315}, "28": {"start_sec": 886.2378223495703, "end_sec": 888.0888252148997}, "29": {"start_sec": 888.5702005730659, "end_sec": 889.9541547277937}, "30": {"start_sec": 936.1776504297994, "end_sec": 936.9799426934097}, "31": {"start_sec": 937.3065902578796, "end_sec": 938.0888252148997}, "32": {"start_sec": 939.0916905444126, "end_sec": 940.5014326647564}, "33": {"start_sec": 940.8825214899714, "end_sec": 941.8595988538682}, "34": {"start_sec": 965.5759312320916, "end_sec": 966.8194842406876}, "35": {"start_sec": 969.974212034384, "end_sec": 971.4383954154728}, "36": {"start_sec": 971.6647564469914, "end_sec": 974.8137535816619}, "37": {"start_sec": 977.6676217765043, "end_sec": 979.2120343839541}, "38": {"start_sec": 979.4928366762177, "end_sec": 979.7736389684814}, "39": {"start_sec": 981.323782234957, "end_sec": 981.9799426934097}, "40": {"start_sec": 991.1833810888252, "end_sec": 991.9598853868195}, "41": {"start_sec": 992.8080229226362, "end_sec": 993.971346704871}, "42": {"start_sec": 994.3925501432665, "end_sec": 994.6131805157593}, "43": {"start_sec": 996.3037249283668, "end_sec": 998.6103151862465}, "44": {"start_sec": 1012.6074498567335, "end_sec": 1013.1088825214899}, "45": {"start_sec": 1014.1518624641834, "end_sec": 1016.3839541547278}, "46": {"start_sec": 1024.1318051575931, "end_sec": 1024.733524355301}, "47": {"start_sec": 1027.246418338109, "end_sec": 1028.2292263610316}, "48": {"start_sec": 1040.862464183381, "end_sec": 1041.083094555874}, "49": {"start_sec": 1062.647564469914, "end_sec": 1062.9083094555874}, "50": {"start_sec": 1093.3896848137535, "end_sec": 1096.458452722063}, "51": {"start_sec": 1126.404011461318, "end_sec": 1129.974212034384}, "52": {"start_sec": 1166.759312320917, "end_sec": 1166.9598853868195}, "53": {"start_sec": 1168.3896848137535, "end_sec": 1170.43553008596}, "54": {"start_sec": 1174.6532951289398, "end_sec": 1175.9971346704872}, "55": {"start_sec": 1179.4527220630373, "end_sec": 1180.6819484240689}, "56": {"start_sec": 1184.0315186246419, "end_sec": 1184.512893982808}, "57": {"start_sec": 1199.9340974212034, "end_sec": 1200.2349570200572}, "58": {"start_sec": 1201.3037249283668, "end_sec": 1201.5186246418339}, "59": {"start_sec": 1207.6876790830945, "end_sec": 1208.3696275071634}, "60": {"start_sec": 1275.6160458452723, "end_sec": 1278.0687679083094}, "61": {"start_sec": 1278.2893982808023, "end_sec": 1278.4899713467048}, "62": {"start_sec": 1279.4727793696275, "end_sec": 1280.3553008595989}, "63": {"start_sec": 1280.6561604584526, "end_sec": 1280.9369627507162}, "64": {"start_sec": 1349.4126074498568, "end_sec": 1350.2750716332378}, "65": {"start_sec": 1411.4240687679082, "end_sec": 1412.4670487106018}, "66": {"start_sec": 1424.753581661891, "end_sec": 1428.3696275071634}, "67": {"start_sec": 1428.6303724928366, "end_sec": 1429.0916905444126}, "68": {"start_sec": 1439.9340974212034, "end_sec": 1442.647564469914}, "69": {"start_sec": 1443.0085959885387, "end_sec": 1443.6704871060172}, "70": {"start_sec": 1444.0315186246419, "end_sec": 1444.4928366762178}, "71": {"start_sec": 1454.512893982808, "end_sec": 1454.9340974212034}, "72": {"start_sec": 1460.0343839541547, "end_sec": 1463.3896848137535}, "73": {"start_sec": 1464.3925501432664, "end_sec": 1466.1174785100286}, "74": {"start_sec": 1467.5071633237822, "end_sec": 1467.9684813753581}, "75": {"start_sec": 1471.2435530085959, "end_sec": 1471.785100286533}, "76": {"start_sec": 1472.1461318051577, "end_sec": 1474.67335243553}, "77": {"start_sec": 1475.4212034383954, "end_sec": 1475.9971346704872}, "78": {"start_sec": 1479.7736389684815, "end_sec": 1483.1489971346705}, "79": {"start_sec": 1500.054441260745, "end_sec": 1502.1260744985673}, "80": {"start_sec": 1503.1289398280803, "end_sec": 1505.240687679083}, "81": {"start_sec": 1507.487106017192, "end_sec": 1507.6876790830945}, "82": {"start_sec": 1518.8309455587394, "end_sec": 1521.163323782235}, "83": {"start_sec": 1529.8137535816618, "end_sec": 1530.8166189111748}, "84": {"start_sec": 1553.1690544412606, "end_sec": 1556.297994269341}, "85": {"start_sec": 1561.163323782235, "end_sec": 1562.1260744985673}, "86": {"start_sec": 1563.8710601719197, "end_sec": 1564.9541547277936}, "87": {"start_sec": 1567.8080229226362, "end_sec": 1569.8338108882522}, "88": {"start_sec": 1570.0401146131805, "end_sec": 1570.6819484240689}, "89": {"start_sec": 1601.4985673352435, "end_sec": 1601.9799426934098}, "90": {"start_sec": 1603.2492836676217, "end_sec": 1604.4727793696275}, "91": {"start_sec": 1605.0, "end_sec": 1606.0630372492838}, "92": {"start_sec": 1607.1060171919771, "end_sec": 1607.7478510028652}, "93": {"start_sec": 1616.3180515759311, "end_sec": 1616.759312320917}, "94": {"start_sec": 1732.8681948424069, "end_sec": 1734.3724928366762}, "95": {"start_sec": 1735.7965616045844, "end_sec": 1738.4498567335243}, "96": {"start_sec": 1740.0343839541547, "end_sec": 1743.6704871060172}, "97": {"start_sec": 1749.8739255014327, "end_sec": 1753.8510028653295}, "98": {"start_sec": 1756.805157593123, "end_sec": 1758.349570200573}, "99": {"start_sec": 1758.5501432664757, "end_sec": 1760.1747851002865}, "100": {"start_sec": 1761.4641833810888, "end_sec": 1762.8481375358167}, "101": {"start_sec": 1823.4899713467048, "end_sec": 1823.7507163323783}, "102": {"start_sec": 1824.3925501432664, "end_sec": 1825.9971346704872}, "103": {"start_sec": 1827.7478510028652, "end_sec": 1828.0687679083094}, "104": {"start_sec": 1837.5472779369627, "end_sec": 1839.753581661891}, "105": {"start_sec": 1840.43553008596, "end_sec": 1843.9512893982808}, "106": {"start_sec": 1844.8338108882522, "end_sec": 1848.810888252149}, "107": {"start_sec": 1850.0, "end_sec": 1850.4412607449856}, "108": {"start_sec": 1850.9025787965616, "end_sec": 1851.2234957020057}, "109": {"start_sec": 1919.4727793696275, "end_sec": 1919.8338108882522}, "110": {"start_sec": 1920.0945558739254, "end_sec": 1920.3954154727794}, "111": {"start_sec": 1922.4469914040114, "end_sec": 1923.1489971346705}, "112": {"start_sec": 1924.1919770773638,