{"0": {"start_sec": 25.441260744985673, "end_sec": 26.063037249283667}, "1": {"start_sec": 37.72779369627507, "end_sec": 38.570200573065904}, "2": {"start_sec": 49.93409742120344, "end_sec": 50.49570200573066}, "3": {"start_sec": 63.63037249283668, "end_sec": 64.77363896848138}, "4": {"start_sec": 264.0114613180516, "end_sec": 266.1977077363897}, "5": {"start_sec": 267.3266475644699, "end_sec": 268.4699140401146}, "6": {"start_sec": 269.43266475644697, "end_sec": 270.0143266475645}, "7": {"start_sec": 280.39541547277935, "end_sec": 280.756446991404}, "8": {"start_sec": 337.7679083094556, "end_sec": 339.1719197707736}, "9": {"start_sec": 339.5730659025788, "end_sec": 340.9971346704871}, "10": {"start_sec": 342.26647564469914, "end_sec": 343.269340974212}, "11": {"start_sec": 383.79083094555875, "end_sec": 383.9914040114613}, "12": {"start_sec": 384.9942693409742, "end_sec": 385.53581661891116}, "13": {"start_sec": 389.11174785100286, "end_sec": 390.134670487106}, "14": {"start_sec": 391.0630372492837, "end_sec": 393.48997134670486}, "15": {"start_sec": 394.7134670487106, "end_sec": 396.50429799426934}, "16": {"start_sec": 397.12607449856733, "end_sec": 398.16905444126076}, "17": {"start_sec": 441.26361031518627, "end_sec": 441.5186246418338}, "18": {"start_sec": 568.0085959885387, "end_sec": 568.2893982808023}, "19": {"start_sec": 569.8939828080229, "end_sec": 571.3438395415473}, "20": {"start_sec": 645.6819484240688, "end_sec": 646.2836676217765}, "21": {"start_sec": 779.9541547277937, "end_sec": 781.4183381088825}, "22": {"start_sec": 901.7249283667621, "end_sec": 903.5100286532951}, "23": {"start_sec": 904.2922636103152, "end_sec": 904.5730659025788}, "24": {"start_sec": 916.1232091690545, "end_sec": 918.4297994269341}, "25": {"start_sec": 918.9512893982808, "end_sec": 921.5587392550143}, "26": {"start_sec": 921.8252148997135, "end_sec": 922.1060171919771}, "27": {"start_sec": 922.9283667621777, "end_sec": 925.9369627507164}, "28": {"start_sec": 926.9255014326648, "end_sec": 928.2893982808023}, "29": {"start_sec": 930.0401146131805, "end_sec": 931.5042979942693}, "30": {"start_sec": 990.3553008595989, "end_sec": 991.4985673352436}, "31": {"start_sec": 992.4469914040114, "end_sec": 992.7277936962751}, "32": {"start_sec": 993.8710601719198, "end_sec": 996.1232091690545}, "33": {"start_sec": 997.0458452722063, "end_sec": 1002.3467048710602}, "34": {"start_sec": 1002.5472779369627, "end_sec": 1002.8882521489971}, "35": {"start_sec": 1003.6103151862465, "end_sec": 1005.4756446991404}, "36": {"start_sec": 1006.2836676217765, "end_sec": 1006.7191977077364}, "37": {"start_sec": 1060.5358166189112, "end_sec": 1060.7564469914041}, "38": {"start_sec": 1107.9283667621776, "end_sec": 1108.5501432664757}, "39": {"start_sec": 1149.733524355301, "end_sec": 1150.0143266475645}, "40": {"start_sec": 1318.429799426934, "end_sec": 1318.9312320916906}, "41": {"start_sec": 1350.7965616045844, "end_sec": 1351.9799426934098}, "42": {"start_sec": 1353.0487106017192, "end_sec": 1354.753581661891}, "43": {"start_sec": 1357.487106017192, "end_sec": 1358.5501432664757}, "44": {"start_sec": 1361.0974212034384, "end_sec": 1361.3581661891117}, "45": {"start_sec": 1403.3896848137535, "end_sec": 1403.7106017191977}, "46": {"start_sec": 1429.0114613180515, "end_sec": 1429.3123209169055}, "47": {"start_sec": 1435.2750716332378, "end_sec": 1436.4785100286533}, "48": {"start_sec": 1437.5272206303725, "end_sec": 1438.1690544412606}, "49": {"start_sec": 1475.054441260745, "end_sec": 1476.297994269341}, "50": {"start_sec": 1476.7449856733524, "end_sec": 1478.3896848137535}, "51": {"start_sec": 1587.5873925501432, "end_sec": 1589.4126074498568}, "52": {"start_sec": 1622.5071633237822, "end_sec": 1624.5530085959886}, "53": {"start_sec": 1649.4928366762178, "end_sec": 1650.4154727793696}, "54": {"start_sec": 1694.5530085959886, "end_sec": 1696.8997134670487}, "55": {"start_sec": 1710.7163323782236, "end_sec": 1711.9799426934098}, "56": {"start_sec": 1789.4527220630373, "end_sec": 1789.67335243553}, "57": {"start_sec": 1790.0, "end_sec": 1790.896848137536}, "58": {"start_sec": 1792.0659025787966, "end_sec": 1793.6103151862465}, "59": {"start_sec": 1793.8309455587394, "end_sec": 1794.1719197707737}, "60": {"start_sec": 1820.7363896848137, "end_sec": 1821.1776504297993}, "61": {"start_sec": 1824.4727793696275, "end_sec": 1825.8166189111748}, "62": {"start_sec": 1826.6446991404011, "end_sec": 1827.9083094555874}, "63": {"start_sec": 1828.5300859598854, "end_sec": 1828.9713467048712}, "64": {"start_sec": 1831.0429799426934, "end_sec": 1832.9083094555874}, "65": {"start_sec": 1833.3295128939828, "end_sec": 1833.6905444126076}, "66": {"start_sec": 1845.4813753581661, "end_sec": 1846.8796561604584}, "67": {"start_sec": 1978.2492836676217, "end_sec": 1979.5730659025787}, "68": {"start_sec": 1989.7936962750716, "end_sec": 1990.1146131805158}, "69": {"start_sec": 1990.43553008596, "end_sec": 1992.647564469914}, "70": {"start_sec": 1997.6074498567336, "end_sec": 1998.10888252149}, "71": {"start_sec": 2000.9570200573066, "end_sec": 2005.7421203438396}, "72": {"start_sec": 2007.025787965616, "end_sec": 2007.9283667621776}, "73": {"start_sec": 2030.7822349570201, "end_sec": 2031.2779369627508}, "74": {"start_sec": 2036.2378223495703, "end_sec": 2036.6189111747851}, "75": {"start_sec": 2042.266475644699, "end_sec": 2046.785100286533}, "76": {"start_sec": 2063.6303724928366, "end_sec": 2063.8510028653295}, "77": {"start_sec": 2083.3094555873927, "end_sec": 2083.9914040114613}, "78": {"start_sec": 2191.6590257879657, "end_sec": 2191.9799426934096}, "79": {"start_sec": 2207.34670487106, "end_sec": 2208.0085959885387}, "80": {"start_sec": 2237.0057306590256, "end_sec": 2239.9140401146133}, "81": {"start_sec": 2250.2808022922636, "end_sec": 2252.206303724928}, "82": {"start_sec": 2258.971346704871, "end_sec": 2262.7879656160458}, "83": {"start_sec": 2264.091690544413, "end_sec": 2264.452722063037}, "84": {"start_sec": 2271.5042979942696, "end_sec": 2272.106017191977}, "85": {"start_sec": 2340.0343839541547, "end_sec": 2342.7879656160458}, "86": {"start_sec": 2357.7077363896847, "end_sec": 2358.0085959885387}, "87": {"start_sec": 2364.131805157593, "end_sec": 2364.452722063037}, "88": {"start_sec": 2377.467048710602, "end_sec": 2377.9684813753584}, "89": {"start_sec": 2379.4126074498568, "end_sec": 2381.2578796561606}, "90": {"start_sec": 2385.2148997134673, "end_sec": 2386.4240687679085}, "91": {"start_sec": 2386.945558739255, "end_sec": 2387.1461318051574}, "92": {"start_sec": 2388.3094555873927, "end_sec": 2390.6418338108883}, "93": {"start_sec": 2396.3581661891117, "end_sec": 2396.739255014327}, "94": {"start_sec": 2399.3323782234957, "end_sec": 2400.6962750716334}, "95": {"start_sec": 2402.206303724928, "end_sec": 2402.467048710602}, "96": {"start_sec": 2403.730659025788, "end_sec": 2407.7077363896847}, "97": {"start_sec": 2470.1203438395414, "end_sec": 2470.375358166189}, "98": {"start_sec": 2486.865329512894, "end_sec": 2487.948424068768}, "99": {"start_sec": 2512.6074498567336, "end_sec": 2513.269340974212}, "100": {"start_sec": 2552.0859598853867, "end_sec": 2553.650429799427}, "101": {"start_sec": 2554.4126074498568, "end_sec": 2555.6160458452723}, "102": {"start_sec": 2556.103151862464, "end_sec": 2556.4240687679085}, "103": {"start_sec": 2557.9885386819483, "end_sec": 2559.0114613180517}, "104": {"start_sec": 2561.805157593123, "end_sec": 2563.489971346705}, "105": {"start_sec": 2564.893982808023, "end_sec": 2565.2550143266476}, "106": {"start_sec": 2570.7621776504297, "end_sec": 2571.2034383954156}, "107": {"start_sec": 2571.58452722063, "end_sec": 2572.32664756447}, "108": {"start_sec": 2692.406876790831, "end_sec": 2694.1719197707735}, "109": {"start_sec": 2722.9684813753584, "end_sec": 2723.9312320916906}, "110": {"start_sec": 2748.87106017192, "end_sec": 2749.2922636103153}, "111": {"start_sec": 2780.0601719197707, "end_sec": 2780.7421203438394}, "112": {"start_sec": 2809.974212034384,