{"0": {"start_sec": 125.41547277936962, "end_sec": 126.45845272206304}, "1": {"start_sec": 263.02865329512895, "end_sec": 263.7507163323782}, "2": {"start_sec": 582.9684813753581, "end_sec": 584.5329512893983}, "3": {"start_sec": 673.4297994269341, "end_sec": 674.3323782234957}, "4": {"start_sec": 690.1146131805158, "end_sec": 690.9169054441261}, "5": {"start_sec": 767.9083094555874, "end_sec": 769.9541547277937}, "6": {"start_sec": 843.8911174785101, "end_sec": 844.5530085959886}, "7": {"start_sec": 980.7621776504297, "end_sec": 982.0659025787966}, "8": {"start_sec": 1416.3180515759311, "end_sec": 1416.9799426934098}, "9": {"start_sec": 1445.4756446991405, "end_sec": 1445.6962750716332}, "10": {"start_sec": 1514.4527220630373, "end_sec": 1516.2378223495703}, "11": {"start_sec": 1516.5243553008595, "end_sec": 1516.8452722063037}, "12": {"start_sec": 1725.4011461318053, "end_sec": 1726.2435530085959}, "13": {"start_sec": 1795.2750716332378, "end_sec": 1795.7765042979943}, "14": {"start_sec": 1802.2263610315185, "end_sec": 1802.647564469914}, "15": {"start_sec": 1802.8681948424069, "end_sec": 1804.1919770773638}, "16": {"start_sec": 1814.4126074498568, "end_sec": 1814.9140401146133}, "17": {"start_sec": 1855.9971346704872, "end_sec": 1856.5186246418339}, "18": {"start_sec": 1910.3151862464183, "end_sec": 1911.378223495702}, "19": {"start_sec": 2030.5157593123208, "end_sec": 2031.6991404011462}, "20": {"start_sec": 2064.974212034384, "end_sec": 2065.295128939828}, "21": {"start_sec": 2084.1518624641835, "end_sec": 2085.0744985673355}, "22": {"start_sec": 2134.8538681948426, "end_sec": 2136.819484240688}, "23": {"start_sec": 2139.091690544413, "end_sec": 2139.3724928366764}, "24": {"start_sec": 2142.7478510028654, "end_sec": 2143.5902578796563}, "25": {"start_sec": 2175.220630372493, "end_sec": 2175.6418338108883}}