{"0": {"start_sec": 85.0, "end_sec": 85.46131805157593}, "1": {"start_sec": 107.96848137535817, "end_sec": 108.9512893982808}, "2": {"start_sec": 167.92836676217766, "end_sec": 168.77077363896848}, "3": {"start_sec": 181.4240687679083, "end_sec": 183.83094555873924}, "4": {"start_sec": 203.38968481375358, "end_sec": 204.63323782234957}, "5": {"start_sec": 205.9025787965616, "end_sec": 206.88538681948424}, "6": {"start_sec": 207.14613180515758, "end_sec": 207.4269340974212}, "7": {"start_sec": 260.1604584527221, "end_sec": 261.46418338108884}, "8": {"start_sec": 309.8538681948424, "end_sec": 310.67621776504296}, "9": {"start_sec": 474.3925501432665, "end_sec": 475.81661891117477}, "10": {"start_sec": 584.3724928366762, "end_sec": 585.5358166189112}, "11": {"start_sec": 680.8166189111748, "end_sec": 681.458452722063}, "12": {"start_sec": 822.8681948424069, "end_sec": 823.0687679083095}, "13": {"start_sec": 957.5071633237823, "end_sec": 958.1289398280802}, "14": {"start_sec": 1260.0, "end_sec": 1260.702005730659}, "15": {"start_sec": 1316.5243553008595, "end_sec": 1317.2865329512895}, "16": {"start_sec": 1338.10888252149, "end_sec": 1340.5558739255014}, "17": {"start_sec": 1341.2177650429799, "end_sec": 1341.9799426934098}, "18": {"start_sec": 1382.7879656160458, "end_sec": 1384.3323782234957}, "19": {"start_sec": 1412.0859598853867, "end_sec": 1412.647564469914}, "20": {"start_sec": 1466.0229226361032, "end_sec": 1468.0888252148998}, "21": {"start_sec": 1553.3896848137535, "end_sec": 1554.0114613180515}, "22": {"start_sec": 1688.10888252149, "end_sec": 1688.9111747851002}, "23": {"start_sec": 1980.134670487106, "end_sec": 1980.8166189111748}, "24": {"start_sec": 1981.3581661891117, "end_sec": 1981.6389684813753}, "25": {"start_sec": 2050.9369627507162, "end_sec": 2051.679083094556}, "26": {"start_sec": 2071.002865329513, "end_sec": 2072.7077363896847}, "27": {"start_sec": 2087.3667621776503, "end_sec": 2090.114613180516}, "28": {"start_sec": 2093.189111747851, "end_sec": 2093.790830945559}, "29": {"start_sec": 2095.0601719197707, "end_sec": 2095.4613180515757}, "30": {"start_sec": 2121.6446991404014, "end_sec": 2121.9054441260746}, "31": {"start_sec": 2122.808022922636, "end_sec": 2124.191977077364}, "32": {"start_sec": 2173.028653295129, "end_sec": 2175.220630372493}, "33": {"start_sec": 2342.9684813753584, "end_sec": 2346.3839541547277}, "34": {"start_sec": 2455.194842406877, "end_sec": 2455.4355300859597}, "35": {"start_sec": 2464.0315186246416, "end_sec": 2465.0744985673355}, "36": {"start_sec": 2547.4469914040114, "end_sec": 2547.727793696275}, "37": {"start_sec": 2713.349570200573, "end_sec": 2714.3323782234957}, "38": {"start_sec": 2714.833810888252, "end_sec": 2715.234957020057}, "39": {"start_sec": 2733.429799426934, "end_sec": 2734.6131805157593}, "40": {"start_sec": 2735.1747851002865, "end_sec": 2735.4355300859597}, "41": {"start_sec": 2736.0573065902577, "end_sec": 2736.2779369627506}, "42": {"start_sec": 2766.157593123209, "end_sec": 2770.6361031518622}, "43": {"start_sec": 2788.7707736389684, "end_sec": 2789.833810888252}, "44": {"start_sec": 2806.484240687679, "end_sec": 2806.8252148997135}, "45": {"start_sec": 2865.194842406877, "end_sec": 2865.816618911175}, "46": {"start_sec": 2880.441260744986, "end_sec": 2882.908309455587}}