{"0": {"start_sec": 192.22636103151862, "end_sec": 192.54727793696276}, "1": {"start_sec": 249.65329512893982, "end_sec": 250.81661891117477}, "2": {"start_sec": 393.9914040114613, "end_sec": 394.45272206303724}, "3": {"start_sec": 474.5730659025788, "end_sec": 475.37535816618913}, "4": {"start_sec": 561.8452722063038, "end_sec": 562.2063037249284}, "5": {"start_sec": 681.7191977077364, "end_sec": 681.9799426934097}, "6": {"start_sec": 714.6131805157593, "end_sec": 716.4383954154728}, "7": {"start_sec": 740.3409742120344, "end_sec": 740.6418338108882}, "8": {"start_sec": 796.5988538681949, "end_sec": 796.9799426934097}, "9": {"start_sec": 799.974212034384, "end_sec": 800.2750716332379}, "10": {"start_sec": 856.0573065902579, "end_sec": 856.5587392550143}, "11": {"start_sec": 1268.10888252149, "end_sec": 1268.409742120344}, "12": {"start_sec": 1455.2550143266476, "end_sec": 1457.487106017192}, "13": {"start_sec": 1481.077363896848, "end_sec": 1481.9799426934098}, "14": {"start_sec": 1482.8681948424069, "end_sec": 1483.7507163323783}, "15": {"start_sec": 1484.7936962750716, "end_sec": 1485.2951289398281}, "16": {"start_sec": 2121.458452722063, "end_sec": 2122.0659025787963}, "17": {"start_sec": 2125.2005730659025, "end_sec": 2126.163323782235}, "18": {"start_sec": 2293.510028653295, "end_sec": 2294.8739255014325}, "19": {"start_sec": 2295.0744985673355, "end_sec": 2296.3581661891117}, "20": {"start_sec": 2297.9283667621776, "end_sec": 2300.896848137536}, "21": {"start_sec": 2328.5501432664755, "end_sec": 2330.4957020057304}, "22": {"start_sec": 2330.7965616045844, "end_sec": 2331.3180515759313}}