{"0": {"start_sec": 134.7535816618911, "end_sec": 135.73638968481376}, "1": {"start_sec": 326.02292263610315, "end_sec": 326.64469914040114}, "2": {"start_sec": 336.5386819484241, "end_sec": 336.9598853868195}, "3": {"start_sec": 345.4813753581662, "end_sec": 345.84240687679085}, "4": {"start_sec": 1153.4498567335243, "end_sec": 1154.051575931232}, "5": {"start_sec": 1165.896848137536, "end_sec": 1166.9598853868195}, "6": {"start_sec": 1233.6704871060172, "end_sec": 1234.0916905444126}, "7": {"start_sec": 1511.538681948424, "end_sec": 1511.919770773639}, "8": {"start_sec": 1517.32664756447, "end_sec": 1517.5272206303725}, "9": {"start_sec": 1656.9656160458453, "end_sec": 1657.1661891117478}, "10": {"start_sec": 1668.9713467048712, "end_sec": 1669.4126074498568}, "11": {"start_sec": 1693.4498567335243, "end_sec": 1694.1518624641833}, "12": {"start_sec": 1802.567335243553, "end_sec": 1803.3094555873924}, "13": {"start_sec": 1804.733524355301, "end_sec": 1805.4813753581661}, "14": {"start_sec": 2149.432664756447, "end_sec": 2150.194842406877}}