{"0": {"start_sec": 132.0859598853868, "end_sec": 133.0487106017192}, "1": {"start_sec": 253.38968481375358, "end_sec": 253.85100286532952}, "2": {"start_sec": 377.0458452722063, "end_sec": 377.487106017192}, "3": {"start_sec": 399.59312320916905, "end_sec": 400.03438395415475}, "4": {"start_sec": 595.4756446991404, "end_sec": 596.9799426934097}, "5": {"start_sec": 792.5071633237823, "end_sec": 794.2521489971347}, "6": {"start_sec": 806.1432664756447, "end_sec": 807.3868194842407}, "7": {"start_sec": 867.2865329512894, "end_sec": 867.487106017192}, "8": {"start_sec": 914.4126074498568, "end_sec": 915.0143266475644}, "9": {"start_sec": 916.243553008596, "end_sec": 917.2263610315186}, "10": {"start_sec": 963.6303724928367, "end_sec": 964.432664756447}, "11": {"start_sec": 965.2349570200573, "end_sec": 965.7163323782235}, "12": {"start_sec": 1052.4269340974213, "end_sec": 1052.647564469914}, "13": {"start_sec": 1085.942693409742, "end_sec": 1087.567335243553}, "14": {"start_sec": 1088.0286532951288, "end_sec": 1088.5100286532952}, "15": {"start_sec": 1113.3696275071634, "end_sec": 1114.5730659025787}, "16": {"start_sec": 1311.3180515759311, "end_sec": 1311.9799426934098}, "17": {"start_sec": 1386.2234957020057, "end_sec": 1386.9856733524355}, "18": {"start_sec": 1388.89111747851, "end_sec": 1390.2550143266476}, "19": {"start_sec": 1433.0487106017192, "end_sec": 1435.4154727793696}, "20": {"start_sec": 1461.1833810888252, "end_sec": 1461.404011461318}, "21": {"start_sec": 1491.805157593123, "end_sec": 1492.1862464183382}, "22": {"start_sec": 1497.5071633237822, "end_sec": 1497.707736389685}, "23": {"start_sec": 1538.650429799427, "end_sec": 1539.0916905444126}, "24": {"start_sec": 1592.1461318051577, "end_sec": 1592.5071633237822}, "25": {"start_sec": 1592.9885386819485, "end_sec": 1593.2893982808023}, "26": {"start_sec": 1601.3381088825215, "end_sec": 1601.8595988538682}, "27": {"start_sec": 1724.3323782234957, "end_sec": 1727.3667621776503}, "28": {"start_sec": 1884.5530085959886, "end_sec": 1885.0343839541547}, "29": {"start_sec": 1939.3724928366762, "end_sec": 1940.3151862464183}, "30": {"start_sec": 1976.6848137535817, "end_sec": 1981.9799426934098}, "31": {"start_sec": 1986.6189111747851, "end_sec": 1986.9799426934098}, "32": {"start_sec": 2000.461318051576, "end_sec": 2002.0859598853867}, "33": {"start_sec": 2053.389684813754, "end_sec": 2054.1719197707735}, "34": {"start_sec": 2168.650429799427, "end_sec": 2170.0744985673355}, "35": {"start_sec": 2170.275071633238, "end_sec": 2170.6361031518622}, "36": {"start_sec": 2171.9656160458453, "end_sec": 2172.8280802292265}, "37": {"start_sec": 2258.10888252149, "end_sec": 2259.1518624641835}}