{"0": {"start_sec": 3.550143266475645, "end_sec": 4.5128939828080235}, "1": {"start_sec": 38.69054441260745, "end_sec": 39.91404011461318}, "2": {"start_sec": 108.30945558739255, "end_sec": 108.59025787965616}, "3": {"start_sec": 263.0487106017192, "end_sec": 264.9541547277937}, "4": {"start_sec": 280.2750716332378, "end_sec": 281.8595988538682}, "5": {"start_sec": 282.8080229226361, "end_sec": 283.30945558739256}, "6": {"start_sec": 289.6733524355301, "end_sec": 290.56160458452723}, "7": {"start_sec": 308.5702005730659, "end_sec": 312.30659025787963}, "8": {"start_sec": 349.1518624641834, "end_sec": 352.26647564469914}, "9": {"start_sec": 363.2893982808023, "end_sec": 364.3925501432665}, "10": {"start_sec": 365.6618911174785, "end_sec": 366.0830945558739}, "11": {"start_sec": 374.3724928366762, "end_sec": 375.0143266475645}, "12": {"start_sec": 376.0429799426934, "end_sec": 377.24641833810887}, "13": {"start_sec": 387.3868194842407, "end_sec": 391.11747851002866}, "14": {"start_sec": 409.69340974212037, "end_sec": 411.43839541547277}, "15": {"start_sec": 416.1977077363897, "end_sec": 416.75931232091693}, "16": {"start_sec": 425.1547277936963, "end_sec": 427.2865329512894}, "17": {"start_sec": 429.89398280802294, "end_sec": 431.78510028653295}, "18": {"start_sec": 432.1661891117478, "end_sec": 432.72779369627506}, "19": {"start_sec": 436.2836676217765, "end_sec": 437.08595988538684}, "20": {"start_sec": 527.3065902578796, "end_sec": 528.9914040114613}, "21": {"start_sec": 562.025787965616, "end_sec": 563.189111747851}, "22": {"start_sec": 618.8309455587392, "end_sec": 621.1174785100286}, "23": {"start_sec": 625.2808022922636, "end_sec": 627.7679083094556}, "24": {"start_sec": 658.5501432664756, "end_sec": 660.9570200573066}, "25": {"start_sec": 881.1977077363897, "end_sec": 882.3266475644699}, "26": {"start_sec": 1010.0200573065903, "end_sec": 1011.0630372492836}, "27": {"start_sec": 1011.2836676217765, "end_sec": 1011.7650429799427}, "28": {"start_sec": 1027.6676217765043, "end_sec": 1028.2492836676217}, "29": {"start_sec": 1134.9541547277936, "end_sec": 1135.4756446991405}, "30": {"start_sec": 1136.2578796561604, "end_sec": 1136.8194842406876}}