{"0": {"start_sec": 30.982808022922637, "end_sec": 31.363896848137536}, "1": {"start_sec": 31.965616045845273, "end_sec": 32.64756446991404}, "2": {"start_sec": 276.0830945558739, "end_sec": 276.60458452722065}, "3": {"start_sec": 315.79656160458455, "end_sec": 317.3266475644699}, "4": {"start_sec": 358.8710601719198, "end_sec": 359.7134670487106}, "5": {"start_sec": 364.55300859598856, "end_sec": 365.49570200573066}, "6": {"start_sec": 365.7621776504298, "end_sec": 366.91977077363896}, "7": {"start_sec": 373.63037249283667, "end_sec": 374.6131805157593}, "8": {"start_sec": 378.2492836676218, "end_sec": 378.8710601719198}, "9": {"start_sec": 382.08595988538684, "end_sec": 382.9083094555874}, "10": {"start_sec": 396.6590257879656, "end_sec": 398.02865329512895}, "11": {"start_sec": 399.11174785100286, "end_sec": 399.31232091690543}, "12": {"start_sec": 405.3008595988539, "end_sec": 407.3467048710602}, "13": {"start_sec": 440.0200573065903, "end_sec": 441.6991404011461}, "14": {"start_sec": 483.20916905444125, "end_sec": 483.9914040114613}, "15": {"start_sec": 489.91404011461316, "end_sec": 491.26361031518627}, "16": {"start_sec": 502.10601719197706, "end_sec": 502.4269340974212}, "17": {"start_sec": 504.352435530086, "end_sec": 505.9570200573066}, "18": {"start_sec": 547.1461318051576, "end_sec": 547.9283667621777}, "19": {"start_sec": 654.2722063037249, "end_sec": 655.1747851002865}, "20": {"start_sec": 970.6561604584527, "end_sec": 971.9799426934097}}