{"0": {"start_sec": 167.26647564469914, "end_sec": 168.10888252148996}, "1": {"start_sec": 231.59885386819485, "end_sec": 231.91977077363896}, "2": {"start_sec": 260.621776504298, "end_sec": 261.0372492836676}, "3": {"start_sec": 455.5816618911175, "end_sec": 456.32378223495704}, "4": {"start_sec": 600.7965616045846, "end_sec": 601.6790830945558}, "5": {"start_sec": 750.054441260745, "end_sec": 750.756446991404}, "6": {"start_sec": 751.6991404011461, "end_sec": 754.1117478510029}, "7": {"start_sec": 945.8968481375358, "end_sec": 947.1862464183381}, "8": {"start_sec": 954.3123209169055, "end_sec": 954.5931232091691}, "9": {"start_sec": 1032.727793696275, "end_sec": 1036.0171919770773}, "10": {"start_sec": 1036.6389684813753, "end_sec": 1036.9799426934098}, "11": {"start_sec": 1305.1146131805158, "end_sec": 1305.836676217765}, "12": {"start_sec": 1435.9828080229227, "end_sec": 1436.3381088825215}, "13": {"start_sec": 1448.2091690544412, "end_sec": 1449.6934097421204}, "14": {"start_sec": 1460.0343839541547, "end_sec": 1460.5157593123208}, "15": {"start_sec": 1529.2521489971348, "end_sec": 1529.4527220630373}, "16": {"start_sec": 1687.2263610315185, "end_sec": 1688.5501432664757}, "17": {"start_sec": 1696.0429799426934, "end_sec": 1697.0859598853867}, "18": {"start_sec": 1927.025787965616, "end_sec": 1927.2865329512895}, "19": {"start_sec": 2005.3954154727794, "end_sec": 2005.896848137536}, "20": {"start_sec": 2068.7707736389684, "end_sec": 2069.0114613180517}, "21": {"start_sec": 2127.948424068768, "end_sec": 2128.8510028653295}, "22": {"start_sec": 2135.1002865329515, "end_sec": 2137.4871060171918}, "23": {"start_sec": 2257.4871060171918, "end_sec": 2257.808022922636}, "24": {"start_sec": 2293.650429799427, "end_sec": 2295.997134670487}}