{"0": {"start_sec": 43.0487106017192, "end_sec": 43.269340974212035}, "1": {"start_sec": 265.0143266475645, "end_sec": 265.21489971346705}, "2": {"start_sec": 270.56160458452723, "end_sec": 271.27793696275074}, "3": {"start_sec": 535.0343839541547, "end_sec": 535.3151862464183}, "4": {"start_sec": 626.6389684813754, "end_sec": 627.0}, "5": {"start_sec": 654.3724928366762, "end_sec": 656.5186246418339}, "6": {"start_sec": 657.1060171919771, "end_sec": 661.4040114613181}, "7": {"start_sec": 661.6647564469914, "end_sec": 663.6905444126074}, "8": {"start_sec": 664.5530085959886, "end_sec": 667.8481375358166}, "9": {"start_sec": 672.3667621776505, "end_sec": 672.7679083094556}, "10": {"start_sec": 740.0744985673352, "end_sec": 743.9914040114613}, "11": {"start_sec": 755.0, "end_sec": 755.8825214899714}, "12": {"start_sec": 756.1833810888252, "end_sec": 756.5243553008596}, "13": {"start_sec": 766.4383954154728, "end_sec": 766.6590257879656}, "14": {"start_sec": 1751.9255014326648, "end_sec": 1753.0487106017192}, "15": {"start_sec": 1753.9914040114613, "end_sec": 1754.432664756447}, "16": {"start_sec": 1769.432664756447, "end_sec": 1771.6446991404011}, "17": {"start_sec": 1772.32664756447, "end_sec": 1774.292263610315}, "18": {"start_sec": 1794.753581661891, "end_sec": 1796.4985673352435}, "19": {"start_sec": 1819.0916905444126, "end_sec": 1819.593123209169}}