{"0": {"start_sec": 5.0, "end_sec": 6.303724928366762}, "1": {"start_sec": 55.541547277936964, "end_sec": 55.902578796561606}, "2": {"start_sec": 66.19770773638969, "end_sec": 67.8080229226361}, "3": {"start_sec": 132.0458452722063, "end_sec": 134.87392550143267}, "4": {"start_sec": 363.34957020057305, "end_sec": 363.7707736389685}, "5": {"start_sec": 394.3724928366762, "end_sec": 396.25787965616047}, "6": {"start_sec": 397.92836676217763, "end_sec": 399.87392550143267}, "7": {"start_sec": 463.36962750716333, "end_sec": 464.352435530086}, "8": {"start_sec": 624.2521489971347, "end_sec": 626.5042979942693}, "9": {"start_sec": 627.1260744985674, "end_sec": 628.3295128939828}, "10": {"start_sec": 659.2922636103152, "end_sec": 661.9799426934097}, "11": {"start_sec": 719.8538681948424, "end_sec": 721.5243553008596}, "12": {"start_sec": 769.6131805157593, "end_sec": 769.8338108882522}, "13": {"start_sec": 778.4097421203438, "end_sec": 778.9111747851003}, "14": {"start_sec": 786.8051575931232, "end_sec": 788.0687679083095}, "15": {"start_sec": 826.8051575931232, "end_sec": 827.1862464183381}, "16": {"start_sec": 857.0859598853868, "end_sec": 857.8681948424069}, "17": {"start_sec": 870.1404011461318, "end_sec": 870.9226361031518}, "18": {"start_sec": 871.2034383954154, "end_sec": 872.5873925501432}, "19": {"start_sec": 1079.9541547277936, "end_sec": 1081.0974212034384}, "20": {"start_sec": 1105.9971346704872, "end_sec": 1106.8796561604584}, "21": {"start_sec": 1231.1833810888252, "end_sec": 1232.406876790831}, "22": {"start_sec": 1389.8538681948423, "end_sec": 1391.0630372492838}, "23": {"start_sec": 1393.2091690544412, "end_sec": 1395.214899713467}, "24": {"start_sec": 1449.3724928366762, "end_sec": 1452.0057306590259}, "25": {"start_sec": 1515.194842406877, "end_sec": 1516.4985673352435}, "26": {"start_sec": 1517.4469914040114, "end_sec": 1520.6962750716332}, "27": {"start_sec": 1610.896848137536, "end_sec": 1612.7879656160458}, "28": {"start_sec": 1630.9828080229227, "end_sec": 1631.2636103151863}, "29": {"start_sec": 1741.5186246418339, "end_sec": 1741.7392550143265}, "30": {"start_sec": 1784.3123209169055, "end_sec": 1787.1260744985673}, "31": {"start_sec": 1853.2492836676217, "end_sec": 1853.4699140401146}, "32": {"start_sec": 1854.4126074498568, "end_sec": 1858.9914040114613}, "33": {"start_sec": 1862.4670487106018, "end_sec": 1865.214899713467}, "34": {"start_sec": 1910.6017191977078, "end_sec": 1911.0028653295128}, "35": {"start_sec": 1942.487106017192, "end_sec": 1942.707736389685}, "36": {"start_sec": 1943.3896848137535, "end_sec": 1944.0315186246419}}