{"0": {"start_sec": 26.71919770773639, "end_sec": 26.979942693409743}, "1": {"start_sec": 249.53295128939828, "end_sec": 252.1060171919771}, "2": {"start_sec": 252.30659025787966, "end_sec": 252.9484240687679}, "3": {"start_sec": 254.69340974212034, "end_sec": 256.1031518624642}, "4": {"start_sec": 283.4097421203438, "end_sec": 284.6131805157593}, "5": {"start_sec": 307.54727793696276, "end_sec": 311.243553008596}, "6": {"start_sec": 312.24641833810887, "end_sec": 314.3925501432665}, "7": {"start_sec": 337.88825214899714, "end_sec": 339.63323782234954}, "8": {"start_sec": 355.81661891117477, "end_sec": 359.2320916905444}, "9": {"start_sec": 361.78510028653295, "end_sec": 364.63323782234954}, "10": {"start_sec": 500.7822349570201, "end_sec": 502.8280802292264}, "11": {"start_sec": 503.30945558739256, "end_sec": 504.2120343839542}, "12": {"start_sec": 551.2636103151863, "end_sec": 552.4469914040114}, "13": {"start_sec": 553.2292263610315, "end_sec": 553.6905444126074}, "14": {"start_sec": 563.2492836676217, "end_sec": 563.8710601719198}, "15": {"start_sec": 671.21776504298, "end_sec": 671.7994269340974}, "16": {"start_sec": 678.0487106017192, "end_sec": 678.3094555873926}, "17": {"start_sec": 678.6704871060172, "end_sec": 678.8911174785101}}