{"0": {"start_sec": 153.59025787965615, "end_sec": 156.19770773638967}, "1": {"start_sec": 276.7048710601719, "end_sec": 278.4297994269341}, "2": {"start_sec": 310.1404011461318, "end_sec": 310.4813753581662}, "3": {"start_sec": 719.8137535816619, "end_sec": 723.0085959885387}, "4": {"start_sec": 884.051575931232, "end_sec": 885.5558739255015}, "5": {"start_sec": 891.3782234957021, "end_sec": 891.8395415472779}, "6": {"start_sec": 901.9656160458453, "end_sec": 903.5902578796562}, "7": {"start_sec": 984.6332378223495, "end_sec": 984.8939828080229}, "8": {"start_sec": 1027.5071633237822, "end_sec": 1028.1489971346705}, "9": {"start_sec": 1028.4498567335243, "end_sec": 1029.051575931232}, "10": {"start_sec": 1176.378223495702, "end_sec": 1176.9799426934098}, "11": {"start_sec": 1505.0, "end_sec": 1505.8825214899714}, "12": {"start_sec": 1697.1060171919771, "end_sec": 1700.0744985673352}, "13": {"start_sec": 1757.2865329512895, "end_sec": 1757.5472779369627}, "14": {"start_sec": 1946.1575931232092, "end_sec": 1947.1862464183382}, "15": {"start_sec": 1980.0401146131805, "end_sec": 1981.1432664756446}}