{"0": {"start_sec": 565.5214899713467, "end_sec": 565.7220630372493}, "1": {"start_sec": 665.0200573065903, "end_sec": 666.0830945558739}, "2": {"start_sec": 985.4957020057307, "end_sec": 987.0057306590257}, "3": {"start_sec": 996.7249283667621, "end_sec": 997.1862464183381}, "4": {"start_sec": 1193.2893982808023, "end_sec": 1193.590257879656}, "5": {"start_sec": 1295.4813753581661, "end_sec": 1295.6819484240689}, "6": {"start_sec": 1452.3667621776503, "end_sec": 1452.707736389685}, "7": {"start_sec": 1526.077363896848, "end_sec": 1526.9398280802293}, "8": {"start_sec": 1530.9627507163323, "end_sec": 1531.6045845272206}, "9": {"start_sec": 1677.8681948424069, "end_sec": 1678.349570200573}, "10": {"start_sec": 1715.5014326647565, "end_sec": 1716.9799426934098}, "11": {"start_sec": 1949.2120343839542, "end_sec": 1949.6934097421204}, "12": {"start_sec": 2017.3868194842407, "end_sec": 2018.0085959885387}, "13": {"start_sec": 2018.6303724928366, "end_sec": 2019.2120343839542}, "14": {"start_sec": 2110.702005730659, "end_sec": 2111.163323782235}, "15": {"start_sec": 2430.756446991404, "end_sec": 2431.157593123209}, "16": {"start_sec": 2511.6647564469913, "end_sec": 2512.34670487106}}