{"0": {"start_sec": 1016.243553008596, "end_sec": 1016.4641833810888}, "1": {"start_sec": 1372.2063037249284, "end_sec": 1372.7478510028652}, "2": {"start_sec": 2316.157593123209, "end_sec": 2316.458452722063}, "3": {"start_sec": 2316.7593123209167, "end_sec": 2316.9799426934096}}