{"0": {"start_sec": 13.770773638968482, "end_sec": 14.392550143266476}, "1": {"start_sec": 331.6991404011461, "end_sec": 332.1862464183381}, "2": {"start_sec": 1082.406876790831, "end_sec": 1083.2492836676217}, "3": {"start_sec": 1125.1547277936963, "end_sec": 1125.3553008595989}, "4": {"start_sec": 1180.1203438395416, "end_sec": 1180.4813753581661}, "5": {"start_sec": 1200.43553008596, "end_sec": 1200.6361031518625}, "6": {"start_sec": 2338.249283667622, "end_sec": 2339.1719197707735}, "7": {"start_sec": 2340.896848137536, "end_sec": 2341.9799426934096}, "8": {"start_sec": 2464.9541547277936, "end_sec": 2465.3954154727794}, "9": {"start_sec": 2480.842406876791, "end_sec": 2481.2636103151863}, "10": {"start_sec": 2481.9856733524357, "end_sec": 2482.34670487106}, "11": {"start_sec": 2483.5300859598856, "end_sec": 2484.7335243553007}, "12": {"start_sec": 2500.0, "end_sec": 2500.300859598854}, "13": {"start_sec": 2501.5042979942696, "end_sec": 2502.0458452722064}, "14": {"start_sec": 2556.8252148997135, "end_sec": 2557.868194842407}}