{"0": {"start_sec": 33.30945558739255, "end_sec": 34.191977077363894}, "1": {"start_sec": 41.458452722063036, "end_sec": 42.52722063037249}, "2": {"start_sec": 49.17191977077364, "end_sec": 49.412607449856736}, "3": {"start_sec": 80.28080229226362, "end_sec": 80.86246418338109}, "4": {"start_sec": 114.87392550143267, "end_sec": 115.91690544412607}, "5": {"start_sec": 122.78796561604585, "end_sec": 123.34957020057307}, "6": {"start_sec": 149.41260744985672, "end_sec": 149.97421203438395}, "7": {"start_sec": 150.756446991404, "end_sec": 151.1375358166189}, "8": {"start_sec": 155.02005730659025, "end_sec": 155.27507163323781}, "9": {"start_sec": 231.88538681948424, "end_sec": 232.44699140401147}, "10": {"start_sec": 290.3409742120344, "end_sec": 290.7621776504298}, "11": {"start_sec": 377.2865329512894, "end_sec": 377.6074498567335}, "12": {"start_sec": 411.32378223495704, "end_sec": 411.68481375358164}, "13": {"start_sec": 414.6131805157593, "end_sec": 415.4813753581662}, "14": {"start_sec": 420.73638968481373, "end_sec": 421.5587392550143}, "15": {"start_sec": 423.4097421203438, "end_sec": 425.0143266475645}, "16": {"start_sec": 556.3381088825215, "end_sec": 556.6590257879656}, "17": {"start_sec": 565.4813753581661, "end_sec": 565.8022922636103}, "18": {"start_sec": 594.6934097421204, "end_sec": 595.5358166189112}, "19": {"start_sec": 627.5873925501432, "end_sec": 629.6532951289398}, "20": {"start_sec": 630.6819484240688, "end_sec": 631.8194842406876}, "21": {"start_sec": 710.8825214899714, "end_sec": 711.3581661891118}, "22": {"start_sec": 751.8853868194842, "end_sec": 754.5329512893983}, "23": {"start_sec": 756.3782234957021, "end_sec": 756.9598853868195}, "24": {"start_sec": 784.8137535816619, "end_sec": 785.9369627507164}, "25": {"start_sec": 804.6532951289398, "end_sec": 804.9942693409743}, "26": {"start_sec": 834.974212034384, "end_sec": 836.2779369627507}, "27": {"start_sec": 838.5300859598854, "end_sec": 839.4527220630373}, "28": {"start_sec": 849.7335243553009, "end_sec": 851.6045845272206}, "29": {"start_sec": 852.8280802292263, "end_sec": 853.5501432664756}, "30": {"start_sec": 854.0315186246419, "end_sec": 855.4154727793697}, "31": {"start_sec": 855.9369627507164, "end_sec": 856.2578796561604}, "32": {"start_sec": 874.8338108882522, "end_sec": 875.6160458452722}, "33": {"start_sec": 884.1318051575931, "end_sec": 884.6934097421204}, "34": {"start_sec": 899.3123209169055, "end_sec": 899.7134670487106}, "35": {"start_sec": 937.1862464183381, "end_sec": 938.1289398280802}, "36": {"start_sec": 945.5157593123209, "end_sec": 946.8653295128939}, "37": {"start_sec": 948.6905444126074, "end_sec": 949.051575931232}, "38": {"start_sec": 953.5702005730659, "end_sec": 953.9512893982808}, "39": {"start_sec": 974.9140401146132, "end_sec": 975.3352435530086}, "40": {"start_sec": 997.4269340974212, "end_sec": 997.6876790830945}, "41": {"start_sec": 998.3696275071633, "end_sec": 999.1719197707737}, "42": {"start_sec": 999.6934097421204, "end_sec": 1000.2750716332379}, "43": {"start_sec": 1001.0229226361032, "end_sec": 1001.9598853868195}, "44": {"start_sec": 1006.8853868194842, "end_sec": 1007.5071633237823}, "45": {"start_sec": 1027.246418338109, "end_sec": 1027.4469914040114}, "46": {"start_sec": 1038.3696275071634, "end_sec": 1038.6103151862465}, "47": {"start_sec": 1046.4785100286533, "end_sec": 1046.9856733524355}, "48": {"start_sec": 1047.9684813753581, "end_sec": 1048.7507163323783}, "49": {"start_sec": 1050.080229226361, "end_sec": 1050.2808022922636}, "50": {"start_sec": 1057.9283667621776, "end_sec": 1058.2091690544412}, "51": {"start_sec": 1067.9885386819485, "end_sec": 1068.3094555873924}, "52": {"start_sec": 1068.7707736389684, "end_sec": 1072.7879656160458}, "53": {"start_sec": 1073.0487106017192, "end_sec": 1077.025787965616}, "54": {"start_sec": 1078.7707736389684, "end_sec": 1079.8939828080229}, "55": {"start_sec": 1080.3553008595989, "end_sec": 1080.5759312320918}, "56": {"start_sec": 1084.4928366762178, "end_sec": 1084.733524355301}, "57": {"start_sec": 1238.650429799427, "end_sec": 1238.9713467048712}, "58": {"start_sec": 1241.5587392550144, "end_sec": 1241.779369627507}, "59": {"start_sec": 1274.6532951289398, "end_sec": 1274.9340974212034}, "60": {"start_sec": 1279.593123209169, "end_sec": 1282.3667621776503}, "61": {"start_sec": 1380.7765042979943, "end_sec": 1381.0974212034384}, "62": {"start_sec": 1527.487106017192, "end_sec": 1528.3696275071634}, "63": {"start_sec": 1564.7736389684815, "end_sec": 1566.057306590258}, "64": {"start_sec": 1571.4240687679082, "end_sec": 1571.9598853868195}, "65": {"start_sec": 1575.8767908309455, "end_sec": 1576.9799426934098}, "66": {"start_sec": 1586.779369627507, "end_sec": 1586.9799426934098}, "67": {"start_sec": 1597.1862464183382, "end_sec": 1598.2893982808023}, "68": {"start_sec": 1614.8739255014327, "end_sec": 1615.595988538682}, "69": {"start_sec": 1620.8767908309455, "end_sec": 1622.025787965616}, "70": {"start_sec": 1698.7106017191977, "end_sec": 1699.9942693409741}, "71": {"start_sec": 1701.4785100286533, "end_sec": 1702.567335243553}, "72": {"start_sec": 1704.7936962750716, "end_sec": 1706.6189111747851}, "73": {"start_sec": 1708.8309455587394, "end_sec": 1709.3925501432664}, "74": {"start_sec": 1710.541547277937, "end_sec": 1712.9083094555874}, "75": {"start_sec": 1749.8338108882522, "end_sec": 1750.2550143266476}, "76": {"start_sec": 1774.9140401146133, "end_sec": 1775.1146131805158}, "77": {"start_sec": 1787.8681948424069, "end_sec": 1788.1289398280803}, "78": {"start_sec": 1826.785100286533, "end_sec": 1828.6103151862465}, "79": {"start_sec": 1925.7564469914041, "end_sec": 1926.0974212034384}, "80": {"start_sec": 1969.2521489971348, "end_sec": 1970.4154727793696}, "81": {"start_sec": 1970.7363896848137, "end_sec": 1971.2779369627508}, "82": {"start_sec": 1985.6819484240689, "end_sec": 1991.1776504297993}, "83": {"start_sec": 1992.1862464183382, "end_sec": 1992.8481375358167}, "84": {"start_sec": 1993.6704871060172, "end_sec": 1994.0916905444126}, "85": {"start_sec": 1995.4154727793696, "end_sec": 1998.349570200573}, "86": {"start_sec": 1999.7936962750716, "end_sec": 2001.0372492836677}, "87": {"start_sec": 2027.9684813753581, "end_sec": 2029.0916905444126}, "88": {"start_sec": 2244.272206303725, "end_sec": 2244.833810888252}, "89": {"start_sec": 2245.2148997134673, "end_sec": 2245.4355300859597}, "90": {"start_sec": 2332.1461318051574, "end_sec": 2334.4727793696275}, "91": {"start_sec": 2344.272206303725, "end_sec": 2344.8739255014325}, "92": {"start_sec": 2410.535816618911, "end_sec": 2411.9598853868197}, "93": {"start_sec": 2426.765042979943, "end_sec": 2427.426934097421}, "94": {"start_sec": 2489.4126074498568, "end_sec": 2490.3553008595986}, "95": {"start_sec": 2494.1719197707735, "end_sec": 2495.0945558739254}, "96": {"start_sec": 2576.779369627507, "end_sec": 2577.2865329512892}, "97": {"start_sec": 2582.9684813753584, "end_sec": 2583.6905444126073}, "98": {"start_sec": 2617.6275071633236, "end_sec": 2619.0315186246416}, "99": {"start_sec": 2723.9111747851002, "end_sec": 2724.3323782234957}, "100": {"start_sec": 2751.624641833811, "end_sec": 2752.5272206303725}, "101": {"start_sec": 2805.134670487106, "end_sec": 2806.3581661891117}, "102": {"start_sec": 2807.3065902578796, "end_sec": 2808.209169054441}, "103": {"start_sec": 2817.6676217765043, "end_sec": 2818.028653295129}, "104": {"start_sec": 2819.3123209169053, "end_sec": 2820.2148997134673}}