{"0": {"start_sec": 110.82234957020057, "end_sec": 111.38395415472779}, "1": {"start_sec": 469.352435530086, "end_sec": 469.5730659025788}, "2": {"start_sec": 561.9656160458453, "end_sec": 563.3495702005731}, "3": {"start_sec": 564.3123209169055, "end_sec": 565.1146131805158}, "4": {"start_sec": 571.7593123209169, "end_sec": 571.9799426934097}, "5": {"start_sec": 574.3123209169055, "end_sec": 575.0343839541547}, "6": {"start_sec": 580.5014326647564, "end_sec": 580.9226361031518}, "7": {"start_sec": 585.3553008595989, "end_sec": 585.836676217765}, "8": {"start_sec": 655.9627507163324, "end_sec": 657.7679083094556}, "9": {"start_sec": 802.8080229226362, "end_sec": 805.4011461318051}, "10": {"start_sec": 826.6590257879656, "end_sec": 826.9799426934097}, "11": {"start_sec": 966.1432664756447, "end_sec": 966.6189111747851}, "12": {"start_sec": 968.189111747851, "end_sec": 969.4727793696275}, "13": {"start_sec": 970.8767908309455, "end_sec": 971.21776504298}, "14": {"start_sec": 1041.1232091690545, "end_sec": 1043.1690544412606}, "15": {"start_sec": 1050.6418338108883, "end_sec": 1052.948424068768}, "16": {"start_sec": 1099.0315186246419, "end_sec": 1099.8338108882522}, "17": {"start_sec": 1217.6074498567336, "end_sec": 1218.5100286532952}, "18": {"start_sec": 1382.0859598853867, "end_sec": 1382.4269340974213}, "19": {"start_sec": 1454.3323782234957, "end_sec": 1454.67335243553}}