{"0": {"start_sec": 6.237822349570201, "end_sec": 6.979942693409742}, "1": {"start_sec": 131.0830945558739, "end_sec": 131.36389684813753}, "2": {"start_sec": 1131.6446991404011, "end_sec": 1131.9255014326648}, "3": {"start_sec": 1176.2836676217764, "end_sec": 1177.567335243553}, "4": {"start_sec": 1420.5014326647565, "end_sec": 1420.7621776504297}, "5": {"start_sec": 1435.4957020057307, "end_sec": 1436.6790830945558}, "6": {"start_sec": 2170.4756446991405, "end_sec": 2170.916905444126}}