{"0": {"start_sec": 6.785100286532952, "end_sec": 7.607449856733524}, "1": {"start_sec": 25.816618911174785, "end_sec": 26.21776504297994}, "2": {"start_sec": 35.541547277936964, "end_sec": 36.022922636103154}, "3": {"start_sec": 36.46418338108882, "end_sec": 36.97994269340974}, "4": {"start_sec": 41.63896848137536, "end_sec": 42.02578796561605}, "5": {"start_sec": 46.06303724928367, "end_sec": 46.383954154727796}, "6": {"start_sec": 47.587392550143264, "end_sec": 49.893982808022926}, "7": {"start_sec": 82.2865329512894, "end_sec": 82.90830945558739}, "8": {"start_sec": 83.189111747851, "end_sec": 84.27220630372493}, "9": {"start_sec": 85.3352435530086, "end_sec": 86.18338108882521}, "10": {"start_sec": 91.82521489971347, "end_sec": 92.92836676217765}, "11": {"start_sec": 202.0859598853868, "end_sec": 204.27220630372494}, "12": {"start_sec": 206.31805157593124, "end_sec": 206.81948424068767}, "13": {"start_sec": 227.98853868194843, "end_sec": 229.17191977077363}, "14": {"start_sec": 230.95702005730658, "end_sec": 231.98567335243553}, "15": {"start_sec": 286.45845272206304, "end_sec": 286.91977077363896}, "16": {"start_sec": 380.0200573065903, "end_sec": 381.1031518624642}, "17": {"start_sec": 394.352435530086, "end_sec": 396.0372492836676}, "18": {"start_sec": 396.6189111747851, "end_sec": 396.9799426934097}, "19": {"start_sec": 397.72779369627506, "end_sec": 398.4297994269341}, "20": {"start_sec": 398.9111747851003, "end_sec": 400.39541547277935}, "21": {"start_sec": 447.9484240687679, "end_sec": 449.31232091690543}, "22": {"start_sec": 487.3868194842407, "end_sec": 488.2292263610315}, "23": {"start_sec": 488.83094555873924, "end_sec": 491.5386819484241}, "24": {"start_sec": 523.6504297994269, "end_sec": 525.0744985673352}, "25": {"start_sec": 525.3352435530086, "end_sec": 526.0974212034384}, "26": {"start_sec": 526.4183381088825, "end_sec": 526.6790830945558}, "27": {"start_sec": 588.6103151862465, "end_sec": 589.1318051575931}, "28": {"start_sec": 652.3266475644699, "end_sec": 652.7879656160459}, "29": {"start_sec": 654.6332378223495, "end_sec": 655.8767908309455}, "30": {"start_sec": 657.3266475644699, "end_sec": 658.5501432664756}, "31": {"start_sec": 659.7736389684814, "end_sec": 660.1146131805158}, "32": {"start_sec": 660.5558739255015, "end_sec": 660.756446991404}, "33": {"start_sec": 660.9971346704871, "end_sec": 661.8997134670487}, "34": {"start_sec": 716.6389684813754, "end_sec": 716.9398280802292}, "35": {"start_sec": 758.3896848137535, "end_sec": 759.0916905444126}, "36": {"start_sec": 763.3094555873926, "end_sec": 763.5501432664756}, "37": {"start_sec": 769.4928366762177, "end_sec": 769.8538681948424}, "38": {"start_sec": 771.0974212034384, "end_sec": 771.9054441260745}, "39": {"start_sec": 793.6103151862465, "end_sec": 795.1747851002865}, "40": {"start_sec": 800.0744985673352, "end_sec": 801.2836676217765}, "41": {"start_sec": 814.974212034384, "end_sec": 815.1805157593124}, "42": {"start_sec": 869.4727793696275, "end_sec": 870.5959885386819}, "43": {"start_sec": 881.5444126074499, "end_sec": 882.3065902578796}, "44": {"start_sec": 889.9942693409743, "end_sec": 891.7191977077364}, "45": {"start_sec": 892.948424068768, "end_sec": 894.9140401146132}, "46": {"start_sec": 926.0171919770773, "end_sec": 926.9255014326648}, "47": {"start_sec": 927.487106017192, "end_sec": 928.028653295129}, "48": {"start_sec": 936.3638968481375, "end_sec": 936.6045845272206}, "49": {"start_sec": 997.7277936962751, "end_sec": 998.5100286532951}, "50": {"start_sec": 1049.9541547277936, "end_sec": 1050.942693409742}, "51": {"start_sec": 1088.1489971346705, "end_sec": 1088.9312320916906}, "52": {"start_sec": 1090.3409742120343, "end_sec": 1091.1174785100286}, "53": {"start_sec": 1107.8280802292263, "end_sec": 1109.0916905444126}, "54": {"start_sec": 1112.6074498567336, "end_sec": 1113.3696275071634}, "55": {"start_sec": 1114.8538681948423, "end_sec": 1115.1547277936963}, "56": {"start_sec": 1116.2578796561604, "end_sec": 1118.8510028653295}, "57": {"start_sec": 1120.0200573065902, "end_sec": 1122.246418338109}, "58": {"start_sec": 1123.0687679083094, "end_sec": 1123.7507163323783}, "59": {"start_sec": 1127.5873925501432, "end_sec": 1128.3295128939828}, "60": {"start_sec": 1134.0716332378224, "end_sec": 1136.4785100286533}, "61": {"start_sec": 1137.0659025787966, "end_sec": 1137.6676217765043}, "62": {"start_sec": 1141.2435530085959, "end_sec": 1142.6074498567336}, "63": {"start_sec": 1143.0487106017192, "end_sec": 1143.9312320916906}, "64": {"start_sec": 1144.1919770773638, "end_sec": 1144.7134670487105}, "65": {"start_sec": 1161.5186246418339, "end_sec": 1163.570200573066}, "66": {"start_sec": 1163.810888252149, "end_sec": 1164.051575931232}, "67": {"start_sec": 1206.4842406876792, "end_sec": 1206.7191977077364}, "68": {"start_sec": 1233.7507163323783, "end_sec": 1234.4126074498568}, "69": {"start_sec": 1369.9541547277936, "end_sec": 1370.9770773638968}, "70": {"start_sec": 1659.67335243553, "end_sec": 1660.134670487106}, "71": {"start_sec": 1871.5444126074499, "end_sec": 1872.0659025787966}, "72": {"start_sec": 2029.8739255014327, "end_sec": 2032.32664756447}, "73": {"start_sec": 2034.6532951289398, "end_sec": 2036.759312320917}, "74": {"start_sec": 2055.0, "end_sec": 2055.441260744986}, "75": {"start_sec": 2085.4355300859597, "end_sec": 2086.0974212034384}, "76": {"start_sec": 2125.0, "end_sec": 2125.260744985673}, "77": {"start_sec": 2173.650429799427, "end_sec": 2173.87106017192}, "78": {"start_sec": 2182.7679083094554, "end_sec": 2183.2893982808023}, "79": {"start_sec": 2184.793696275072, "end_sec": 2191.0573065902577}, "80": {"start_sec": 2191.3638968481378, "end_sec": 2192.34670487106}, "81": {"start_sec": 2200.756446991404, "end_sec": 2202.7679083094554}, "82": {"start_sec": 2240.7220630372494, "end_sec": 2241.3037249283666}, "83": {"start_sec": 2243.048710601719, "end_sec": 2244.532951289398}, "84": {"start_sec": 2262.6275071633236, "end_sec": 2263.249283667622}, "85": {"start_sec": 2295.9025787965616, "end_sec": 2296.6647564469913}, "86": {"start_sec": 2310.0, "end_sec": 2311.143266475645}, "87": {"start_sec": 2312.406876790831, "end_sec": 2312.8882521489973}, "88": {"start_sec": 2316.865329512894, "end_sec": 2317.246418338109}, "89": {"start_sec": 2318.389684813754, "end_sec": 2319.3724928366764}, "90": {"start_sec": 2322.948424068768, "end_sec": 2323.5300859598856}, "91": {"start_sec": 2324.352435530086, "end_sec": 2325.9025787965616}, "92": {"start_sec": 2326.484240687679, "end_sec": 2327.5272206303725}, "93": {"start_sec": 2335.595988538682, "end_sec": 2336.478510028653}, "94": {"start_sec": 2363.6704871060174, "end_sec": 2363.951289398281}, "95": {"start_sec": 2364.753581661891, "end_sec": 2366.5644699140403}, "96": {"start_sec": 2370.8022922636105, "end_sec": 2371.724928366762}, "97": {"start_sec": 2386.3638968481378, "end_sec": 2387.3868194842407}, "98": {"start_sec": 2388.570200573066, "end_sec": 2390.0343839541547}, "99": {"start_sec": 2390.3954154727794, "end_sec": 2390.8767908309455}, "100": {"start_sec": 2414.0716332378224, "end_sec": 2415.0143266475643}, "101": {"start_sec": 2418.2292263610316, "end_sec": 2418.89111747851}}