{"0": {"start_sec": 15.94269340974212, "end_sec": 16.5243553008596}, "1": {"start_sec": 16.76504297994269, "end_sec": 17.587392550143267}, "2": {"start_sec": 327.8280802292264, "end_sec": 328.1289398280802}, "3": {"start_sec": 360.9169054441261, "end_sec": 361.13753581661894}, "4": {"start_sec": 375.36103151862466, "end_sec": 375.9971346704871}, "5": {"start_sec": 398.83094555873924, "end_sec": 400.03438395415475}, "6": {"start_sec": 428.2893982808023, "end_sec": 429.6131805157593}, "7": {"start_sec": 430.0, "end_sec": 431.68481375358164}, "8": {"start_sec": 450.0, "end_sec": 451.48424068767906}, "9": {"start_sec": 475.07449856733524, "end_sec": 476.0974212034384}, "10": {"start_sec": 478.7507163323782, "end_sec": 479.1719197707736}, "11": {"start_sec": 479.5329512893983, "end_sec": 480.03438395415475}, "12": {"start_sec": 485.56160458452723, "end_sec": 485.8223495702006}, "13": {"start_sec": 487.9885386819484, "end_sec": 489.13180515759313}, "14": {"start_sec": 489.6131805157593, "end_sec": 489.87392550143267}, "15": {"start_sec": 493.2492836676218, "end_sec": 495.07449856733524}, "16": {"start_sec": 495.9971346704871, "end_sec": 497.10601719197706}, "17": {"start_sec": 498.18911174785103, "end_sec": 498.4699140401146}, "18": {"start_sec": 665.3753581661891, "end_sec": 667.3667621776505}, "19": {"start_sec": 672.0859598853868, "end_sec": 673.3094555873926}, "20": {"start_sec": 688.6704871060172, "end_sec": 689.8739255014326}, "21": {"start_sec": 699.051575931232, "end_sec": 700.2750716332379}, "22": {"start_sec": 728.2893982808023, "end_sec": 730.1346704871061}, "23": {"start_sec": 731.1174785100286, "end_sec": 731.9799426934097}, "24": {"start_sec": 733.5702005730659, "end_sec": 734.6934097421204}, "25": {"start_sec": 736.243553008596, "end_sec": 736.6848137535817}, "26": {"start_sec": 751.1575931232092, "end_sec": 751.7392550143267}, "27": {"start_sec": 774.8137535816619, "end_sec": 775.214899713467}, "28": {"start_sec": 778.8710601719198, "end_sec": 779.5730659025788}, "29": {"start_sec": 798.5702005730659, "end_sec": 799.1117478510029}, "30": {"start_sec": 803.4297994269341, "end_sec": 803.7908309455587}, "31": {"start_sec": 834.7535816618911, "end_sec": 836.0573065902579}, "32": {"start_sec": 836.7449856733524, "end_sec": 837.487106017192}, "33": {"start_sec": 849.5530085959886, "end_sec": 850.5358166189112}, "34": {"start_sec": 853.1289398280802, "end_sec": 853.730659025788}, "35": {"start_sec": 856.1776504297994, "end_sec": 856.7593123209169}, "36": {"start_sec": 859.1318051575931, "end_sec": 859.3524355300859}, "37": {"start_sec": 862.7879656160459, "end_sec": 863.189111747851}, "38": {"start_sec": 866.5787965616046, "end_sec": 869.5530085959886}, "39": {"start_sec": 870.4813753581661, "end_sec": 872.5272206303725}, "40": {"start_sec": 909.4126074498568, "end_sec": 909.7936962750716}, "41": {"start_sec": 911.7650429799427, "end_sec": 912.9083094555874}, "42": {"start_sec": 918.269340974212, "end_sec": 919.7134670487106}, "43": {"start_sec": 921.9656160458453, "end_sec": 922.1862464183381}, "44": {"start_sec": 926.5988538681949, "end_sec": 927.4670487106017}, "45": {"start_sec": 929.9541547277937, "end_sec": 930.6217765042979}, "46": {"start_sec": 966.4183381088825, "end_sec": 967.2865329512894}, "47": {"start_sec": 1126.2234957020057, "end_sec": 1126.8595988538682}, "48": {"start_sec": 1328.189111747851, "end_sec": 1330.3954154727794}}