{"0": {"start_sec": 34.97421203438395, "end_sec": 35.69627507163324}, "1": {"start_sec": 40.75644699140401, "end_sec": 41.117478510028654}, "2": {"start_sec": 46.378223495702, "end_sec": 47.18624641833811}}