{"0": {"start_sec": 5.11461318051576, "end_sec": 5.7163323782234965}, "1": {"start_sec": 33.99140401146132, "end_sec": 34.412607449856736}, "2": {"start_sec": 41.664756446991404, "end_sec": 41.9054441260745}, "3": {"start_sec": 43.750716332378225, "end_sec": 44.61318051575931}, "4": {"start_sec": 46.022922636103154, "end_sec": 46.24355300859599}, "5": {"start_sec": 50.07449856733524, "end_sec": 50.816618911174785}, "6": {"start_sec": 52.326647564469916, "end_sec": 52.54727793696275}, "7": {"start_sec": 55.19484240687679, "end_sec": 55.58166189111748}}