{"0": {"start_sec": 20.10028653295129, "end_sec": 21.744985673352435}, "1": {"start_sec": 50.656160458452725, "end_sec": 51.83954154727794}, "2": {"start_sec": 52.44699140401146, "end_sec": 53.02865329512894}, "3": {"start_sec": 64.4727793696275, "end_sec": 64.91404011461319}, "4": {"start_sec": 66.27793696275072, "end_sec": 66.57879656160459}, "5": {"start_sec": 90.54154727793696, "end_sec": 90.88252148997135}}