{"0": {"start_sec": 77.40687679083095, "end_sec": 77.72779369627507}}