{"0": {"start_sec": 0.5415472779369628, "end_sec": 1.5845272206303727}, "1": {"start_sec": 3.851002865329513, "end_sec": 4.7535816618911175}, "2": {"start_sec": 7.948424068767908, "end_sec": 8.630372492836676}, "3": {"start_sec": 14.392550143266476, "end_sec": 15.234957020057307}}