{"0": {"start_sec": 8.630372492836676, "end_sec": 9.492836676217765}, "1": {"start_sec": 11.785100286532952, "end_sec": 12.426934097421203}}