{"0": {"start_sec": 1.845272206303725, "end_sec": 2.186246418338109}, "1": {"start_sec": 6.484240687679083, "end_sec": 7.1461318051575935}, "2": {"start_sec": 9.593123209169054, "end_sec": 11.083094555873926}, "3": {"start_sec": 13.30945558739255, "end_sec": 13.710601719197708}, "4": {"start_sec": 20.134670487106018, "end_sec": 20.696275071633238}, "5": {"start_sec": 33.97134670487106, "end_sec": 34.713467048710605}, "6": {"start_sec": 38.63037249283668, "end_sec": 39.532951289398284}, "7": {"start_sec": 40.796561604584525, "end_sec": 41.117478510028654}, "8": {"start_sec": 41.43839541547278, "end_sec": 41.919770773638966}, "9": {"start_sec": 42.26647564469914, "end_sec": 42.56733524355301}, "10": {"start_sec": 46.60458452722063, "end_sec": 47.4269340974212}, "11": {"start_sec": 48.750716332378225, "end_sec": 49.81375358166189}, "12": {"start_sec": 50.260744985673355, "end_sec": 50.60171919770774}, "13": {"start_sec": 50.80229226361031, "end_sec": 53.02865329512894}, "14": {"start_sec": 55.39541547277937, "end_sec": 56.845272206303726}, "15": {"start_sec": 60.96275071633238, "end_sec": 61.43839541547278}, "16": {"start_sec": 63.87106017191977, "end_sec": 64.41260744985674}, "17": {"start_sec": 68.77077363896848, "end_sec": 69.39255014326648}, "18": {"start_sec": 70.3810888252149, "end_sec": 70.9971346704871}, "19": {"start_sec": 71.62464183381088, "end_sec": 72.78796561604585}, "20": {"start_sec": 74.73352435530086, "end_sec": 76.03724928366762}, "21": {"start_sec": 79.31232091690545, "end_sec": 79.73352435530086}, "22": {"start_sec": 80.30085959885386, "end_sec": 80.97707736389685}, "23": {"start_sec": 84.15186246418338, "end_sec": 84.5730659025788}, "24": {"start_sec": 86.30372492836676, "end_sec": 86.80515759312321}, "25": {"start_sec": 87.70773638968481, "end_sec": 87.96848137535817}, "26": {"start_sec": 88.48997134670488, "end_sec": 90.60171919770774}, "27": {"start_sec": 91.56446991404012, "end_sec": 91.78510028653295}, "28": {"start_sec": 92.32664756446991, "end_sec": 92.54727793696276}, "29": {"start_sec": 94.97421203438395, "end_sec": 95.89684813753581}, "30": {"start_sec": 97.58739255014326, "end_sec": 97.8080229226361}, "31": {"start_sec": 98.38968481375358, "end_sec": 99.23209169054441}, "32": {"start_sec": 101.42406876790831, "end_sec": 101.83954154727793}, "33": {"start_sec": 102.20630372492836, "end_sec": 103.5702005730659}}