{"0": {"start_sec": 0.6217765042979944, "end_sec": 1.1232091690544412}, "1": {"start_sec": 4.252148997134671, "end_sec": 4.713467048710602}}