{"0": {"start_sec": 0.0, "end_sec": 0.5616045845272206}, "1": {"start_sec": 2.567335243553009, "end_sec": 3.530085959885387}, "2": {"start_sec": 7.106017191977077, "end_sec": 8.530085959885387}, "3": {"start_sec": 9.593123209169054, "end_sec": 11.383954154727794}, "4": {"start_sec": 20.275071633237822, "end_sec": 20.856733524355302}, "5": {"start_sec": 22.38681948424069, "end_sec": 22.72779369627507}, "6": {"start_sec": 24.011461318051577, "end_sec": 24.893982808022923}, "7": {"start_sec": 26.5243553008596, "end_sec": 27.045845272206304}, "8": {"start_sec": 28.008595988538683, "end_sec": 28.269340974212035}}