{"0": {"start_sec": 19.91404011461318, "end_sec": 20.355300859598856}, "1": {"start_sec": 22.507163323782237, "end_sec": 22.84813753581662}, "2": {"start_sec": 23.770773638968482, "end_sec": 24.17191977077364}}