{"0": {"start_sec": 2.0659025787965617, "end_sec": 2.8280802292263614}, "1": {"start_sec": 6.223495702005731, "end_sec": 7.607449856733524}, "2": {"start_sec": 11.785100286532952, "end_sec": 12.54727793696275}}