{"0": {"start_sec": 13.329512893982809, "end_sec": 14.252148997134672}, "1": {"start_sec": 14.492836676217765, "end_sec": 15.255014326647565}}