{"0": {"start_sec": 63.0487106017192, "end_sec": 63.48997134670487}, "1": {"start_sec": 93.55014326647564, "end_sec": 93.75071633237822}, "2": {"start_sec": 94.73352435530086, "end_sec": 95.01432664756447}, "3": {"start_sec": 112.44699140401146, "end_sec": 113.02865329512895}}