{"0": {"start_sec": 23.730659025787965, "end_sec": 25.59598853868195}, "1": {"start_sec": 26.81948424068768, "end_sec": 27.16618911174785}, "2": {"start_sec": 75.6618911174785, "end_sec": 76.02292263610315}, "3": {"start_sec": 76.9054441260745, "end_sec": 77.24641833810888}, "4": {"start_sec": 86.55873925501433, "end_sec": 86.97994269340974}}