{"0": {"start_sec": 3.6103151862464187, "end_sec": 6.163323782234957}, "1": {"start_sec": 18.32951289398281, "end_sec": 20.39541547277937}}