{"0": {"start_sec": 33.46991404011462, "end_sec": 34.673352435530084}, "1": {"start_sec": 60.355300859598856, "end_sec": 61.117478510028654}, "2": {"start_sec": 65.28080229226362, "end_sec": 66.38395415472779}, "3": {"start_sec": 70.43553008595988, "end_sec": 71.07736389684814}, "4": {"start_sec": 89.8538681948424, "end_sec": 90.3352435530086}, "5": {"start_sec": 106.86532951289398, "end_sec": 107.48710601719198}}