{"0": {"start_sec": 59.392550143266476, "end_sec": 61.22349570200573}}