{"0": {"start_sec": 1.4641833810888254, "end_sec": 2.2464183381088825}, "1": {"start_sec": 2.4871060171919774, "end_sec": 2.7679083094555876}, "2": {"start_sec": 3.02865329512894, "end_sec": 3.489971346704871}, "3": {"start_sec": 8.911174785100286, "end_sec": 9.232091690544413}, "4": {"start_sec": 11.203438395415473, "end_sec": 11.524355300859598}, "5": {"start_sec": 12.507163323782235, "end_sec": 13.008595988538682}, "6": {"start_sec": 15.641833810888253, "end_sec": 17.06590257879656}, "7": {"start_sec": 17.46704871060172, "end_sec": 17.808022922636102}, "8": {"start_sec": 18.068767908309457, "end_sec": 18.30945558739255}, "9": {"start_sec": 20.836676217765042, "end_sec": 21.478510028653297}, "10": {"start_sec": 25.020057306590257, "end_sec": 25.636103151862464}, "11": {"start_sec": 26.32378223495702, "end_sec": 27.306590257879655}, "12": {"start_sec": 28.289398280802292, "end_sec": 28.51002865329513}, "13": {"start_sec": 29.673352435530084, "end_sec": 30.134670487106018}, "14": {"start_sec": 31.083094555873927, "end_sec": 31.363896848137536}, "15": {"start_sec": 35.375358166189116, "end_sec": 36.19770773638969}, "16": {"start_sec": 36.53868194842407, "end_sec": 37.166189111747855}, "17": {"start_sec": 43.51002865329513, "end_sec": 44.83381088825215}, "18": {"start_sec": 45.43553008595988, "end_sec": 46.97994269340974}, "19": {"start_sec": 47.26647564469914, "end_sec": 47.627507163323784}, "20": {"start_sec": 48.0487106017192, "end_sec": 48.65042979942693}, "21": {"start_sec": 52.2865329512894, "end_sec": 53.00859598853868}, "22": {"start_sec": 53.249283667621775, "end_sec": 53.730659025787965}, "23": {"start_sec": 55.27507163323782, "end_sec": 55.91690544412607}, "24": {"start_sec": 57.50716332378224, "end_sec": 58.32951289398281}, "25": {"start_sec": 59.43266475644699, "end_sec": 59.873925501432666}, "26": {"start_sec": 60.3810888252149, "end_sec": 60.702005730659025}, "27": {"start_sec": 61.44412607449857, "end_sec": 62.50716332378224}, "28": {"start_sec": 62.86819484240688, "end_sec": 63.550143266475644}, "29": {"start_sec": 63.85100286532951, "end_sec": 64.13180515759312}, "30": {"start_sec": 68.51002865329512, "end_sec": 69.0515759312321}, "31": {"start_sec": 74.97421203438395, "end_sec": 75.41547277936962}, "32": {"start_sec": 75.86246418338109, "end_sec": 76.29799426934098}, "33": {"start_sec": 76.51862464183381, "end_sec": 77.40687679083095}, "34": {"start_sec": 85.67621776504298, "end_sec": 86.13753581661891}, "35": {"start_sec": 86.6647564469914, "end_sec": 87.04584527220631}, "36": {"start_sec": 91.70487106017193, "end_sec": 92.90830945558739}, "37": {"start_sec": 94.79369627507164, "end_sec": 96.20343839541547}, "38": {"start_sec": 97.5272206303725, "end_sec": 98.10888252148997}, "39": {"start_sec": 98.55014326647564, "end_sec": 99.09169054441261}, "40": {"start_sec": 109.7134670487106, "end_sec": 111.71919770773638}, "41": {"start_sec": 112.04584527220631, "end_sec": 113.67048710601719}}