{"0": {"start_sec": 1.9656160458452723, "end_sec": 3.02865329512894}, "1": {"start_sec": 7.045845272206304, "end_sec": 7.386819484240688}, "2": {"start_sec": 11.945558739255015, "end_sec": 12.166189111747851}}