{"0": {"start_sec": 10.401146131805158, "end_sec": 10.601719197707736}, "1": {"start_sec": 14.512893982808023, "end_sec": 16.163323782234958}, "2": {"start_sec": 17.306590257879655, "end_sec": 17.667621776504298}, "3": {"start_sec": 18.30945558739255, "end_sec": 18.570200573065904}, "4": {"start_sec": 18.931232091690546, "end_sec": 19.232091690544415}, "5": {"start_sec": 25.842406876790832, "end_sec": 26.263610315186245}, "6": {"start_sec": 30.94269340974212, "end_sec": 31.53868194842407}, "7": {"start_sec": 32.146131805157594, "end_sec": 32.627507163323784}, "8": {"start_sec": 37.70773638968481, "end_sec": 38.16905444126075}, "9": {"start_sec": 38.570200573065904, "end_sec": 38.85100286532951}, "10": {"start_sec": 48.429799426934096, "end_sec": 48.79083094555874}, "11": {"start_sec": 54.25214899713467, "end_sec": 54.73352435530086}, "12": {"start_sec": 55.174785100286535, "end_sec": 55.53581661891118}, "13": {"start_sec": 66.1432664756447, "end_sec": 66.42406876790831}, "14": {"start_sec": 69.25214899713467, "end_sec": 70.52148997134671}, "15": {"start_sec": 74.51289398280802, "end_sec": 74.97421203438395}, "16": {"start_sec": 115.0, "end_sec": 115.22063037249283}}