{"0": {"start_sec": 2.6275071633237825, "end_sec": 3.1289398280802296}, "1": {"start_sec": 3.40974212034384, "end_sec": 5.29512893982808}, "2": {"start_sec": 5.977077363896848, "end_sec": 6.578796561604585}, "3": {"start_sec": 7.346704871060172, "end_sec": 7.667621776504298}, "4": {"start_sec": 8.931232091690545, "end_sec": 9.472779369627506}, "5": {"start_sec": 11.644699140401146, "end_sec": 12.26647564469914}, "6": {"start_sec": 15.160458452722063, "end_sec": 15.77650429799427}, "7": {"start_sec": 16.624641833810887, "end_sec": 17.988538681948423}, "8": {"start_sec": 18.369627507163322, "end_sec": 18.730659025787965}, "9": {"start_sec": 23.550143266475644, "end_sec": 24.15186246418338}, "10": {"start_sec": 38.63037249283668, "end_sec": 39.11174785100287}, "11": {"start_sec": 39.412607449856736, "end_sec": 39.893982808022926}, "12": {"start_sec": 40.561604584527224, "end_sec": 40.80229226361031}, "13": {"start_sec": 44.191977077363894, "end_sec": 45.23495702005731}, "14": {"start_sec": 46.097421203438394, "end_sec": 47.04584527220631}, "15": {"start_sec": 49.65329512893983, "end_sec": 50.3810888252149}, "16": {"start_sec": 50.84240687679083, "end_sec": 51.383954154727796}, "17": {"start_sec": 57.52722063037249, "end_sec": 58.189111747851}, "18": {"start_sec": 59.051575931232094, "end_sec": 59.63323782234957}, "19": {"start_sec": 60.154727793696274, "end_sec": 60.636103151862464}, "20": {"start_sec": 86.19770773638969, "end_sec": 86.7593123209169}, "21": {"start_sec": 99.55300859598854, "end_sec": 100.03438395415473}, "22": {"start_sec": 102.46704871060172, "end_sec": 102.76790830945559}, "23": {"start_sec": 103.189111747851, "end_sec": 104.1919770773639}, "24": {"start_sec": 110.20057306590257, "end_sec": 110.97707736389685}, "25": {"start_sec": 111.26361031518624, "end_sec": 111.67908309455588}}