{"0": {"start_sec": 0.9627507163323783, "end_sec": 1.3438395415472781}, "1": {"start_sec": 1.9455587392550144, "end_sec": 2.707736389684814}}