{"0": {"start_sec": 18.97134670487106, "end_sec": 20.816618911174785}, "1": {"start_sec": 38.449856733524356, "end_sec": 39.43266475644699}, "2": {"start_sec": 40.0, "end_sec": 40.30085959885387}, "3": {"start_sec": 42.126074498567334, "end_sec": 42.74785100286533}}