{"0": {"start_sec": 74.93409742120343, "end_sec": 75.88252148997135}}