{"0": {"start_sec": 0.4011461318051576, "end_sec": 1.002865329512894}, "1": {"start_sec": 4.091690544412608, "end_sec": 4.914040114613181}}