{"0": {"start_sec": 23.048710601719197, "end_sec": 23.269340974212035}, "1": {"start_sec": 25.7163323782235, "end_sec": 27.94842406876791}}