{"0": {"start_sec": 25.10028653295129, "end_sec": 26.383954154727792}, "1": {"start_sec": 29.773638968481375, "end_sec": 31.20343839541547}, "2": {"start_sec": 44.392550143266476, "end_sec": 44.77363896848138}, "3": {"start_sec": 59.412607449856736, "end_sec": 59.91404011461318}, "4": {"start_sec": 60.98280802292263, "end_sec": 62.306590257879655}, "5": {"start_sec": 81.41833810888252, "end_sec": 83.93123209169055}, "6": {"start_sec": 84.45272206303724, "end_sec": 86.11747851002866}}