{"0": {"start_sec": 38.63037249283668, "end_sec": 39.191977077363894}, "1": {"start_sec": 40.060171919770774, "end_sec": 40.82234957020057}, "2": {"start_sec": 90.64183381088826, "end_sec": 90.98280802292264}}