{"0": {"start_sec": 0.7822349570200574, "end_sec": 1.2636103151862466}, "1": {"start_sec": 3.048710601719198, "end_sec": 4.73352435530086}, "2": {"start_sec": 5.56160458452722, "end_sec": 7.64756446991404}}