{"0": {"start_sec": 55.18051575931232, "end_sec": 55.4756446991404}, "1": {"start_sec": 83.83094555873926, "end_sec": 84.53295128939828}}