{"0": {"start_sec": 17.2865329512894, "end_sec": 17.687679083094558}}