{"0": {"start_sec": 47.767908309455585, "end_sec": 48.0487106017192}}