{"0": {"start_sec": 6.343839541547278, "end_sec": 6.724928366762178}, "1": {"start_sec": 7.888252148997135, "end_sec": 9.111747851002866}, "2": {"start_sec": 15.722063037249283, "end_sec": 16.76504297994269}, "3": {"start_sec": 17.226361031518625, "end_sec": 18.289398280802292}, "4": {"start_sec": 34.61318051575931, "end_sec": 35.53581661891118}, "5": {"start_sec": 35.82234957020057, "end_sec": 36.10315186246418}, "6": {"start_sec": 36.62464183381089, "end_sec": 38.14899713467049}, "7": {"start_sec": 38.71060171919771, "end_sec": 38.911174785100286}, "8": {"start_sec": 40.84240687679083, "end_sec": 42.54727793696275}, "9": {"start_sec": 42.86819484240688, "end_sec": 43.99140401146132}, "10": {"start_sec": 49.45272206303725, "end_sec": 49.693409742120345}}