{"0": {"start_sec": 0.8825214899713467, "end_sec": 5.756446991404012}}