{"0": {"start_sec": 36.9054441260745, "end_sec": 37.326647564469916}, "1": {"start_sec": 64.93409742120343, "end_sec": 65.21489971346705}, "2": {"start_sec": 99.33237822349571, "end_sec": 101.06303724928367}}