{"0": {"start_sec": 14.53295128939828, "end_sec": 15.696275071633238}, "1": {"start_sec": 28.249283667621775, "end_sec": 29.031518624641834}, "2": {"start_sec": 36.163323782234954, "end_sec": 36.48424068767908}, "3": {"start_sec": 36.684813753581665, "end_sec": 37.106017191977074}, "4": {"start_sec": 39.61318051575931, "end_sec": 40.39541547277937}, "5": {"start_sec": 45.621776504298, "end_sec": 45.98280802292263}}