{"0": {"start_sec": 0.0, "end_sec": 0.22063037249283668}, "1": {"start_sec": 5.054441260744986, "end_sec": 5.982808022922637}, "2": {"start_sec": 7.126074498567336, "end_sec": 7.527220630372494}, "3": {"start_sec": 13.449856733524356, "end_sec": 14.17191977077364}, "4": {"start_sec": 14.873925501432666, "end_sec": 15.375358166189113}, "5": {"start_sec": 15.997134670487107, "end_sec": 16.398280802292263}, "6": {"start_sec": 25.054441260744987, "end_sec": 25.275071633237822}, "7": {"start_sec": 25.902578796561606, "end_sec": 26.544412607449857}, "8": {"start_sec": 28.469914040114613, "end_sec": 30.034383954154727}, "9": {"start_sec": 30.23495702005731, "end_sec": 31.724928366762178}, "10": {"start_sec": 42.467048710601716, "end_sec": 43.429799426934096}, "11": {"start_sec": 45.656160458452725, "end_sec": 45.87679083094556}}