{"0": {"start_sec": 5.521489971346705, "end_sec": 7.326647564469914}, "1": {"start_sec": 13.369627507163324, "end_sec": 14.673352435530086}, "2": {"start_sec": 15.702005730659026, "end_sec": 16.925501432664756}, "3": {"start_sec": 18.189111747851, "end_sec": 19.332378223495702}, "4": {"start_sec": 20.200573065902578, "end_sec": 20.78223495702006}}