{"0": {"start_sec": 31.1432664756447, "end_sec": 32.767908309455585}, "1": {"start_sec": 41.03724928366762, "end_sec": 42.4269340974212}, "2": {"start_sec": 43.87106017191977, "end_sec": 44.372492836676216}, "3": {"start_sec": 52.72779369627507, "end_sec": 53.730659025787965}, "4": {"start_sec": 55.0, "end_sec": 55.621776504298}, "5": {"start_sec": 61.4785100286533, "end_sec": 64.7134670487106}, "6": {"start_sec": 65.51575931232092, "end_sec": 66.40401146131805}, "7": {"start_sec": 68.87106017191977, "end_sec": 69.27220630372493}}