{"0": {"start_sec": 1.022922636103152, "end_sec": 2.36676217765043}, "1": {"start_sec": 5.29512893982808, "end_sec": 6.43839541547278}, "2": {"start_sec": 7.527220630372494, "end_sec": 10.054441260744987}, "3": {"start_sec": 10.441260744985673, "end_sec": 11.217765042979943}, "4": {"start_sec": 11.925501432664756, "end_sec": 12.607449856733524}, "5": {"start_sec": 17.36676217765043, "end_sec": 18.931232091690546}}