{"0": {"start_sec": 6.544412607449857, "end_sec": 7.587392550143267}, "1": {"start_sec": 10.300859598853869, "end_sec": 10.636103151862464}, "2": {"start_sec": 15.335243553008596, "end_sec": 15.716332378223496}, "3": {"start_sec": 16.80515759312321, "end_sec": 17.74785100286533}, "4": {"start_sec": 18.79083094555874, "end_sec": 18.99140401146132}, "5": {"start_sec": 19.75358166189112, "end_sec": 22.24641833810888}, "6": {"start_sec": 33.34957020057307, "end_sec": 35.95702005730659}, "7": {"start_sec": 36.9054441260745, "end_sec": 37.34670487106017}, "8": {"start_sec": 39.392550143266476, "end_sec": 40.25501432664757}, "9": {"start_sec": 41.71919770773639, "end_sec": 42.84813753581662}, "10": {"start_sec": 43.51002865329513, "end_sec": 45.154727793696274}, "11": {"start_sec": 47.38681948424069, "end_sec": 50.34097421203438}, "12": {"start_sec": 51.578796561604584, "end_sec": 51.85959885386819}, "13": {"start_sec": 52.50716332378224, "end_sec": 53.32951289398281}, "14": {"start_sec": 53.85100286532951, "end_sec": 55.11461318051576}, "15": {"start_sec": 56.76504297994269, "end_sec": 57.22636103151862}, "16": {"start_sec": 60.722063037249285, "end_sec": 63.429799426934096}, "17": {"start_sec": 65.56160458452722, "end_sec": 67.44699140401146}, "18": {"start_sec": 68.85100286532952, "end_sec": 69.17191977077364}, "19": {"start_sec": 69.8538681948424, "end_sec": 71.27793696275072}, "20": {"start_sec": 73.55014326647564, "end_sec": 73.9512893982808}, "21": {"start_sec": 76.02292263610315, "end_sec": 77.90830945558739}, "22": {"start_sec": 84.17191977077364, "end_sec": 85.61604584527221}, "23": {"start_sec": 86.86532951289398, "end_sec": 88.9512893982808}, "24": {"start_sec": 91.96561604584527, "end_sec": 93.5702005730659}, "25": {"start_sec": 94.5730659025788, "end_sec": 94.8538681948424}, "26": {"start_sec": 97.70773638968481, "end_sec": 99.87392550143267}, "27": {"start_sec": 102.76790830945559, "end_sec": 104.81375358166189}, "28": {"start_sec": 105.25501432664757, "end_sec": 105.49570200573066}}