{"0": {"start_sec": 21.25787965616046, "end_sec": 22.126074498567334}, "1": {"start_sec": 30.656160458452725, "end_sec": 31.458452722063036}, "2": {"start_sec": 36.80515759312321, "end_sec": 37.72779369627507}, "3": {"start_sec": 39.55300859598854, "end_sec": 39.79369627507163}, "4": {"start_sec": 51.1432664756447, "end_sec": 52.96848137535817}, "5": {"start_sec": 84.15186246418338, "end_sec": 84.77363896848138}, "6": {"start_sec": 86.70487106017193, "end_sec": 87.00573065902579}}