{"0": {"start_sec": 3.048710601719198, "end_sec": 3.3295128939828085}, "1": {"start_sec": 6.965616045845272, "end_sec": 8.389684813753583}, "2": {"start_sec": 11.659025787965618, "end_sec": 11.959885386819485}, "3": {"start_sec": 13.670487106017193, "end_sec": 15.194842406876791}}