{"0": {"start_sec": 2.36676217765043, "end_sec": 2.868194842406877}, "1": {"start_sec": 3.1690544412607453, "end_sec": 3.6103151862464187}, "2": {"start_sec": 4.232091690544413, "end_sec": 4.873925501432665}, "3": {"start_sec": 9.272206303724928, "end_sec": 12.74785100286533}, "4": {"start_sec": 19.573065902578797, "end_sec": 20.776504297994272}, "5": {"start_sec": 21.724928366762178, "end_sec": 22.126074498567334}, "6": {"start_sec": 25.86246418338109, "end_sec": 26.73925501432665}, "7": {"start_sec": 29.35243553008596, "end_sec": 29.893982808022923}}