{"0": {"start_sec": 9.45272206303725, "end_sec": 10.856733524355302}, "1": {"start_sec": 11.283667621776505, "end_sec": 11.51862464183381}, "2": {"start_sec": 11.865329512893982, "end_sec": 12.787965616045845}, "3": {"start_sec": 15.0, "end_sec": 15.742120343839542}, "4": {"start_sec": 61.88538681948424, "end_sec": 62.36676217765043}, "5": {"start_sec": 63.12893982808023, "end_sec": 63.46991404011462}, "6": {"start_sec": 63.810888252149, "end_sec": 65.756446991404}, "7": {"start_sec": 68.83094555873926, "end_sec": 73.00859598853869}, "8": {"start_sec": 74.55300859598854, "end_sec": 75.6618911174785}}