{"0": {"start_sec": 46.343839541547275, "end_sec": 46.664756446991404}, "1": {"start_sec": 47.52722063037249, "end_sec": 47.948424068767906}, "2": {"start_sec": 73.00859598853869, "end_sec": 73.61031518624642}}