{"0": {"start_sec": 10.515759312320917, "end_sec": 11.163323782234958}, "1": {"start_sec": 24.07163323782235, "end_sec": 24.37249283667622}, "2": {"start_sec": 58.249283667621775, "end_sec": 60.174785100286535}}