{"0": {"start_sec": 50.64183381088825, "end_sec": 51.97994269340974}, "1": {"start_sec": 67.04584527220631, "end_sec": 68.00859598853869}, "2": {"start_sec": 75.04011461318052, "end_sec": 75.58166189111748}, "3": {"start_sec": 75.98280802292264, "end_sec": 76.36389684813754}}