{"0": {"start_sec": 3.770773638968482, "end_sec": 4.011461318051576}, "1": {"start_sec": 4.853868194842407, "end_sec": 6.137535816618912}, "2": {"start_sec": 8.10888252148997, "end_sec": 9.212034383954155}, "3": {"start_sec": 14.833810888252149, "end_sec": 16.05730659025788}, "4": {"start_sec": 20.541547277936964, "end_sec": 20.776504297994272}, "5": {"start_sec": 21.76504297994269, "end_sec": 22.56733524355301}, "6": {"start_sec": 28.770773638968482, "end_sec": 30.240687679083095}, "7": {"start_sec": 31.32378223495702, "end_sec": 32.767908309455585}, "8": {"start_sec": 33.068767908309454, "end_sec": 33.63037249283668}, "9": {"start_sec": 37.22636103151862, "end_sec": 37.86819484240688}, "10": {"start_sec": 38.38968481375358, "end_sec": 38.77077363896848}, "11": {"start_sec": 41.25787965616046, "end_sec": 41.759312320916905}, "12": {"start_sec": 43.65042979942693, "end_sec": 43.891117478510026}, "13": {"start_sec": 44.49283667621776, "end_sec": 45.21489971346705}}