{"0": {"start_sec": 4.372492836676218, "end_sec": 5.762177650429799}}