{"0": {"start_sec": 0.3610315186246419, "end_sec": 2.868194842406877}, "1": {"start_sec": 5.67621776504298, "end_sec": 6.518624641833811}, "2": {"start_sec": 7.54727793696275, "end_sec": 8.750716332378223}}