{"0": {"start_sec": 0.04011461318051576, "end_sec": 3.489971346704871}}