{"0": {"start_sec": 0.6217765042979944, "end_sec": 1.8051575931232093}, "1": {"start_sec": 2.346704871060172, "end_sec": 3.2693409742120347}}