{"0": {"start_sec": 16.584527220630374, "end_sec": 17.025787965616047}, "1": {"start_sec": 17.72779369627507, "end_sec": 18.429799426934096}, "2": {"start_sec": 18.931232091690546, "end_sec": 19.35243553008596}}