{"0": {"start_sec": 1.4040114613180517, "end_sec": 1.6446991404011462}, "1": {"start_sec": 82.86819484240688, "end_sec": 83.36962750716333}, "2": {"start_sec": 114.03151862464183, "end_sec": 114.61318051575931}, "3": {"start_sec": 115.83667621776505, "end_sec": 116.77936962750717}, "4": {"start_sec": 117.70773638968481, "end_sec": 118.36962750716333}}