{"0": {"start_sec": 3.891117478510029, "end_sec": 4.45272206303725}, "1": {"start_sec": 51.6189111747851, "end_sec": 51.95988538681949}}