{"0": {"start_sec": 1.2034383954154728, "end_sec": 2.045845272206304}}