{"0": {"start_sec": 6.223495702005731, "end_sec": 6.724928366762178}, "1": {"start_sec": 7.36676217765043, "end_sec": 8.008595988538682}, "2": {"start_sec": 13.048710601719197, "end_sec": 14.17191977077364}, "3": {"start_sec": 15.0, "end_sec": 15.48137535816619}, "4": {"start_sec": 16.5243553008596, "end_sec": 17.045845272206304}}