{"0": {"start_sec": 11.197707736389685, "end_sec": 12.045845272206304}}