{"0": {"start_sec": 67.46704871060172, "end_sec": 67.76790830945559}, "1": {"start_sec": 68.77077363896848, "end_sec": 68.99140401146131}, "2": {"start_sec": 86.31805157593124, "end_sec": 86.85959885386819}, "3": {"start_sec": 93.08882521489971, "end_sec": 93.99140401146131}, "4": {"start_sec": 107.98853868194843, "end_sec": 108.44985673352436}, "5": {"start_sec": 114.83381088825215, "end_sec": 115.55587392550143}}