{"0": {"start_sec": 70.12034383954155, "end_sec": 70.67621776504298}, "1": {"start_sec": 72.38681948424069, "end_sec": 72.64756446991404}}