{"0": {"start_sec": 1.183381088825215, "end_sec": 2.9484240687679084}, "1": {"start_sec": 3.209169054441261, "end_sec": 3.6103151862464187}, "2": {"start_sec": 5.01432664756447, "end_sec": 6.137535816618912}, "3": {"start_sec": 6.9054441260744985, "end_sec": 7.386819484240688}}