{"0": {"start_sec": 2.8280802292263614, "end_sec": 3.4498567335243555}, "1": {"start_sec": 103.77077363896848, "end_sec": 106.16332378223495}, "2": {"start_sec": 124.03151862464183, "end_sec": 125.0945558739255}, "3": {"start_sec": 132.22636103151862, "end_sec": 133.2893982808023}}