{"0": {"start_sec": 10.435530085959886, "end_sec": 12.868194842406877}, "1": {"start_sec": 13.550143266475645, "end_sec": 16.383954154727792}, "2": {"start_sec": 17.92836676217765, "end_sec": 18.32951289398281}, "3": {"start_sec": 23.871060171919773, "end_sec": 24.63323782234957}, "4": {"start_sec": 25.696275071633238, "end_sec": 26.558739255014327}}