{"0": {"start_sec": 1.2034383954154728, "end_sec": 2.36676217765043}, "1": {"start_sec": 7.948424068767908, "end_sec": 8.931232091690545}, "2": {"start_sec": 10.39541547277937, "end_sec": 10.77650429799427}, "3": {"start_sec": 15.020057306590259, "end_sec": 15.94269340974212}, "4": {"start_sec": 16.744985673352435, "end_sec": 17.045845272206304}}