{"0": {"start_sec": 36.54441260744986, "end_sec": 38.00859598853868}}