{"0": {"start_sec": 62.106017191977074, "end_sec": 62.56733524355301}, "1": {"start_sec": 82.98853868194843, "end_sec": 83.77077363896848}, "2": {"start_sec": 116.76504297994269, "end_sec": 117.20630372492836}, "3": {"start_sec": 124.95415472779369, "end_sec": 125.51575931232092}}