{"0": {"start_sec": 41.33810888252149, "end_sec": 42.0}, "1": {"start_sec": 48.51002865329513, "end_sec": 48.99140401146132}, "2": {"start_sec": 50.95702005730659, "end_sec": 53.46991404011462}, "3": {"start_sec": 54.873925501432666, "end_sec": 55.84240687679083}, "4": {"start_sec": 56.62464183381089, "end_sec": 57.106017191977074}}