{"0": {"start_sec": 29.15186246418338, "end_sec": 30.074498567335244}, "1": {"start_sec": 35.0, "end_sec": 35.541547277936964}}