{"0": {"start_sec": 1.684813753581662, "end_sec": 2.4469914040114613}, "1": {"start_sec": 5.962750716332378, "end_sec": 6.4240687679083095}, "2": {"start_sec": 8.51002865329513, "end_sec": 8.790830945558739}, "3": {"start_sec": 10.501432664756447, "end_sec": 12.226361031518625}, "4": {"start_sec": 12.888252148997136, "end_sec": 13.40974212034384}, "5": {"start_sec": 14.07163323782235, "end_sec": 14.573065902578797}, "6": {"start_sec": 20.656160458452725, "end_sec": 21.498567335243553}}