{"0": {"start_sec": 10.140401146131806, "end_sec": 10.595988538681949}, "1": {"start_sec": 42.20630372492837, "end_sec": 42.44699140401146}, "2": {"start_sec": 83.83094555873926, "end_sec": 84.59312320916905}, "3": {"start_sec": 85.0, "end_sec": 86.20343839541547}, "4": {"start_sec": 98.51002865329512, "end_sec": 99.77363896848138}, "5": {"start_sec": 100.11461318051576, "end_sec": 101.20343839541547}, "6": {"start_sec": 117.12607449856733, "end_sec": 118.32951289398281}, "7": {"start_sec": 119.31232091690545, "end_sec": 119.7134670487106}}