{"0": {"start_sec": 78.83094555873926, "end_sec": 81.47851002865329}, "1": {"start_sec": 86.92550143266476, "end_sec": 88.5702005730659}}