{"0": {"start_sec": 1.70487106017192, "end_sec": 5.997134670487107}, "1": {"start_sec": 6.223495702005731, "end_sec": 8.550143266475645}, "2": {"start_sec": 9.472779369627506, "end_sec": 11.51862464183381}, "3": {"start_sec": 13.931232091690545, "end_sec": 16.363896848137536}, "4": {"start_sec": 18.89111747851003, "end_sec": 19.954154727793696}, "5": {"start_sec": 20.656160458452725, "end_sec": 23.229226361031518}, "6": {"start_sec": 25.200573065902578, "end_sec": 26.022922636103154}, "7": {"start_sec": 26.42406876790831, "end_sec": 27.46704871060172}}