{"0": {"start_sec": 127.88825214899714, "end_sec": 129.27220630372494}, "1": {"start_sec": 129.53295128939828, "end_sec": 129.97421203438395}, "2": {"start_sec": 131.46418338108882, "end_sec": 131.72492836676219}, "3": {"start_sec": 132.76790830945558, "end_sec": 134.17191977077363}, "4": {"start_sec": 135.40114613180515, "end_sec": 136.5644699140401}}