{"0": {"start_sec": 26.318051575931232, "end_sec": 26.979942693409743}, "1": {"start_sec": 33.38968481375358, "end_sec": 34.93409742120344}, "2": {"start_sec": 36.96561604584527, "end_sec": 37.70773638968481}, "3": {"start_sec": 54.77363896848138, "end_sec": 55.722063037249285}, "4": {"start_sec": 56.60458452722063, "end_sec": 58.189111747851}, "5": {"start_sec": 88.93123209169055, "end_sec": 91.91977077363897}}