{"0": {"start_sec": 62.06590257879656, "end_sec": 63.51002865329513}, "1": {"start_sec": 89.37249283667622, "end_sec": 90.16045845272207}}