{"0": {"start_sec": 88.08882521489971, "end_sec": 88.87106017191977}, "1": {"start_sec": 146.20343839541547, "end_sec": 147.0859598853868}}