{"0": {"start_sec": 10.636103151862464, "end_sec": 12.707736389684815}, "1": {"start_sec": 23.12893982808023, "end_sec": 24.25214899713467}, "2": {"start_sec": 52.22636103151862, "end_sec": 53.108882521489974}, "3": {"start_sec": 76.0028653295129, "end_sec": 76.95988538681948}, "4": {"start_sec": 77.50716332378224, "end_sec": 77.86819484240688}, "5": {"start_sec": 85.48137535816619, "end_sec": 87.44699140401146}, "6": {"start_sec": 87.88825214899714, "end_sec": 88.46991404011462}, "7": {"start_sec": 91.60458452722062, "end_sec": 92.86819484240688}, "8": {"start_sec": 93.63037249283667, "end_sec": 94.07163323782235}, "9": {"start_sec": 95.22063037249283, "end_sec": 96.40401146131805}, "10": {"start_sec": 96.98567335243553, "end_sec": 97.70773638968481}, "11": {"start_sec": 226.31805157593124, "end_sec": 227.2865329512894}, "12": {"start_sec": 228.30945558739256, "end_sec": 228.83094555873924}, "13": {"start_sec": 240.06017191977077, "end_sec": 240.80229226361033}, "14": {"start_sec": 241.20343839541547, "end_sec": 241.6246418338109}}