{"0": {"start_sec": 0.7421203438395416, "end_sec": 2.045845272206304}, "1": {"start_sec": 4.532951289398281, "end_sec": 6.037249283667622}, "2": {"start_sec": 10.361031518624642, "end_sec": 11.343839541547279}, "3": {"start_sec": 12.707736389684815, "end_sec": 12.988538681948423}, "4": {"start_sec": 19.27220630372493, "end_sec": 20.335243553008596}, "5": {"start_sec": 22.92836676217765, "end_sec": 24.553008595988537}}