{"0": {"start_sec": 39.5730659025788, "end_sec": 40.014326647564474}, "1": {"start_sec": 58.99140401146132, "end_sec": 59.63323782234957}}