{"0": {"start_sec": 100.92263610315186, "end_sec": 101.69914040114614}}