{"0": {"start_sec": 28.269340974212035, "end_sec": 28.67048710601719}, "1": {"start_sec": 52.808022922636106, "end_sec": 55.93696275071633}, "2": {"start_sec": 61.39828080229226, "end_sec": 61.97994269340974}}