{"0": {"start_sec": 69.87392550143267, "end_sec": 70.7163323782235}, "1": {"start_sec": 74.11174785100286, "end_sec": 74.432664756447}, "2": {"start_sec": 77.1461318051576, "end_sec": 77.48710601719198}}