{"0": {"start_sec": 68.65042979942693, "end_sec": 68.9512893982808}}