{"0": {"start_sec": 0.6017191977077364, "end_sec": 1.3438395415472781}, "1": {"start_sec": 50.260744985673355, "end_sec": 50.73638968481375}, "2": {"start_sec": 69.35243553008596, "end_sec": 69.83381088825215}, "3": {"start_sec": 71.55873925501433, "end_sec": 72.72779369627507}, "4": {"start_sec": 74.17191977077364, "end_sec": 74.63323782234957}}