{"0": {"start_sec": 0.7621776504297995, "end_sec": 1.9054441260744988}}