{"0": {"start_sec": 0.681948424068768, "end_sec": 1.2435530085959887}, "1": {"start_sec": 6.624641833810888, "end_sec": 7.286532951289399}}