{"0": {"start_sec": 1.9054441260744988, "end_sec": 2.5472779369627507}, "1": {"start_sec": 3.6103151862464187, "end_sec": 6.478510028653296}}