{"0": {"start_sec": 1.0630372492836677, "end_sec": 2.64756446991404}, "1": {"start_sec": 3.851002865329513, "end_sec": 4.07163323782235}}