{"0": {"start_sec": 140.93696275071633, "end_sec": 142.0}, "1": {"start_sec": 156.60458452722062, "end_sec": 157.3266475644699}, "2": {"start_sec": 213.65042979942695, "end_sec": 214.17191977077363}}