{"0": {"start_sec": 2.36676217765043, "end_sec": 2.7478510028653296}, "1": {"start_sec": 17.406876790830946, "end_sec": 18.229226361031518}, "2": {"start_sec": 22.527220630372494, "end_sec": 22.968481375358166}}