{"0": {"start_sec": 6.083094555873926, "end_sec": 6.659025787965617}, "1": {"start_sec": 16.017191977077363, "end_sec": 16.578796561604584}, "2": {"start_sec": 45.12034383954155, "end_sec": 45.55587392550143}, "3": {"start_sec": 83.30945558739255, "end_sec": 83.53008595988538}, "4": {"start_sec": 85.94269340974212, "end_sec": 86.46418338108883}, "5": {"start_sec": 113.9512893982808, "end_sec": 116.63896848137536}, "6": {"start_sec": 118.20916905444126, "end_sec": 119.13180515759312}, "7": {"start_sec": 130.1002865329513, "end_sec": 130.72206303724928}}