{"0": {"start_sec": 17.607449856733524, "end_sec": 17.92836676217765}, "1": {"start_sec": 33.51002865329513, "end_sec": 33.71060171919771}, "2": {"start_sec": 36.4785100286533, "end_sec": 36.95988538681949}, "3": {"start_sec": 37.24641833810888, "end_sec": 37.70773638968481}, "4": {"start_sec": 37.92836676217765, "end_sec": 38.22922636103152}, "5": {"start_sec": 41.664756446991404, "end_sec": 42.26647564469914}, "6": {"start_sec": 61.117478510028654, "end_sec": 61.97994269340974}, "7": {"start_sec": 69.29226361031519, "end_sec": 70.29512893982807}}