{"0": {"start_sec": 74.65329512893983, "end_sec": 76.95988538681948}, "1": {"start_sec": 82.64756446991404, "end_sec": 85.18051575931231}, "2": {"start_sec": 86.20343839541547, "end_sec": 86.5243553008596}, "3": {"start_sec": 87.02578796561605, "end_sec": 87.58739255014326}, "4": {"start_sec": 114.75358166189112, "end_sec": 115.30085959885386}, "5": {"start_sec": 174.69340974212034, "end_sec": 175.45558739255014}}