{"0": {"start_sec": 56.07736389684814, "end_sec": 56.98567335243553}}