{"0": {"start_sec": 1.363896848137536, "end_sec": 3.189111747851003}, "1": {"start_sec": 3.40974212034384, "end_sec": 11.899713467048711}, "2": {"start_sec": 14.031518624641834, "end_sec": 17.08595988538682}, "3": {"start_sec": 17.94842406876791, "end_sec": 19.07163323782235}}