{"0": {"start_sec": 1.2234957020057307, "end_sec": 6.037249283667622}, "1": {"start_sec": 6.644699140401146, "end_sec": 9.292263610315187}, "2": {"start_sec": 9.512893982808023, "end_sec": 16.638968481375358}, "3": {"start_sec": 16.945558739255013, "end_sec": 19.472779369627506}, "4": {"start_sec": 19.83381088825215, "end_sec": 21.965616045845273}, "5": {"start_sec": 22.868194842406876, "end_sec": 23.389684813753583}}