{"0": {"start_sec": 30.375358166189113, "end_sec": 31.464183381088827}, "1": {"start_sec": 57.82808022922636, "end_sec": 59.5730659025788}, "2": {"start_sec": 59.77363896848138, "end_sec": 62.22636103151862}, "3": {"start_sec": 70.0, "end_sec": 70.28080229226362}}