{"0": {"start_sec": 15.962750716332378, "end_sec": 16.197707736389685}, "1": {"start_sec": 19.653295128939828, "end_sec": 20.822349570200572}, "2": {"start_sec": 68.91117478510029, "end_sec": 69.89398280802293}, "3": {"start_sec": 71.243553008596, "end_sec": 72.04584527220631}}