{"0": {"start_sec": 81.2836676217765, "end_sec": 82.9484240687679}, "1": {"start_sec": 87.54727793696276, "end_sec": 89.29226361031519}, "2": {"start_sec": 94.11174785100286, "end_sec": 96.06303724928367}, "3": {"start_sec": 110.82234957020057, "end_sec": 111.83954154727793}, "4": {"start_sec": 122.06590257879657, "end_sec": 124.29226361031519}, "5": {"start_sec": 127.10601719197707, "end_sec": 128.22922636103152}, "6": {"start_sec": 131.02292263610315, "end_sec": 131.43839541547277}, "7": {"start_sec": 131.78510028653295, "end_sec": 133.16905444126076}, "8": {"start_sec": 133.59025787965615, "end_sec": 134.27220630372494}, "9": {"start_sec": 135.70200573065904, "end_sec": 137.12607449856733}}