{"0": {"start_sec": 52.90830945558739, "end_sec": 54.27220630372493}, "1": {"start_sec": 60.59598853868195, "end_sec": 64.21203438395415}, "2": {"start_sec": 65.0, "end_sec": 67.42693409742121}, "3": {"start_sec": 68.06876790830945, "end_sec": 68.30945558739255}, "4": {"start_sec": 86.82521489971347, "end_sec": 89.51289398280802}, "5": {"start_sec": 91.59885386819484, "end_sec": 93.79083094555874}, "6": {"start_sec": 96.47851002865329, "end_sec": 97.92836676217765}, "7": {"start_sec": 102.34670487106017, "end_sec": 103.189111747851}}