{"0": {"start_sec": 2.64756446991404, "end_sec": 4.091690544412608}, "1": {"start_sec": 5.080229226361031, "end_sec": 5.782234957020058}, "2": {"start_sec": 6.363896848137536, "end_sec": 6.644699140401146}, "3": {"start_sec": 14.151862464183381, "end_sec": 14.873925501432666}, "4": {"start_sec": 15.882521489971346, "end_sec": 16.283667621776505}, "5": {"start_sec": 18.249283667621775, "end_sec": 18.48997134670487}, "6": {"start_sec": 18.710601719197708, "end_sec": 19.131805157593124}}