{"0": {"start_sec": 5.020057306590258, "end_sec": 5.260744985673353}, "1": {"start_sec": 6.80515759312321, "end_sec": 7.36676217765043}, "2": {"start_sec": 77.16618911174785, "end_sec": 78.0487106017192}, "3": {"start_sec": 85.621776504298, "end_sec": 86.08309455587393}}