{"0": {"start_sec": 5.501432664756447, "end_sec": 6.077363896848138}, "1": {"start_sec": 14.151862464183381, "end_sec": 15.922636103151863}, "2": {"start_sec": 29.131805157593124, "end_sec": 30.702005730659025}, "3": {"start_sec": 64.09169054441261, "end_sec": 66.18338108882521}}