{"0": {"start_sec": 0.02005730659025788, "end_sec": 0.3209169054441261}, "1": {"start_sec": 12.386819484240688, "end_sec": 13.249283667621777}, "2": {"start_sec": 20.040114613180517, "end_sec": 20.280802292263612}, "3": {"start_sec": 41.26361031518625, "end_sec": 42.627507163323784}, "4": {"start_sec": 58.249283667621775, "end_sec": 59.15186246418338}, "5": {"start_sec": 60.30085959885387, "end_sec": 61.72492836676218}, "6": {"start_sec": 63.12893982808023, "end_sec": 64.23209169054441}, "7": {"start_sec": 69.09169054441261, "end_sec": 69.8538681948424}, "8": {"start_sec": 72.58739255014326, "end_sec": 72.8080229226361}, "9": {"start_sec": 77.44699140401146, "end_sec": 78.61031518624642}, "10": {"start_sec": 79.13180515759312, "end_sec": 79.37249283667622}, "11": {"start_sec": 110.29512893982807, "end_sec": 111.55873925501433}}