{"0": {"start_sec": 29.432664756446993, "end_sec": 30.95702005730659}, "1": {"start_sec": 31.51862464183381, "end_sec": 31.945558739255013}, "2": {"start_sec": 33.14899713467049, "end_sec": 33.9512893982808}, "3": {"start_sec": 37.2865329512894, "end_sec": 37.90830945558739}, "4": {"start_sec": 43.068767908309454, "end_sec": 43.810888252149}, "5": {"start_sec": 50.154727793696274, "end_sec": 50.93696275071633}, "6": {"start_sec": 53.750716332378225, "end_sec": 54.893982808022926}, "7": {"start_sec": 55.3810888252149, "end_sec": 55.742120343839545}, "8": {"start_sec": 56.825214899713465, "end_sec": 58.12893982808023}, "9": {"start_sec": 58.63037249283668, "end_sec": 58.931232091690546}, "10": {"start_sec": 67.92836676217765, "end_sec": 70.25501432664757}, "11": {"start_sec": 87.06590257879657, "end_sec": 88.34957020057307}, "12": {"start_sec": 88.5702005730659, "end_sec": 89.63323782234957}, "13": {"start_sec": 90.02005730659026, "end_sec": 90.44126074498567}, "14": {"start_sec": 91.64469914040114, "end_sec": 93.26934097421203}, "15": {"start_sec": 116.12320916905445, "end_sec": 116.40401146131805}, "16": {"start_sec": 119.1919770773639, "end_sec": 119.55300859598854}, "17": {"start_sec": 137.46704871060172, "end_sec": 139.8137535816619}, "18": {"start_sec": 143.4297994269341, "end_sec": 144.31232091690543}, "19": {"start_sec": 144.59312320916905, "end_sec": 144.9942693409742}, "20": {"start_sec": 146.34383954154728, "end_sec": 147.22636103151862}, "21": {"start_sec": 147.76790830945558, "end_sec": 148.2893982808023}, "22": {"start_sec": 164.6733524355301, "end_sec": 166.2378223495702}, "23": {"start_sec": 166.57879656160458, "end_sec": 167.1862464183381}, "24": {"start_sec": 168.14899713467048, "end_sec": 168.46991404011462}, "25": {"start_sec": 168.79083094555875, "end_sec": 170.74212034383953}, "26": {"start_sec": 175.02005730659025, "end_sec": 175.36103151862463}, "27": {"start_sec": 221.90544412607449, "end_sec": 223.20916905444125}, "28": {"start_sec": 223.59025787965615, "end_sec": 224.31232091690543}, "29": {"start_sec": 225.32091690544414, "end_sec": 226.43839541547277}, "30": {"start_sec": 227.60744985673352, "end_sec": 228.73065902578796}, "31": {"start_sec": 230.56160458452723, "end_sec": 230.92263610315186}, "32": {"start_sec": 233.99140401146133, "end_sec": 234.47277936962752}, "33": {"start_sec": 246.88538681948424, "end_sec": 247.72779369627509}, "34": {"start_sec": 249.53295128939828, "end_sec": 250.54154727793696}, "35": {"start_sec": 250.9971346704871, "end_sec": 251.4785100286533}, "36": {"start_sec": 261.13753581661894, "end_sec": 261.9598853868195}}