{"0": {"start_sec": 1.4441260744985676, "end_sec": 2.7679083094555876}, "1": {"start_sec": 25.26074498567335, "end_sec": 25.621776504297994}, "2": {"start_sec": 54.673352435530084, "end_sec": 55.375358166189116}, "3": {"start_sec": 74.61318051575931, "end_sec": 76.71919770773638}, "4": {"start_sec": 86.50429799426934, "end_sec": 87.30659025787966}}