{"0": {"start_sec": 34.79369627507163, "end_sec": 36.46418338108882}, "1": {"start_sec": 59.95415472779369, "end_sec": 61.25787965616046}, "2": {"start_sec": 64.79369627507164, "end_sec": 65.32091690544412}, "3": {"start_sec": 75.17478510028653, "end_sec": 76.45845272206304}, "4": {"start_sec": 85.0, "end_sec": 85.3810888252149}, "5": {"start_sec": 91.78510028653295, "end_sec": 93.08882521489971}, "6": {"start_sec": 93.9512893982808, "end_sec": 95.08022922636103}, "7": {"start_sec": 96.59885386819484, "end_sec": 97.06590257879657}, "8": {"start_sec": 100.0, "end_sec": 100.28080229226362}, "9": {"start_sec": 116.55873925501433, "end_sec": 117.62750716332378}, "10": {"start_sec": 118.87106017191977, "end_sec": 119.79369627507164}, "11": {"start_sec": 120.37535816618912, "end_sec": 121.07736389684814}, "12": {"start_sec": 122.40687679083095, "end_sec": 123.24928366762178}, "13": {"start_sec": 123.73065902578797, "end_sec": 124.09169054441261}, "14": {"start_sec": 125.25501432664757, "end_sec": 125.87679083094557}, "15": {"start_sec": 127.38681948424069, "end_sec": 127.78796561604585}, "16": {"start_sec": 132.74785100286533, "end_sec": 135.2951289398281}}