{"0": {"start_sec": 70.49570200573066, "end_sec": 70.9570200573066}, "1": {"start_sec": 71.51862464183381, "end_sec": 71.91977077363897}, "2": {"start_sec": 73.30945558739255, "end_sec": 74.79369627507164}, "3": {"start_sec": 81.243553008596, "end_sec": 82.04584527220631}}