{"0": {"start_sec": 0.6017191977077364, "end_sec": 1.524355300859599}, "1": {"start_sec": 4.813753581661891, "end_sec": 6.263610315186247}, "2": {"start_sec": 17.38681948424069, "end_sec": 19.75358166189112}, "3": {"start_sec": 20.11461318051576, "end_sec": 23.469914040114613}, "4": {"start_sec": 25.361031518624642, "end_sec": 26.383954154727792}}