{"0": {"start_sec": 19.850239596469105, "end_sec": 22.032358133669607}, "1": {"start_sec": 50.49375367801597, "end_sec": 53.94290878520386}, "2": {"start_sec": 64.29037410676754, "end_sec": 65.41662883564523}, "3": {"start_sec": 89.88920554854981, "end_sec": 91.95400588482555}}