{"0": {"start_sec": 0.0, "end_sec": 1.261855670103093}, "1": {"start_sec": 3.2659793814432994, "end_sec": 5.492783505154639}, "2": {"start_sec": 7.595876288659794, "end_sec": 9.030927835051546}, "3": {"start_sec": 14.622680412371135, "end_sec": 16.775257731958764}}