{"0": {"start_sec": 22.034836325237595, "end_sec": 24.40998944033791}}