{"0": {"start_sec": 24.98507462686567, "end_sec": 27.096489384065585}, "1": {"start_sec": 33.970317426949755, "end_sec": 34.62720201807862}, "2": {"start_sec": 38.52158923691402, "end_sec": 42.697498423376075}, "3": {"start_sec": 46.09922219886483, "end_sec": 52.808829093966786}, "4": {"start_sec": 55.62404877023334, "end_sec": 57.10203910027328}, "5": {"start_sec": 59.9876392684465, "end_sec": 61.77061173008198}, "6": {"start_sec": 63.69434517553079, "end_sec": 73.14879125499264}, "7": {"start_sec": 79.71763716628126, "end_sec": 81.43022913601008}, "8": {"start_sec": 83.70586504099222, "end_sec": 85.58267815850326}, "9": {"start_sec": 88.74980029430313, "end_sec": 89.7585873449653}, "10": {"start_sec": 102.47399621610258, "end_sec": 104.04582720201807}}