{"0": {"start_sec": 0.0, "end_sec": 0.5777059773828757}, "1": {"start_sec": 6.788045234248789, "end_sec": 13.937156704361875}, "2": {"start_sec": 20.412277867528275, "end_sec": 25.13021001615509}}