{"0": {"start_sec": 60.57296043090947, "end_sec": 60.8310171949451}, "1": {"start_sec": 107.68004972032318, "end_sec": 107.91464677853739}}