{"0": {"start_sec": 6.136163522012579, "end_sec": 7.60188679245283}}