{"0": {"start_sec": 13.434530706836615, "end_sec": 15.755040556199303}}