{"0": {"start_sec": 59.44423821702594, "end_sec": 61.947650712458895}}