{"0": {"start_sec": 3.212535107169254, "end_sec": 5.90539541759054}, "1": {"start_sec": 18.401212121212122, "end_sec": 19.936614929785662}}