{"0": {"start_sec": 23.426595970307527, "end_sec": 25.14360551431601}}