{"0": {"start_sec": 13.974376452362508, "end_sec": 15.240511231603406}}