{"0": {"start_sec": 2.298672081218274, "end_sec": 10.179833502538072}, "1": {"start_sec": 11.305713705583758, "end_sec": 11.634095431472081}, "2": {"start_sec": 14.753721827411168, "end_sec": 18.553567512690357}, "3": {"start_sec": 45.24631065989848, "end_sec": 47.943731979695436}, "4": {"start_sec": 49.89056649746193, "end_sec": 52.11887106598985}, "5": {"start_sec": 57.232243654822334, "end_sec": 60.28150253807107}, "6": {"start_sec": 102.71311269035533, "end_sec": 104.58957969543148}}