{"0": {"start_sec": 15.241730279898217, "end_sec": 16.672108044627127}, "1": {"start_sec": 26.02818555490311, "end_sec": 28.16202779408886}, "2": {"start_sec": 43.49755333724799, "end_sec": 49.17216676453317}, "3": {"start_sec": 52.07981992562145, "end_sec": 53.48674887453513}, "4": {"start_sec": 57.355803484047755, "end_sec": 64.10906243883343}, "5": {"start_sec": 74.94241534546877, "end_sec": 77.17005284791544}, "6": {"start_sec": 92.03660207477, "end_sec": 93.25594049716186}, "7": {"start_sec": 94.61597181444509, "end_sec": 98.60227050303385}, "8": {"start_sec": 109.99839498923467, "end_sec": 113.79710315130161}}