{"0": {"start_sec": 1.4438897893030793, "end_sec": 2.7384116693679093}, "1": {"start_sec": 6.970502431118314, "end_sec": 9.932965964343598}}