{"0": {"start_sec": 0.45913043478260873, "end_sec": 3.3860869565217397}}