{"0": {"start_sec": 19.059182042990297, "end_sec": 20.325105573521018}, "1": {"start_sec": 35.53963096823283, "end_sec": 37.46195929237207}, "2": {"start_sec": 41.54104622408217, "end_sec": 42.99451398135818}}