{"0": {"start_sec": 23.972557127312296, "end_sec": 25.689923830250272}, "1": {"start_sec": 29.454015233949946, "end_sec": 31.10080522306855}, "2": {"start_sec": 59.59027203482046, "end_sec": 62.71917301414581}, "3": {"start_sec": 81.79841131664853, "end_sec": 86.45647442872688}}