{"0": {"start_sec": 0.0, "end_sec": 0.8013559322033897}, "1": {"start_sec": 2.591050847457627, "end_sec": 5.6362033898305075}}