{"0": {"start_sec": 25.370499390986602, "end_sec": 27.891059683313035}}