{"0": {"start_sec": 38.45173173173173, "end_sec": 40.66106106106106}}