{"0": {"start_sec": 0.6771428571428572, "end_sec": 9.453956043956044}}