{"0": {"start_sec": 14.402797202797203, "end_sec": 14.995017482517483}}