{"0": {"start_sec": 4.671355777979982, "end_sec": 6.9240400363967245}, "1": {"start_sec": 13.184131028207462, "end_sec": 14.535741583257508}, "2": {"start_sec": 24.945514103730666, "end_sec": 26.700236578707916}, "3": {"start_sec": 29.759144676979073, "end_sec": 30.589080982711558}, "4": {"start_sec": 42.77728844404004, "end_sec": 43.74949954504095}}