{"0": {"start_sec": 7.238859857482185, "end_sec": 9.683458432304038}, "1": {"start_sec": 15.450812351543943, "end_sec": 18.014080760095013}, "2": {"start_sec": 34.5329216152019, "end_sec": 38.78130166270784}, "3": {"start_sec": 41.79551543942993, "end_sec": 43.148351543942994}}