{"0": {"start_sec": 5.6686046511627906, "end_sec": 6.758720930232558}, "1": {"start_sec": 13.80813953488372, "end_sec": 14.171511627906977}, "2": {"start_sec": 17.61143410852713, "end_sec": 19.84011627906977}}