{"0": {"start_sec": 36.73074349442379, "end_sec": 37.55272304832713}, "1": {"start_sec": 99.60043680297397, "end_sec": 101.05651486988846}}