{"0": {"start_sec": 30.891129296235682, "end_sec": 32.73044844517185}, "1": {"start_sec": 40.98380360065467, "end_sec": 42.705217675941086}, "2": {"start_sec": 53.12802618657938, "end_sec": 53.953361702127665}, "3": {"start_sec": 61.570029459901804, "end_sec": 65.4137348608838}}