{"0": {"start_sec": 15.094912552579146, "end_sec": 17.301633827761787}, "1": {"start_sec": 19.20317024573832, "end_sec": 21.97330971883994}, "2": {"start_sec": 32.842585787026785, "end_sec": 35.80053132610139}, "3": {"start_sec": 39.48622537082134, "end_sec": 44.533513393845475}, "4": {"start_sec": 47.56188620765995, "end_sec": 50.51983174673456}, "5": {"start_sec": 51.904901483285364, "end_sec": 56.22444100066416}, "6": {"start_sec": 60.590932034536195, "end_sec": 62.422041177772854}, "7": {"start_sec": 69.840380783706, "end_sec": 71.60106265220278}, "8": {"start_sec": 75.61541731237547, "end_sec": 77.82213858755811}, "9": {"start_sec": 84.55968120433916, "end_sec": 86.03865397387646}, "10": {"start_sec": 86.29688731458933, "end_sec": 88.85574496347132}, "11": {"start_sec": 92.33015718397166, "end_sec": 93.73870267876909}, "12": {"start_sec": 97.80000885543502, "end_sec": 100.6405756032765}, "13": {"start_sec": 103.45766659287138, "end_sec": 106.01652424175337}}