{"0": {"start_sec": 0.8088721804511277, "end_sec": 1.1275187969924811}, "1": {"start_sec": 5.294436090225564, "end_sec": 11.250676691729323}, "2": {"start_sec": 17.23142857142857, "end_sec": 19.535488721804512}}