{"0": {"start_sec": 1.6761774744027302, "end_sec": 3.9749351535836173}, "1": {"start_sec": 8.620341296928327, "end_sec": 12.762894197952217}, "2": {"start_sec": 19.898621160409554, "end_sec": 20.784600682593855}}