{"0": {"start_sec": 8.8348623853211, "end_sec": 10.554715596330276}, "1": {"start_sec": 62.8571009174312, "end_sec": 66.17900917431193}, "2": {"start_sec": 68.91192660550459, "end_sec": 77.01644036697247}}