{"0": {"start_sec": 51.10029282576867, "end_sec": 51.335236700829675}}