{"0": {"start_sec": 4.366515151515151, "end_sec": 7.132878787878788}}