{"0": {"start_sec": 9.597914743415693, "end_sec": 11.244615802335053}, "1": {"start_sec": 58.03445017648656, "end_sec": 60.128112951398315}}