{"0": {"start_sec": 4.802383690538421, "end_sec": 5.705802404600105}, "1": {"start_sec": 14.359602718243597, "end_sec": 16.21398849973863}, "2": {"start_sec": 21.63450078410873, "end_sec": 22.633016204913748}, "3": {"start_sec": 29.052043910088866, "end_sec": 30.66868792472556}, "4": {"start_sec": 37.53942498693152, "end_sec": 39.037198118139045}, "5": {"start_sec": 43.60184004181913, "end_sec": 45.45622582331416}}