{"0": {"start_sec": 6.692903225806453, "end_sec": 8.433548387096776}, "1": {"start_sec": 12.233548387096777, "end_sec": 16.082580645161293}}