{"0": {"start_sec": 74.05574683544303, "end_sec": 74.45643037974683}}