{"0": {"start_sec": 36.08923742563548, "end_sec": 37.994862087614926}, "1": {"start_sec": 50.95781503515414, "end_sec": 52.675229853975125}, "2": {"start_sec": 84.12979989183343, "end_sec": 85.61195240670634}}