{"0": {"start_sec": 0.0, "end_sec": 2.4003960396039603}, "1": {"start_sec": 4.800792079207921, "end_sec": 12.30518811881188}}