{"0": {"start_sec": 16.392742420735942, "end_sec": 19.234464244387876}}