{"0": {"start_sec": 13.01548872180451, "end_sec": 14.780300751879698}}