{"0": {"start_sec": 0.5909025270758124, "end_sec": 7.413140794223827}}