{"0": {"start_sec": 1.0429629629629629, "end_sec": 3.357037037037037}}