{"0": {"start_sec": 10.908936170212765, "end_sec": 12.463829787234042}}