{"0": {"start_sec": 82.70743378995434, "end_sec": 83.69037442922374}, "1": {"start_sec": 114.25514764079146, "end_sec": 118.74859056316589}}