{"0": {"start_sec": 3.0385270846013395, "end_sec": 4.2633597078514915}}