{"0": {"start_sec": 0.7140902872777017, "end_sec": 1.9945280437756496}, "1": {"start_sec": 7.928864569083447, "end_sec": 8.692202462380301}, "2": {"start_sec": 15.660738714090286, "end_sec": 16.103967168262653}}