{"0": {"start_sec": 10.167321131447588, "end_sec": 17.70848585690516}, "1": {"start_sec": 24.406389351081533, "end_sec": 28.550415973377707}}