{"0": {"start_sec": 104.26430278884463, "end_sec": 105.78658034528553}, "1": {"start_sec": 124.07733067729085, "end_sec": 125.5527689243028}, "2": {"start_sec": 132.92996015936257, "end_sec": 133.6559694555113}}