{"0": {"start_sec": 83.43282819061531, "end_sec": 83.73749863063722}}