{"0": {"start_sec": 36.38907975460122, "end_sec": 38.22263803680981}}