{"0": {"start_sec": 99.532427184466, "end_sec": 100.09475728155338}}