{"0": {"start_sec": 10.293441955193483, "end_sec": 13.182403258655805}}