{"0": {"start_sec": 51.372418551169034, "end_sec": 54.23300881563818}}