{"0": {"start_sec": 128.04142419080065, "end_sec": 135.53607495741053}}