{"0": {"start_sec": 79.4792811296534, "end_sec": 81.56775353016688}, "1": {"start_sec": 87.55157894736843, "end_sec": 90.10937098844673}}