{"0": {"start_sec": 1.2050632911392405, "end_sec": 11.97832911392405}, "1": {"start_sec": 12.918278481012656, "end_sec": 16.509367088607593}, "2": {"start_sec": 18.774886075949365, "end_sec": 23.763848101265822}, "3": {"start_sec": 25.426835443037973, "end_sec": 28.535898734177213}}