{"0": {"start_sec": 32.45989482909729, "end_sec": 35.74578439964944}, "1": {"start_sec": 36.37949167397021, "end_sec": 38.04590709903594}, "2": {"start_sec": 55.813181419807194, "end_sec": 58.34801051709028}, "3": {"start_sec": 89.11801928133218, "end_sec": 92.56820333041193}}