{"0": {"start_sec": 0.5543291139240506, "end_sec": 1.6388860759493669}, "1": {"start_sec": 4.049012658227848, "end_sec": 5.66379746835443}, "2": {"start_sec": 10.02612658227848, "end_sec": 11.231189873417721}, "3": {"start_sec": 22.992607594936707, "end_sec": 24.96891139240506}}