{"0": {"start_sec": 61.72848622981956, "end_sec": 63.152630579297245}}