{"0": {"start_sec": 53.55442504848989, "end_sec": 56.00155167636465}}