{"0": {"start_sec": 10.224600556070436, "end_sec": 11.298417052826691}, "1": {"start_sec": 22.71355329008341, "end_sec": 23.787369786839665}, "2": {"start_sec": 84.99491010194625, "end_sec": 87.67945134383689}, "3": {"start_sec": 91.36777757182577, "end_sec": 92.88512696941613}, "4": {"start_sec": 95.35957367933271, "end_sec": 96.26998331788694}, "5": {"start_sec": 226.715343836886, "end_sec": 227.64909731232623}}