{"0": {"start_sec": 41.60816182937555, "end_sec": 42.43231896804456}, "1": {"start_sec": 69.77078862503664, "end_sec": 70.17109352096159}}