{"0": {"start_sec": 113.92838016314904, "end_sec": 116.61702447235531}, "1": {"start_sec": 118.0899339634857, "end_sec": 119.28228926582935}}