{"0": {"start_sec": 52.918111254851226, "end_sec": 54.114928848641654}, "1": {"start_sec": 60.40408796895213, "end_sec": 64.6046830530401}, "2": {"start_sec": 65.40256144890039, "end_sec": 67.67886157826649}, "3": {"start_sec": 86.82794307891332, "end_sec": 89.66745148771022}, "4": {"start_sec": 91.52134540750323, "end_sec": 95.6280724450194}, "5": {"start_sec": 96.66062095730918, "end_sec": 98.0451746442432}}