{"0": {"start_sec": 58.036968421052634, "end_sec": 63.72778947368421}}