{"0": {"start_sec": 19.087026904815737, "end_sec": 20.77739091114628}, "1": {"start_sec": 70.94833371015149, "end_sec": 72.3334931042279}}