{"0": {"start_sec": 0.510468262226847, "end_sec": 22.72799167533819}}