{"0": {"start_sec": 0.538428053204353, "end_sec": 12.065683192261185}, "1": {"start_sec": 14.170447400241837, "end_sec": 20.21552599758162}}