{"0": {"start_sec": 81.15103413485791, "end_sec": 82.93097023709433}, "1": {"start_sec": 87.45107112829999, "end_sec": 89.3715285017656}, "2": {"start_sec": 94.0789910879435, "end_sec": 96.2804910038675}, "3": {"start_sec": 122.11298469816714, "end_sec": 124.47842609719186}, "4": {"start_sec": 127.33569194551875, "end_sec": 128.31934084412308}, "5": {"start_sec": 131.59817050613754, "end_sec": 134.92384059189507}, "6": {"start_sec": 135.60302673616948, "end_sec": 137.61716495712125}}