{"0": {"start_sec": 74.2679978980557, "end_sec": 76.72333158171308}, "1": {"start_sec": 82.40567524960589, "end_sec": 85.09485023646873}}