{"0": {"start_sec": 2.631447661469933, "end_sec": 3.313674832962138}}