{"0": {"start_sec": 0.2820345778000501, "end_sec": 2.8673515409671757}, "1": {"start_sec": 32.33996492107241, "end_sec": 33.53861187672262}, "2": {"start_sec": 54.22114758205963, "end_sec": 55.7723377599599}, "3": {"start_sec": 74.17509396141317, "end_sec": 77.74753194688047}, "4": {"start_sec": 86.5376096216487, "end_sec": 88.18281132548233}}