{"0": {"start_sec": 34.434800550206326, "end_sec": 35.934002751031635}, "1": {"start_sec": 60.085213204951856, "end_sec": 61.13933975240715}, "2": {"start_sec": 75.47546079779917, "end_sec": 76.55301237964237}, "3": {"start_sec": 91.91983493810179, "end_sec": 95.41016506189821}, "4": {"start_sec": 116.84407152682256, "end_sec": 118.1792984869326}, "5": {"start_sec": 122.65348005502064, "end_sec": 130.0792159559835}, "6": {"start_sec": 133.0541953232462, "end_sec": 136.2165749656121}}