{"0": {"start_sec": 0.0, "end_sec": 1.2287128712871287}, "1": {"start_sec": 4.408910891089109, "end_sec": 7.685478547854785}, "2": {"start_sec": 17.37062706270627, "end_sec": 24.02013201320132}, "3": {"start_sec": 25.706600660066005, "end_sec": 27.56171617161716}}