{"0": {"start_sec": 41.26827167310878, "end_sec": 42.36969630038652}, "1": {"start_sec": 58.0942904472667, "end_sec": 61.79695196024295}, "2": {"start_sec": 77.7793263390392, "end_sec": 78.71670900055217}, "3": {"start_sec": 110.44711209276642, "end_sec": 112.2515737161789}}