{"0": {"start_sec": 36.13526542324247, "end_sec": 37.994995695839314}, "1": {"start_sec": 71.1405681492109, "end_sec": 76.36664562410331}}