{"0": {"start_sec": 13.611680700572586, "end_sec": 15.404553721791851}, "1": {"start_sec": 28.898282249915802, "end_sec": 31.045011788480974}, "2": {"start_sec": 64.2131626810374, "end_sec": 66.85529134388685}}