{"0": {"start_sec": 41.68391891891891, "end_sec": 43.69109530583214}, "1": {"start_sec": 53.75031650071123, "end_sec": 54.707226173541954}, "2": {"start_sec": 56.621045519203406, "end_sec": 57.437919630156465}, "3": {"start_sec": 67.26374822190611, "end_sec": 71.32477951635846}, "4": {"start_sec": 78.39657539118065, "end_sec": 79.02673541963014}, "5": {"start_sec": 86.9154054054054, "end_sec": 90.04286628733996}, "6": {"start_sec": 91.06979374110952, "end_sec": 92.82023826458035}, "7": {"start_sec": 137.21151137980084, "end_sec": 139.73215149359885}, "8": {"start_sec": 164.7751778093883, "end_sec": 170.796706970128}, "9": {"start_sec": 221.97970483641532, "end_sec": 229.2382147937411}, "10": {"start_sec": 249.56671052631575, "end_sec": 251.03708392603127}}