{"0": {"start_sec": 1.6042299741602066, "end_sec": 9.987625322997415}}