{"0": {"start_sec": 0.6468669250645994, "end_sec": 5.951175710594315}, "1": {"start_sec": 8.926763565891472, "end_sec": 9.987625322997415}}