{"0": {"start_sec": 0.10349870801033591, "end_sec": 1.7594780361757105}, "1": {"start_sec": 4.3986950904392765, "end_sec": 9.987625322997415}}