{"0": {"start_sec": 2.6118548987209014, "end_sec": 3.904852373335209}}