{"0": {"start_sec": 1.1119778281683046, "end_sec": 2.6118548987209014}}