{"0": {"start_sec": 6.697726918502114, "end_sec": 8.016584342608708}}