{"0": {"start_sec": 7.244909560723514, "end_sec": 9.987625322997415}}