{"0": {"start_sec": 4.7350658914728685, "end_sec": 8.383395348837208}}