{"0": {"start_sec": 0.0, "end_sec": 1.0349870801033592}, "1": {"start_sec": 3.3637080103359174, "end_sec": 8.745640826873384}}