{"0": {"start_sec": 2.3273954543057536, "end_sec": 9.981940504022456}}