{"0": {"start_sec": 0.3881201550387597, "end_sec": 1.345483204134367}}