{"0": {"start_sec": 5.482309292364664, "end_sec": 6.335687625610107}}