{"0": {"start_sec": 0.33637080103359174, "end_sec": 1.8888514211886305}, "1": {"start_sec": 8.047024547803618, "end_sec": 9.987625322997415}}