{"0": {"start_sec": 1.5051155913978493, "end_sec": 3.866590053763441}}