{"0": {"start_sec": 7.814152454780362, "end_sec": 8.668016795865633}}