{"0": {"start_sec": 8.94754252433101, "end_sec": 9.981940504022456}}