{"0": {"start_sec": 2.068795959382892, "end_sec": 2.948034242120621}}