{"0": {"start_sec": 4.450444444444444, "end_sec": 9.987625322997415}}