{"0": {"start_sec": 1.9147260981912144, "end_sec": 5.873551679586563}}