{"0": {"start_sec": 3.544830749354005, "end_sec": 6.468669250645995}}