{"0": {"start_sec": 9.107886304909561, "end_sec": 9.987625322997415}}