{"0": {"start_sec": 1.164360465116279, "end_sec": 3.8035775193798447}}