{"0": {"start_sec": 9.3354417667153, "end_sec": 9.981940504022456}}