{"0": {"start_sec": 3.439373282474058, "end_sec": 7.163206009363265}, "1": {"start_sec": 8.74066292839272, "end_sec": 9.981940504022456}}