{"0": {"start_sec": 8.688943029408147, "end_sec": 9.981940504022456}}