{"0": {"start_sec": 5.537180878552971, "end_sec": 7.581280361757106}}