{"0": {"start_sec": 2.561593023255814, "end_sec": 7.037912144702842}}