{"0": {"start_sec": 5.019687338501292, "end_sec": 8.486894056847545}}