{"0": {"start_sec": 1.0349870801033592, "end_sec": 5.563055555555556}}