{"0": {"start_sec": 8.288395945945945, "end_sec": 9.587517567567568}}