{"0": {"start_sec": 0.0, "end_sec": 4.657441860465116}, "1": {"start_sec": 7.788277777777777, "end_sec": 9.987625322997415}}