{"0": {"start_sec": 5.094410049980372, "end_sec": 9.981940504022456}}