{"0": {"start_sec": 7.503656330749354, "end_sec": 9.987625322997415}}