{"0": {"start_sec": 2.01707606039832, "end_sec": 3.9824322218120676}}