{"0": {"start_sec": 1.1384857881136952, "end_sec": 2.9497131782945734}}