{"0": {"start_sec": 0.025874677002583977, "end_sec": 2.5874677002583977}, "1": {"start_sec": 3.751828165374677, "end_sec": 5.666554263565891}, "2": {"start_sec": 7.400157622739018, "end_sec": 9.987625322997415}}