{"0": {"start_sec": 0.5951175710594315, "end_sec": 8.642142118863049}}