{"0": {"start_sec": 0.10343979796914461, "end_sec": 3.542813080443203}, "1": {"start_sec": 5.016830201503513, "end_sec": 9.981940504022456}}