{"0": {"start_sec": 3.260209302325581, "end_sec": 5.433682170542635}, "1": {"start_sec": 6.287546511627907, "end_sec": 9.987625322997415}}