{"0": {"start_sec": 2.302846253229974, "end_sec": 9.987625322997415}}