{"0": {"start_sec": 7.322533591731266, "end_sec": 9.987625322997415}}