{"0": {"start_sec": 4.9938126614987075, "end_sec": 5.899426356589147}}