{"0": {"start_sec": 2.121723514211886, "end_sec": 9.987625322997415}}