{"0": {"start_sec": 0.0, "end_sec": 5.252559431524547}, "1": {"start_sec": 8.12464857881137, "end_sec": 9.987625322997415}}