{"0": {"start_sec": 0.0, "end_sec": 1.4748565891472867}, "1": {"start_sec": 2.380470284237726, "end_sec": 9.987625322997415}}