{"0": {"start_sec": 4.890313953488372, "end_sec": 7.788277777777777}}