{"0": {"start_sec": 1.4748565891472867, "end_sec": 9.987625322997415}}