{"0": {"start_sec": 1.216109819121447, "end_sec": 4.631567183462532}}