{"0": {"start_sec": 0.0, "end_sec": 3.0273372093023254}, "1": {"start_sec": 5.433682170542635, "end_sec": 9.987625322997415}}