{"0": {"start_sec": 7.4260322997416015, "end_sec": 9.987625322997415}}