{"0": {"start_sec": 0.6727416020671835, "end_sec": 9.987625322997415}}