{"0": {"start_sec": 6.0805490956072346, "end_sec": 7.7624031007751935}}