{"0": {"start_sec": 1.241984496124031, "end_sec": 3.1049612403100775}, "1": {"start_sec": 4.786815245478036, "end_sec": 7.969400516795865}}