{"0": {"start_sec": 4.139948320413437, "end_sec": 4.709191214470284}, "1": {"start_sec": 7.7624031007751935, "end_sec": 9.987625322997415}}