{"0": {"start_sec": 3.9565722723197814, "end_sec": 6.464987373071538}}