{"0": {"start_sec": 2.896314343136049, "end_sec": 7.292505756824695}}