{"0": {"start_sec": 0.0, "end_sec": 0.6206387878148677}, "1": {"start_sec": 7.008046312409547, "end_sec": 9.490601463669018}}