{"0": {"start_sec": 6.3392958656330745, "end_sec": 9.987625322997415}}