{"0": {"start_sec": 3.0256140905974798, "end_sec": 9.981940504022456}}