{"0": {"start_sec": 0.6986162790697674, "end_sec": 3.751828165374677}, "1": {"start_sec": 5.925301033591731, "end_sec": 8.875014211886304}}