{"0": {"start_sec": 4.709191214470284, "end_sec": 5.692428940568475}}