{"0": {"start_sec": 7.370085605301553, "end_sec": 9.981940504022456}}