{"0": {"start_sec": 0.0, "end_sec": 3.8812015503875967}, "1": {"start_sec": 4.709191214470284, "end_sec": 9.987625322997415}}