{"0": {"start_sec": 3.2084599483204133, "end_sec": 4.7350658914728685}, "1": {"start_sec": 5.847677002583979, "end_sec": 9.987625322997415}}