{"0": {"start_sec": 0.0, "end_sec": 1.345483204134367}, "1": {"start_sec": 6.209922480620155, "end_sec": 9.987625322997415}}