{"0": {"start_sec": 8.279896640826873, "end_sec": 9.987625322997415}}