{"0": {"start_sec": 4.189311817750356, "end_sec": 9.981940504022456}}