{"0": {"start_sec": 0.0, "end_sec": 4.088198966408268}, "1": {"start_sec": 7.581280361757106, "end_sec": 9.987625322997415}}