{"0": {"start_sec": 1.216109819121447, "end_sec": 5.485431524547804}, "1": {"start_sec": 6.934413436692506, "end_sec": 9.987625322997415}}