{"0": {"start_sec": 0.0, "end_sec": 1.112611111111111}, "1": {"start_sec": 7.710653746770026, "end_sec": 9.987625322997415}}