{"0": {"start_sec": 1.8112273901808784, "end_sec": 9.987625322997415}}