{"0": {"start_sec": 4.7905620720048825, "end_sec": 7.984270120008137}}