{"0": {"start_sec": 7.788277777777777, "end_sec": 9.987625322997415}}