{"0": {"start_sec": 0.6986162790697674, "end_sec": 2.8462144702842376}}