{"0": {"start_sec": 8.228147286821706, "end_sec": 9.987625322997415}}