{"0": {"start_sec": 2.225222222222222, "end_sec": 4.010574935400516}}