{"0": {"start_sec": 7.73652842377261, "end_sec": 9.159635658914729}}