{"0": {"start_sec": 1.112611111111111, "end_sec": 3.130835917312661}}