{"0": {"start_sec": 1.8112273901808784, "end_sec": 6.287546511627907}}