{"0": {"start_sec": 8.590392764857882, "end_sec": 9.987625322997415}}