{"0": {"start_sec": 8.047024547803618, "end_sec": 9.987625322997415}}