{"0": {"start_sec": 0.0, "end_sec": 0.6727416020671835}, "1": {"start_sec": 2.639217054263566, "end_sec": 6.4169198966408265}, "2": {"start_sec": 8.797390180878553, "end_sec": 9.987625322997415}}