{"0": {"start_sec": 2.4566952017671846, "end_sec": 6.749446817486685}}