{"0": {"start_sec": 1.4748565891472867, "end_sec": 4.269321705426356}, "1": {"start_sec": 7.3484082687338494, "end_sec": 8.228147286821706}}