{"0": {"start_sec": 1.086736434108527, "end_sec": 4.088198966408268}, "1": {"start_sec": 7.037912144702842, "end_sec": 9.987625322997415}}