{"0": {"start_sec": 2.7930351170568564, "end_sec": 5.95847491638796}}