{"0": {"start_sec": 0.3622454780361757, "end_sec": 5.097311369509044}}