{"0": {"start_sec": 9.444257105943151, "end_sec": 9.987625322997415}}