{"0": {"start_sec": 0.6982186362917261, "end_sec": 1.4481571715680246}}