{"0": {"start_sec": 2.53571834625323, "end_sec": 3.130835917312661}, "1": {"start_sec": 7.503656330749354, "end_sec": 9.987625322997415}}