{"0": {"start_sec": 0.8797390180878553, "end_sec": 4.114073643410853}}