{"0": {"start_sec": 1.0382940199335549, "end_sec": 3.673963455149502}}