{"0": {"start_sec": 0.33637080103359174, "end_sec": 2.483968992248062}, "1": {"start_sec": 8.745640826873384, "end_sec": 9.987625322997415}}