{"0": {"start_sec": 0.31049612403100774, "end_sec": 2.044099483204134}}