{"0": {"start_sec": 0.0, "end_sec": 0.41399483204134363}, "1": {"start_sec": 5.692428940568475, "end_sec": 6.8309147286821705}}