{"0": {"start_sec": 0.9826780807068738, "end_sec": 4.085872019781212}}