{"0": {"start_sec": 5.925301033591731, "end_sec": 9.987625322997415}}