{"0": {"start_sec": 3.544830749354005, "end_sec": 9.987625322997415}}