{"0": {"start_sec": 0.0, "end_sec": 0.31031939390743385}, "1": {"start_sec": 3.904852373335209, "end_sec": 5.430589393380092}}