{"0": {"start_sec": 0.4916188630490956, "end_sec": 9.987625322997415}}