{"0": {"start_sec": 1.7336033591731266, "end_sec": 3.2084599483204133}}