{"0": {"start_sec": 0.0, "end_sec": 1.9147260981912144}, "1": {"start_sec": 3.8035775193798447, "end_sec": 7.7624031007751935}}