{"0": {"start_sec": 0.0, "end_sec": 2.328720930232558}, "1": {"start_sec": 3.725953488372093, "end_sec": 8.072899224806202}}