{"0": {"start_sec": 5.718303617571059, "end_sec": 8.072899224806202}}