{"0": {"start_sec": 5.8218023255813955, "end_sec": 7.891776485788114}}