{"0": {"start_sec": 0.5433682170542635, "end_sec": 7.451906976744186}}