{"0": {"start_sec": 7.969400516795865, "end_sec": 9.987625322997415}}