{"0": {"start_sec": 2.690966408268734, "end_sec": 3.777702842377261}}