{"0": {"start_sec": 2.8979638242894055, "end_sec": 8.900888888888888}, "1": {"start_sec": 8.952638242894057, "end_sec": 9.987625322997415}}