{"0": {"start_sec": 6.908538759689923, "end_sec": 8.745640826873384}}