{"0": {"start_sec": 0.0, "end_sec": 0.8538643410852713}, "1": {"start_sec": 4.476319121447029, "end_sec": 7.503656330749354}}