{"0": {"start_sec": 0.0, "end_sec": 0.7240785857840123}, "1": {"start_sec": 7.499385352762984, "end_sec": 9.981940504022456}}