{"0": {"start_sec": 0.0, "end_sec": 0.33637080103359174}, "1": {"start_sec": 1.9923501291989663, "end_sec": 8.77151550387597}}