{"0": {"start_sec": 8.072899224806202, "end_sec": 9.987625322997415}}