{"0": {"start_sec": 9.677129198966409, "end_sec": 9.987625322997415}}