{"0": {"start_sec": 4.631567183462532, "end_sec": 9.987625322997415}}