{"0": {"start_sec": 4.838564599483204, "end_sec": 9.987625322997415}}