{"0": {"start_sec": 0.6727416020671835, "end_sec": 1.7594780361757105}, "1": {"start_sec": 7.244909560723514, "end_sec": 9.987625322997415}}