{"0": {"start_sec": 1.267859173126615, "end_sec": 6.313421188630491}}