{"0": {"start_sec": 8.952638242894057, "end_sec": 9.987625322997415}}