{"0": {"start_sec": 1.1636977271528768, "end_sec": 2.9221742926283354}, "1": {"start_sec": 9.283721867730728, "end_sec": 9.981940504022456}}