{"0": {"start_sec": 0.0, "end_sec": 3.777702842377261}, "1": {"start_sec": 6.287546511627907, "end_sec": 9.987625322997415}}