{"0": {"start_sec": 0.0, "end_sec": 0.6727416020671835}, "1": {"start_sec": 2.8462144702842376, "end_sec": 9.987625322997415}}