{"0": {"start_sec": 0.0, "end_sec": 2.5666149870801034}, "1": {"start_sec": 5.211799820703476, "end_sec": 8.983152454780363}}