{"0": {"start_sec": 6.646007019517541, "end_sec": 9.981940504022456}}