{"0": {"start_sec": 1.0349870801033592, "end_sec": 2.8462144702842376}}