{"0": {"start_sec": 3.467206718346253, "end_sec": 9.987625322997415}}