{"0": {"start_sec": 1.9664754521963823, "end_sec": 4.9938126614987075}}