{"0": {"start_sec": 2.1993475452196383, "end_sec": 9.987625322997415}}