{"0": {"start_sec": 0.0, "end_sec": 1.8360564139523168}, "1": {"start_sec": 7.214925908347836, "end_sec": 9.981940504022456}}