{"0": {"start_sec": 0.0, "end_sec": 1.9147260981912144}, "1": {"start_sec": 3.311958656330749, "end_sec": 9.987625322997415}}