{"0": {"start_sec": 0.0, "end_sec": 6.054674418604651}, "1": {"start_sec": 8.564518087855296, "end_sec": 9.987625322997415}}