{"0": {"start_sec": 1.7584765654754584, "end_sec": 5.430589393380092}, "1": {"start_sec": 6.7235868679944, "end_sec": 8.094164191085566}}