{"0": {"start_sec": 4.3986950904392765, "end_sec": 8.021149870801032}}