{"0": {"start_sec": 3.0273372093023254, "end_sec": 3.570705426356589}}