{"0": {"start_sec": 1.554117737003058, "end_sec": 8.587159021406729}}