{"0": {"start_sec": 2.044099483204134, "end_sec": 8.33164599483204}}