{"0": {"start_sec": 0.5195367847411444, "end_sec": 3.5848038147138968}}