{"0": {"start_sec": 0.0, "end_sec": 1.4748565891472867}, "1": {"start_sec": 7.012037467700258, "end_sec": 7.891776485788114}}