{"0": {"start_sec": 5.736434108527131, "end_sec": 7.1317829457364335}}