{"0": {"start_sec": 1.0349870801033592, "end_sec": 9.987625322997415}}