{"0": {"start_sec": 0.0, "end_sec": 2.40634496124031}, "1": {"start_sec": 4.967937984496124, "end_sec": 6.520418604651162}}