{"0": {"start_sec": 0.7209150943396226, "end_sec": 3.440731132075472}}