{"0": {"start_sec": 3.570705426356589, "end_sec": 6.287546511627907}, "1": {"start_sec": 7.529531007751937, "end_sec": 9.987625322997415}}