{"0": {"start_sec": 0.18112273901808784, "end_sec": 9.987625322997415}}