{"0": {"start_sec": 0.6986162790697674, "end_sec": 2.044099483204134}, "1": {"start_sec": 5.356058139534883, "end_sec": 9.987625322997415}}