{"0": {"start_sec": 0.0, "end_sec": 1.6818540051679587}, "1": {"start_sec": 7.8400271317829455, "end_sec": 9.987625322997415}}