{"0": {"start_sec": 0.3878992423842923, "end_sec": 2.4308352522748984}, "1": {"start_sec": 5.456449342872378, "end_sec": 9.981940504022456}}