{"0": {"start_sec": 2.690966408268734, "end_sec": 7.400157622739018}}