{"0": {"start_sec": 0.0, "end_sec": 2.380470284237726}, "1": {"start_sec": 4.553943152454781, "end_sec": 7.322533591731266}}