{"0": {"start_sec": 0.10349870801033591, "end_sec": 2.6650917312661497}, "1": {"start_sec": 4.3986950904392765, "end_sec": 9.987625322997415}}