{"0": {"start_sec": 2.225222222222222, "end_sec": 4.114073643410853}, "1": {"start_sec": 6.158173126614987, "end_sec": 9.987625322997415}}