{"0": {"start_sec": 1.164360465116279, "end_sec": 7.814152454780362}, "1": {"start_sec": 8.25402196382429, "end_sec": 9.987625322997415}}