{"0": {"start_sec": 3.8812015503875967, "end_sec": 8.875014211886304}}