{"0": {"start_sec": 8.25402196382429, "end_sec": 9.987625322997415}}