{"0": {"start_sec": 0.0, "end_sec": 0.9056136950904392}, "1": {"start_sec": 3.9329509043927646, "end_sec": 9.987625322997415}}