{"0": {"start_sec": 2.4308352522748984, "end_sec": 8.999262423315582}}