{"0": {"start_sec": 2.3570387034953963, "end_sec": 4.714077406990793}, "1": {"start_sec": 8.314389272769475, "end_sec": 9.428154813981585}}