{"0": {"start_sec": 6.313421188630491, "end_sec": 9.987625322997415}}