{"0": {"start_sec": 1.7584765654754584, "end_sec": 3.1290538885666246}, "1": {"start_sec": 9.697481059607307, "end_sec": 9.981940504022456}}