{"0": {"start_sec": 1.4481571715680246, "end_sec": 9.981940504022456}}