{"0": {"start_sec": 5.226684754521964, "end_sec": 7.296658914728682}}