{"0": {"start_sec": 5.8218023255813955, "end_sec": 8.228147286821706}}