{"0": {"start_sec": 0.0, "end_sec": 2.5874677002583977}, "1": {"start_sec": 7.193160206718346, "end_sec": 8.875014211886304}}