{"0": {"start_sec": 1.164360465116279, "end_sec": 5.045562015503876}, "1": {"start_sec": 8.538643410852712, "end_sec": 9.987625322997415}}