{"0": {"start_sec": 3.622454780361757, "end_sec": 8.590392764857882}}