{"0": {"start_sec": 1.9923501291989663, "end_sec": 6.313421188630491}}