{"0": {"start_sec": 1.7336033591731266, "end_sec": 4.967937984496124}, "1": {"start_sec": 5.873551679586563, "end_sec": 9.987625322997415}}