{"0": {"start_sec": 3.751828165374677, "end_sec": 9.987625322997415}}