{"0": {"start_sec": 4.760940568475452, "end_sec": 5.951175710594315}}