{"0": {"start_sec": 3.751828165374677, "end_sec": 4.916188630490956}}