{"0": {"start_sec": 9.082011627906976, "end_sec": 9.987625322997415}}