{"0": {"start_sec": 0.8021149870801033, "end_sec": 4.217572351421189}}