{"0": {"start_sec": 0.0, "end_sec": 1.190235142118863}, "1": {"start_sec": 4.269321705426356, "end_sec": 9.987625322997415}}