{"0": {"start_sec": 0.0, "end_sec": 2.251096899224806}, "1": {"start_sec": 7.865901808785529, "end_sec": 9.573630490956072}}