{"0": {"start_sec": 0.6468669250645994, "end_sec": 2.458094315245478}}