{"0": {"start_sec": 7.3484082687338494, "end_sec": 9.987625322997415}}