{"0": {"start_sec": 0.0, "end_sec": 0.20699741602067182}, "1": {"start_sec": 2.1993475452196383, "end_sec": 4.6833165374677}, "2": {"start_sec": 8.176397932816537, "end_sec": 9.987625322997415}}