{"0": {"start_sec": 3.335933484504914, "end_sec": 6.490847322563824}}