{"0": {"start_sec": 1.371357881136951, "end_sec": 2.8462144702842376}}