{"0": {"start_sec": 0.0, "end_sec": 0.6209922480620155}, "1": {"start_sec": 9.314883720930233, "end_sec": 9.987625322997415}}