{"0": {"start_sec": 2.251096899224806, "end_sec": 6.986162790697674}, "1": {"start_sec": 7.322533591731266, "end_sec": 9.987625322997415}}