{"0": {"start_sec": 1.190235142118863, "end_sec": 3.260209302325581}}