{"0": {"start_sec": 1.7152037533512066, "end_sec": 6.782851206434317}}