{"0": {"start_sec": 7.115536175710594, "end_sec": 8.33164599483204}}