{"0": {"start_sec": 3.077333989582052, "end_sec": 7.5252453022552706}}