{"0": {"start_sec": 0.0, "end_sec": 0.9956773255813954}, "1": {"start_sec": 2.017556686046512, "end_sec": 7.179357558139536}}