{"0": {"start_sec": 1.1384857881136952, "end_sec": 1.5007312661498708}, "1": {"start_sec": 2.690966408268734, "end_sec": 9.987625322997415}}