{"0": {"start_sec": 0.0, "end_sec": 4.890313953488372}, "1": {"start_sec": 6.468669250645995, "end_sec": 7.529531007751937}}