{"0": {"start_sec": 3.855326873385013, "end_sec": 5.511306201550387}}