{"0": {"start_sec": 5.045562015503876, "end_sec": 6.261671834625322}}