{"0": {"start_sec": 8.559643281946716, "end_sec": 9.981940504022456}}