{"0": {"start_sec": 0.0, "end_sec": 0.3881201550387597}, "1": {"start_sec": 2.7944651162790697, "end_sec": 3.907076227390181}, "2": {"start_sec": 5.795927648578811, "end_sec": 7.47778165374677}}