{"0": {"start_sec": 0.051719898984572306, "end_sec": 9.981940504022456}}