{"0": {"start_sec": 0.5433682170542635, "end_sec": 2.8979638242894055}}