{"0": {"start_sec": 0.0, "end_sec": 0.2587467700258398}, "1": {"start_sec": 5.899426356589147, "end_sec": 9.987625322997415}}