{"0": {"start_sec": 0.0, "end_sec": 2.40634496124031}, "1": {"start_sec": 4.864439276485788, "end_sec": 6.882664082687338}}