{"0": {"start_sec": 0.0, "end_sec": 1.8888514211886305}, "1": {"start_sec": 4.42456976744186, "end_sec": 7.037912144702842}}