{"0": {"start_sec": 1.5524806201550387, "end_sec": 4.217572351421189}, "1": {"start_sec": 7.943525839793281, "end_sec": 9.987625322997415}}