{"0": {"start_sec": 1.6301046511627906, "end_sec": 9.599505167958656}}