{"0": {"start_sec": 3.749692676381492, "end_sec": 8.895822625346437}}