{"0": {"start_sec": 3.441332041343669, "end_sec": 5.8218023255813955}}