{"0": {"start_sec": 1.3972325581395348, "end_sec": 3.260209302325581}}