{"0": {"start_sec": 1.1929785522788205, "end_sec": 9.647565683646114}}