{"0": {"start_sec": 0.0, "end_sec": 1.7843365149677446}, "1": {"start_sec": 5.818488635764385, "end_sec": 7.654545049716701}}