{"0": {"start_sec": 5.45955684754522, "end_sec": 9.987625322997415}}