{"0": {"start_sec": 4.605692506459948, "end_sec": 6.856789405684754}}