{"0": {"start_sec": 2.4308352522748984, "end_sec": 4.318611565211787}, "1": {"start_sec": 5.249569746934089, "end_sec": 9.981940504022456}}