{"0": {"start_sec": 1.4740171210603106, "end_sec": 3.077333989582052}}