{"0": {"start_sec": 1.371357881136951, "end_sec": 2.40634496124031}, "1": {"start_sec": 7.684779069767441, "end_sec": 9.987625322997415}}