{"0": {"start_sec": 0.7244909560723514, "end_sec": 2.7944651162790697}}