{"0": {"start_sec": 3.7468909883720936, "end_sec": 8.98729796511628}}