{"0": {"start_sec": 8.150523255813953, "end_sec": 9.987625322997415}}