{"0": {"start_sec": 1.9664754521963823, "end_sec": 6.598042635658914}}