{"0": {"start_sec": 3.467206718346253, "end_sec": 5.563055555555556}}