{"0": {"start_sec": 6.361547575102393, "end_sec": 9.981940504022456}}