{"0": {"start_sec": 0.3622454780361757, "end_sec": 8.12464857881137}}