{"0": {"start_sec": 7.529531007751937, "end_sec": 9.987625322997415}}