{"0": {"start_sec": 4.295196382428941, "end_sec": 5.588930232558139}}