{"0": {"start_sec": 0.0, "end_sec": 1.2937338501291988}, "1": {"start_sec": 8.098773901808785, "end_sec": 9.987625322997415}}