{"0": {"start_sec": 5.537180878552971, "end_sec": 9.987625322997415}}