{"0": {"start_sec": 8.512768733850129, "end_sec": 9.987625322997415}}