{"0": {"start_sec": 3.1290538885666246, "end_sec": 9.981940504022456}}