{"0": {"start_sec": 0.0, "end_sec": 1.9147260981912144}, "1": {"start_sec": 5.45955684754522, "end_sec": 8.952638242894057}}