{"0": {"start_sec": 6.749446817486685, "end_sec": 8.145884090070139}}