{"0": {"start_sec": 5.841063711911358, "end_sec": 9.387423822714682}}