{"0": {"start_sec": 3.1567105943152454, "end_sec": 4.94206330749354}}