{"0": {"start_sec": 0.0, "end_sec": 3.518956072351421}, "1": {"start_sec": 9.62537984496124, "end_sec": 9.987625322997415}}