{"0": {"start_sec": 6.069997340425532, "end_sec": 6.485039893617022}}