{"0": {"start_sec": 0.0, "end_sec": 7.710653746770026}, "1": {"start_sec": 9.521881136950904, "end_sec": 9.987625322997415}}