{"0": {"start_sec": 1.164360465116279, "end_sec": 9.987625322997415}}