{"0": {"start_sec": 1.6818540051679587, "end_sec": 3.9847002583979325}}