{"0": {"start_sec": 5.252559431524547, "end_sec": 7.788277777777777}}