{"0": {"start_sec": 8.021149870801032, "end_sec": 9.703003875968992}}