{"0": {"start_sec": 0.0, "end_sec": 1.371357881136951}, "1": {"start_sec": 4.217572351421189, "end_sec": 8.486894056847545}}