{"0": {"start_sec": 0.0, "end_sec": 2.561593023255814}, "1": {"start_sec": 6.391045219638243, "end_sec": 9.340758397932817}}