{"0": {"start_sec": 0.0, "end_sec": 0.4913390403534369}, "1": {"start_sec": 2.068795959382892, "end_sec": 7.86142464565499}}