{"0": {"start_sec": 0.0, "end_sec": 1.3972325581395348}, "1": {"start_sec": 2.690966408268734, "end_sec": 3.130835917312661}}