{"0": {"start_sec": 0.0, "end_sec": 0.7244909560723514}, "1": {"start_sec": 8.642142118863049, "end_sec": 9.987625322997415}}