{"0": {"start_sec": 0.8797390180878553, "end_sec": 7.47778165374677}}