{"0": {"start_sec": 1.8341424418604653, "end_sec": 4.637760174418605}}