{"0": {"start_sec": 1.370577323091166, "end_sec": 4.809950605565224}, "1": {"start_sec": 7.8872845951472765, "end_sec": 9.981940504022456}}