{"0": {"start_sec": 4.217572351421189, "end_sec": 5.8218023255813955}}