{"0": {"start_sec": 2.1993475452196383, "end_sec": 5.226684754521964}}