{"0": {"start_sec": 0.0, "end_sec": 0.3878992423842923}, "1": {"start_sec": 1.6033168685217414, "end_sec": 9.981940504022456}}