{"0": {"start_sec": 0.0, "end_sec": 1.267859173126615}, "1": {"start_sec": 6.365170542635659, "end_sec": 9.987625322997415}}