{"0": {"start_sec": 7.115536175710594, "end_sec": 9.987625322997415}}