{"0": {"start_sec": 2.044099483204134, "end_sec": 9.987625322997415}}