{"0": {"start_sec": 5.433682170542635, "end_sec": 7.555405684754522}}