{"0": {"start_sec": 7.296658914728682, "end_sec": 9.987625322997415}}