{"0": {"start_sec": 3.311958656330749, "end_sec": 5.925301033591731}}