{"0": {"start_sec": 7.037912144702842, "end_sec": 9.987625322997415}}