{"0": {"start_sec": 5.774128767123288, "end_sec": 6.996579452054794}}