{"0": {"start_sec": 6.930466463932689, "end_sec": 9.981940504022456}}