{"0": {"start_sec": 9.438881564684445, "end_sec": 9.981940504022456}}