{"0": {"start_sec": 1.216109819121447, "end_sec": 5.226684754521964}, "1": {"start_sec": 8.072899224806202, "end_sec": 9.987625322997415}}