{"0": {"start_sec": 0.0, "end_sec": 0.6209922480620155}, "1": {"start_sec": 2.8462144702842376, "end_sec": 4.553943152454781}}