{"0": {"start_sec": 0.0, "end_sec": 2.639217054263566}, "1": {"start_sec": 5.563055555555556, "end_sec": 9.987625322997415}}