{"0": {"start_sec": 7.964864443624135, "end_sec": 9.981940504022456}}