{"0": {"start_sec": 0.43986950904392763, "end_sec": 6.8309147286821705}, "1": {"start_sec": 7.684779069767441, "end_sec": 9.987625322997415}}