{"0": {"start_sec": 1.9136362624291752, "end_sec": 9.981940504022456}}