{"0": {"start_sec": 5.381932816537468, "end_sec": 8.12464857881137}}