{"0": {"start_sec": 0.0, "end_sec": 5.149060723514212}, "1": {"start_sec": 7.658904392764858, "end_sec": 9.987625322997415}}