{"0": {"start_sec": 2.121723514211886, "end_sec": 3.9329509043927646}}