{"0": {"start_sec": 6.882664082687338, "end_sec": 9.987625322997415}}