{"0": {"start_sec": 1.4489819121447027, "end_sec": 5.123186046511628}, "1": {"start_sec": 8.12464857881137, "end_sec": 9.987625322997415}}