{"0": {"start_sec": 7.037912144702842, "end_sec": 8.77151550387597}}