{"0": {"start_sec": 0.7751937984496123, "end_sec": 1.7571059431524547}}