{"0": {"start_sec": 0.3622454780361757, "end_sec": 2.639217054263566}}