{"0": {"start_sec": 1.4748565891472867, "end_sec": 4.269321705426356}, "1": {"start_sec": 6.184047803617571, "end_sec": 7.141410852713178}, "2": {"start_sec": 9.056136950904392, "end_sec": 9.987625322997415}}