{"0": {"start_sec": 2.095848837209302, "end_sec": 9.263134366925064}}