{"0": {"start_sec": 5.123186046511628, "end_sec": 7.917651162790698}}