{"0": {"start_sec": 0.0, "end_sec": 1.00853803019916}, "1": {"start_sec": 2.663574797705474, "end_sec": 5.585749090333809}}