{"0": {"start_sec": 0.31049612403100774, "end_sec": 2.9497131782945734}, "1": {"start_sec": 7.400157622739018, "end_sec": 9.987625322997415}}