{"0": {"start_sec": 7.400157622739018, "end_sec": 9.987625322997415}}