{"0": {"start_sec": 0.0, "end_sec": 2.5342750502440428}, "1": {"start_sec": 8.223463938546997, "end_sec": 9.981940504022456}}