{"0": {"start_sec": 4.03415212079664, "end_sec": 7.732124898193559}}