{"0": {"start_sec": 7.809704746670418, "end_sec": 9.981940504022456}}