{"0": {"start_sec": 0.0, "end_sec": 1.6301046511627906}, "1": {"start_sec": 6.054674418604651, "end_sec": 8.357520671834624}}