{"0": {"start_sec": 1.9406007751937984, "end_sec": 4.7350658914728685}}