{"0": {"start_sec": 0.0, "end_sec": 1.8888514211886305}, "1": {"start_sec": 5.356058139534883, "end_sec": 9.987625322997415}}