{"0": {"start_sec": 0.0, "end_sec": 0.46547909086115075}, "1": {"start_sec": 3.1807737875511966, "end_sec": 6.128808029671818}, "2": {"start_sec": 9.025122372807868, "end_sec": 9.981940504022456}}