{"0": {"start_sec": 6.856789405684754, "end_sec": 9.987625322997415}}