{"0": {"start_sec": 7.167285529715762, "end_sec": 9.987625322997415}}