{"0": {"start_sec": 1.2937338501291988, "end_sec": 9.987625322997415}}