{"0": {"start_sec": 8.305771317829457, "end_sec": 9.987625322997415}}