{"0": {"start_sec": 0.15524806201550387, "end_sec": 4.709191214470284}}