{"0": {"start_sec": 1.190235142118863, "end_sec": 1.7077286821705426}, "1": {"start_sec": 6.235797157622739, "end_sec": 9.987625322997415}}