{"0": {"start_sec": 0.0, "end_sec": 0.41399483204134363}, "1": {"start_sec": 7.555405684754522, "end_sec": 9.987625322997415}}