{"0": {"start_sec": 3.7468909883720936, "end_sec": 6.367094476744186}}