{"0": {"start_sec": 3.3100735350126276, "end_sec": 5.947788383225815}}