{"0": {"start_sec": 4.890313953488372, "end_sec": 9.573630490956072}}