{"0": {"start_sec": 0.0, "end_sec": 1.164360465116279}, "1": {"start_sec": 3.700078811369509, "end_sec": 4.890313953488372}, "2": {"start_sec": 8.564518087855296, "end_sec": 9.987625322997415}}