{"0": {"start_sec": 0.43986950904392763, "end_sec": 4.864439276485788}, "1": {"start_sec": 6.235797157622739, "end_sec": 7.529531007751937}}