{"0": {"start_sec": 0.7503656330749354, "end_sec": 4.605692506459948}}