{"0": {"start_sec": 0.6550508720930233, "end_sec": 2.9870319767441864}}