{"0": {"start_sec": 4.502193798449612, "end_sec": 9.62537984496124}}