{"0": {"start_sec": 1.9131402597402596, "end_sec": 2.921416883116883}, "1": {"start_sec": 6.282338961038961, "end_sec": 8.298892207792207}}