{"0": {"start_sec": 3.493081395348837, "end_sec": 5.8218023255813955}}