{"0": {"start_sec": 0.0, "end_sec": 2.7944651162790697}, "1": {"start_sec": 4.786815245478036, "end_sec": 9.987625322997415}}