{"0": {"start_sec": 0.8279896640826873, "end_sec": 7.08966149870801}}