{"0": {"start_sec": 6.623917312661498, "end_sec": 9.987625322997415}}