{"0": {"start_sec": 0.0, "end_sec": 4.528068475452196}, "1": {"start_sec": 5.3301834625322995, "end_sec": 9.987625322997415}}