{"0": {"start_sec": 4.008292171304354, "end_sec": 9.981940504022456}}