{"0": {"start_sec": 3.1049612403100775, "end_sec": 9.987625322997415}}