{"0": {"start_sec": 7.2808057796762125, "end_sec": 8.983152454780363}}