{"0": {"start_sec": 0.4396191413688646, "end_sec": 4.809950605565224}, "1": {"start_sec": 6.5425672215483965, "end_sec": 9.981940504022456}}