{"0": {"start_sec": 5.718303617571059, "end_sec": 9.987625322997415}}