{"0": {"start_sec": 0.15524806201550387, "end_sec": 3.855326873385013}, "1": {"start_sec": 5.174935400516795, "end_sec": 6.96028811369509}}