{"0": {"start_sec": 1.0347395833333333, "end_sec": 7.83815234375}}