{"0": {"start_sec": 2.5234497282608697, "end_sec": 9.547485054347826}}