{"0": {"start_sec": 1.7853527131782945, "end_sec": 4.605692506459948}, "1": {"start_sec": 8.745640826873384, "end_sec": 9.987625322997415}}