{"0": {"start_sec": 9.3666330749354, "end_sec": 9.987625322997415}}