{"0": {"start_sec": 3.2692770833333333, "end_sec": 6.566027083333333}}