{"0": {"start_sec": 2.6377148482131876, "end_sec": 4.085872019781212}, "1": {"start_sec": 9.102702221284726, "end_sec": 9.981940504022456}}