{"0": {"start_sec": 0.0, "end_sec": 0.9573630490956072}, "1": {"start_sec": 3.389582687338501, "end_sec": 4.631567183462532}}