{"0": {"start_sec": 3.751828165374677, "end_sec": 8.926763565891472}}