{"0": {"start_sec": 4.366852459016394, "end_sec": 9.487506830601093}}