{"0": {"start_sec": 0.0, "end_sec": 3.518956072351421}, "1": {"start_sec": 6.598042635658914, "end_sec": 6.908538759689923}}