{"0": {"start_sec": 1.0091124031007752, "end_sec": 1.9406007751937984}}