{"0": {"start_sec": 1.4231072351421188, "end_sec": 3.441332041343669}}