{"0": {"start_sec": 0.23273954543057537, "end_sec": 4.060012070288926}, "1": {"start_sec": 7.964864443624135, "end_sec": 9.981940504022456}}