{"0": {"start_sec": 2.328720930232558, "end_sec": 5.925301033591731}}