{"0": {"start_sec": 1.319608527131783, "end_sec": 3.0273372093023254}, "1": {"start_sec": 5.847677002583979, "end_sec": 9.987625322997415}}