{"0": {"start_sec": 1.7336033591731266, "end_sec": 5.640679586563308}}