{"0": {"start_sec": 0.5174935400516796, "end_sec": 5.925301033591731}, "1": {"start_sec": 7.865901808785529, "end_sec": 9.987625322997415}}