{"0": {"start_sec": 1.0349870801033592, "end_sec": 7.400157622739018}}