{"0": {"start_sec": 0.0, "end_sec": 4.422051363180932}, "1": {"start_sec": 6.9046065144404025, "end_sec": 9.981940504022456}}