{"0": {"start_sec": 0.051749354005167954, "end_sec": 2.173472868217054}}