{"0": {"start_sec": 0.0, "end_sec": 1.8629767441860465}, "1": {"start_sec": 2.354595607235142, "end_sec": 4.088198966408268}, "2": {"start_sec": 7.400157622739018, "end_sec": 9.987625322997415}}