{"0": {"start_sec": 7.08966149870801, "end_sec": 7.8400271317829455}}