{"0": {"start_sec": 1.8371020671834624, "end_sec": 6.649791989664083}}