{"0": {"start_sec": 6.4169198966408265, "end_sec": 9.987625322997415}}