{"0": {"start_sec": 0.5689188888302954, "end_sec": 2.3015355048134674}}