{"0": {"start_sec": 2.8979638242894055, "end_sec": 9.987625322997415}}