{"0": {"start_sec": 1.8629767441860465, "end_sec": 3.622454780361757}}