{"0": {"start_sec": 2.328720930232558, "end_sec": 9.987625322997415}}