{"0": {"start_sec": 1.5524806201550387, "end_sec": 9.987625322997415}}