{"0": {"start_sec": 0.10349870801033591, "end_sec": 6.391045219638243}}