{"0": {"start_sec": 2.9238385012919896, "end_sec": 6.313421188630491}, "1": {"start_sec": 8.668016795865633, "end_sec": 9.314883720930233}}