{"0": {"start_sec": 7.270784237726098, "end_sec": 9.987625322997415}}