{"0": {"start_sec": 5.149060723514212, "end_sec": 7.115536175710594}}