{"0": {"start_sec": 1.7326166159831722, "end_sec": 6.982186362917261}}