{"0": {"start_sec": 5.4078074935400515, "end_sec": 9.987625322997415}}