{"0": {"start_sec": 0.0, "end_sec": 5.585749090333809}, "1": {"start_sec": 9.438881564684445, "end_sec": 9.981940504022456}}