{"0": {"start_sec": 1.345483204134367, "end_sec": 6.675666666666666}}