{"0": {"start_sec": 4.217572351421189, "end_sec": 9.987625322997415}}