{"0": {"start_sec": 7.581280361757106, "end_sec": 9.987625322997415}}