{"0": {"start_sec": 8.357520671834624, "end_sec": 9.987625322997415}}