{"0": {"start_sec": 2.767014595674618, "end_sec": 3.2842135855203414}}