{"0": {"start_sec": 3.413513332981772, "end_sec": 5.870208534748957}}