{"0": {"start_sec": 1.3972325581395348, "end_sec": 7.7624031007751935}}