{"0": {"start_sec": 0.0, "end_sec": 1.7326166159831722}, "1": {"start_sec": 1.8360564139523168, "end_sec": 9.981940504022456}}