{"0": {"start_sec": 0.9050982322300153, "end_sec": 3.5169531309509168}, "1": {"start_sec": 6.490847322563824, "end_sec": 9.981940504022456}}