{"0": {"start_sec": 0.0, "end_sec": 1.189557676645163}, "1": {"start_sec": 7.654545049716701, "end_sec": 9.981940504022456}}