{"0": {"start_sec": 0.41399483204134363, "end_sec": 2.2769715762273903}}