{"0": {"start_sec": 0.0, "end_sec": 1.8112273901808784}, "1": {"start_sec": 3.544830749354005, "end_sec": 9.987625322997415}}