{"0": {"start_sec": 8.745640826873384, "end_sec": 9.987625322997415}}