{"0": {"start_sec": 0.8538643410852713, "end_sec": 3.493081395348837}}