{"0": {"start_sec": 1.241984496124031, "end_sec": 3.389582687338501}}