{"0": {"start_sec": 0.0, "end_sec": 0.9573630490956072}, "1": {"start_sec": 4.010574935400516, "end_sec": 6.054674418604651}}