{"0": {"start_sec": 0.0, "end_sec": 1.3972325581395348}, "1": {"start_sec": 3.1567105943152454, "end_sec": 9.987625322997415}}