{"0": {"start_sec": 1.9406007751937984, "end_sec": 3.596580103359173}, "1": {"start_sec": 6.649791989664083, "end_sec": 9.987625322997415}}