{"0": {"start_sec": 0.0, "end_sec": 3.622454780361757}, "1": {"start_sec": 4.6833165374677, "end_sec": 7.943525839793281}, "2": {"start_sec": 8.926763565891472, "end_sec": 9.987625322997415}}