{"0": {"start_sec": 4.760940568475452, "end_sec": 5.4078074935400515}, "1": {"start_sec": 7.607155038759689, "end_sec": 9.987625322997415}}