{"0": {"start_sec": 1.6818540051679587, "end_sec": 6.4169198966408265}}