{"0": {"start_sec": 0.0, "end_sec": 0.33617934339972}, "1": {"start_sec": 5.327149595410948, "end_sec": 7.706264948701273}}