{"0": {"start_sec": 7.240785857840122, "end_sec": 9.981940504022456}}