{"0": {"start_sec": 0.7244909560723514, "end_sec": 7.917651162790698}}