{"0": {"start_sec": 2.509843669250646, "end_sec": 4.191697674418604}, "1": {"start_sec": 8.047024547803618, "end_sec": 9.987625322997415}}