{"0": {"start_sec": 0.02596630727762803, "end_sec": 2.10327088948787}, "1": {"start_sec": 3.0640242587601074, "end_sec": 3.8689797843665765}, "2": {"start_sec": 6.829138814016171, "end_sec": 9.60753369272237}}