{"0": {"start_sec": 3.2860839793281653, "end_sec": 9.987625322997415}}