{"0": {"start_sec": 0.5240406976744186, "end_sec": 3.9041031976744187}, "1": {"start_sec": 7.913014534883722, "end_sec": 8.98729796511628}}