{"0": {"start_sec": 0.0, "end_sec": 1.7853527131782945}, "1": {"start_sec": 4.269321705426356, "end_sec": 7.788277777777777}}