{"0": {"start_sec": 0.8021149870801033, "end_sec": 4.450444444444444}, "1": {"start_sec": 5.7441782945736435, "end_sec": 8.797390180878553}}