{"0": {"start_sec": 1.7594780361757105, "end_sec": 4.036449612403101}, "1": {"start_sec": 5.226684754521964, "end_sec": 6.365170542635659}}