{"0": {"start_sec": 0.0, "end_sec": 4.838564599483204}, "1": {"start_sec": 5.252559431524547, "end_sec": 9.987625322997415}}