{"0": {"start_sec": 1.241984496124031, "end_sec": 5.7441782945736435}, "1": {"start_sec": 8.25402196382429, "end_sec": 9.987625322997415}}