{"0": {"start_sec": 1.8629767441860465, "end_sec": 9.987625322997415}}