{"0": {"start_sec": 0.0, "end_sec": 0.9832377260981912}, "1": {"start_sec": 4.139948320413437, "end_sec": 6.44279457364341}}