{"0": {"start_sec": 0.8538643410852713, "end_sec": 4.3986950904392765}}