{"0": {"start_sec": 0.0, "end_sec": 2.251096899224806}, "1": {"start_sec": 4.191697674418604, "end_sec": 9.987625322997415}}