{"0": {"start_sec": 0.31049612403100774, "end_sec": 8.900888888888888}}