{"0": {"start_sec": 5.588930232558139, "end_sec": 8.33164599483204}}