{"0": {"start_sec": 0.0, "end_sec": 2.380470284237726}, "1": {"start_sec": 6.44279457364341, "end_sec": 7.607155038759689}}