{"0": {"start_sec": 1.5515969695371692, "end_sec": 9.981940504022456}}