{"0": {"start_sec": 0.0, "end_sec": 4.318611565211787}, "1": {"start_sec": 5.404729443887806, "end_sec": 9.981940504022456}}