{"0": {"start_sec": 3.0487046511627907, "end_sec": 5.98553023255814}}