{"0": {"start_sec": 6.727416020671835, "end_sec": 8.357520671834624}}