{"0": {"start_sec": 1.5007312661498708, "end_sec": 3.829452196382429}}