{"0": {"start_sec": 2.1475981912144704, "end_sec": 6.054674418604651}}