{"0": {"start_sec": 1.3188574241065938, "end_sec": 3.542813080443203}, "1": {"start_sec": 5.740908787287526, "end_sec": 7.7579848476858455}}