{"0": {"start_sec": 1.370577323091166, "end_sec": 5.430589393380092}}