{"0": {"start_sec": 3.3637080103359174, "end_sec": 7.73652842377261}}