{"0": {"start_sec": 7.633029715762274, "end_sec": 9.987625322997415}}