{"0": {"start_sec": 1.371357881136951, "end_sec": 4.786815245478036}, "1": {"start_sec": 8.383395348837208, "end_sec": 9.987625322997415}}