{"0": {"start_sec": 4.295196382428941, "end_sec": 9.987625322997415}}