{"0": {"start_sec": 4.03415212079664, "end_sec": 7.214925908347836}, "1": {"start_sec": 7.7579848476858455, "end_sec": 9.981940504022456}}