{"0": {"start_sec": 1.112611111111111, "end_sec": 9.987625322997415}}