{"0": {"start_sec": 1.861916363444603, "end_sec": 3.3617934339972}, "1": {"start_sec": 4.499631211657791, "end_sec": 9.981940504022456}}