{"0": {"start_sec": 0.6209922480620155, "end_sec": 2.7685904392764855}, "1": {"start_sec": 7.451906976744186, "end_sec": 9.987625322997415}}