{"0": {"start_sec": 0.0, "end_sec": 1.0145828804347825}, "1": {"start_sec": 4.942839673913044, "end_sec": 6.061482336956522}}