{"0": {"start_sec": 0.0, "end_sec": 2.4937765667574934}, "1": {"start_sec": 4.182271117166213, "end_sec": 6.624094005449591}, "2": {"start_sec": 8.13075068119891, "end_sec": 9.507523160762943}}