{"0": {"start_sec": 5.226684754521964, "end_sec": 9.987625322997415}}