{"0": {"start_sec": 0.0, "end_sec": 1.7594780361757105}, "1": {"start_sec": 4.81268992248062, "end_sec": 9.987625322997415}}