{"0": {"start_sec": 0.6986162790697674, "end_sec": 4.3210710594315245}}