{"0": {"start_sec": 3.2860839793281653, "end_sec": 8.745640826873384}}