{"0": {"start_sec": 5.433682170542635, "end_sec": 9.987625322997415}}