{"0": {"start_sec": 0.7762403100775194, "end_sec": 2.8979638242894055}}