{"0": {"start_sec": 6.598042635658914, "end_sec": 7.21903488372093}}