{"0": {"start_sec": 4.372820413436692, "end_sec": 7.814152454780362}}