{"0": {"start_sec": 6.464987373071538, "end_sec": 7.732124898193559}}