{"0": {"start_sec": 0.5430589393380092, "end_sec": 9.981940504022456}}