{"0": {"start_sec": 2.354595607235142, "end_sec": 6.623917312661498}}