{"0": {"start_sec": 0.5692428940568476, "end_sec": 3.777702842377261}, "1": {"start_sec": 7.710653746770026, "end_sec": 9.987625322997415}}