{"0": {"start_sec": 0.0, "end_sec": 5.353009544903234}, "1": {"start_sec": 7.551105251747557, "end_sec": 9.981940504022456}}