{"0": {"start_sec": 0.6986162790697674, "end_sec": 9.987625322997415}}