{"0": {"start_sec": 1.7077286821705426, "end_sec": 9.987625322997415}}