{"0": {"start_sec": 8.668016795865633, "end_sec": 9.987625322997415}}