{"0": {"start_sec": 4.579817829457364, "end_sec": 6.002925064599483}}