{"0": {"start_sec": 0.0, "end_sec": 0.831399889685604}, "1": {"start_sec": 4.806530612244898, "end_sec": 9.58707997793712}}