{"0": {"start_sec": 4.476319121447029, "end_sec": 7.73652842377261}}