{"0": {"start_sec": 5.7441782945736435, "end_sec": 7.658904392764858}}