{"0": {"start_sec": 4.346945736434108, "end_sec": 6.028799741602067}}