{"0": {"start_sec": 6.805040051679586, "end_sec": 7.917651162790698}}