{"0": {"start_sec": 2.6464055232558144, "end_sec": 6.052670058139535}}