{"0": {"start_sec": 9.54232136265359, "end_sec": 9.981940504022456}}