{"0": {"start_sec": 5.588930232558139, "end_sec": 9.987625322997415}}