{"0": {"start_sec": 4.732370757088366, "end_sec": 8.171744039562425}}