{"0": {"start_sec": 7.607155038759689, "end_sec": 9.62537984496124}}