{"0": {"start_sec": 4.191697674418604, "end_sec": 5.899426356589147}}