{"0": {"start_sec": 0.0, "end_sec": 3.4154573643410853}, "1": {"start_sec": 7.633029715762274, "end_sec": 9.987625322997415}}