{"0": {"start_sec": 0.9314883720930233, "end_sec": 5.20081007751938}}