{"0": {"start_sec": 3.0273372093023254, "end_sec": 4.528068475452196}, "1": {"start_sec": 6.986162790697674, "end_sec": 9.987625322997415}}