{"0": {"start_sec": 0.5430589393380092, "end_sec": 3.051474040089766}}