{"0": {"start_sec": 1.0602579291837322, "end_sec": 3.9824322218120676}, "1": {"start_sec": 4.292751615719501, "end_sec": 6.206387878148677}, "2": {"start_sec": 8.249323888039283, "end_sec": 9.981940504022456}}