{"0": {"start_sec": 0.7762403100775194, "end_sec": 4.450444444444444}, "1": {"start_sec": 9.3666330749354, "end_sec": 9.987625322997415}}