{"0": {"start_sec": 4.651162790697674, "end_sec": 7.984496124031007}, "1": {"start_sec": 8.578811369509044, "end_sec": 9.974160206718345}}