{"0": {"start_sec": 5.640679586563308, "end_sec": 6.727416020671835}}