{"0": {"start_sec": 8.171744039562425, "end_sec": 9.981940504022456}}