{"0": {"start_sec": 2.121723514211886, "end_sec": 4.42456976744186}, "1": {"start_sec": 7.037912144702842, "end_sec": 7.814152454780362}}