{"0": {"start_sec": 0.596623670212766, "end_sec": 5.914356382978724}}