{"0": {"start_sec": 6.51670727205611, "end_sec": 7.732124898193559}, "1": {"start_sec": 8.688943029408147, "end_sec": 9.981940504022456}}