{"0": {"start_sec": 4.709191214470284, "end_sec": 8.77151550387597}}