{"0": {"start_sec": 0.41375919187657845, "end_sec": 9.981940504022456}}