{"0": {"start_sec": 6.102948080179532, "end_sec": 9.981940504022456}}