{"0": {"start_sec": 1.5266059431524548, "end_sec": 2.354595607235142}}