{"0": {"start_sec": 0.051749354005167954, "end_sec": 3.493081395348837}}