{"0": {"start_sec": 4.372820413436692, "end_sec": 7.322533591731266}}