{"0": {"start_sec": 0.0, "end_sec": 3.3637080103359174}, "1": {"start_sec": 4.605692506459948, "end_sec": 9.987625322997415}}