{"0": {"start_sec": 5.847677002583979, "end_sec": 9.987625322997415}}