{"0": {"start_sec": 0.0, "end_sec": 2.8720891472868217}, "1": {"start_sec": 9.703003875968992, "end_sec": 9.987625322997415}}