{"0": {"start_sec": 6.309827676117821, "end_sec": 9.981940504022456}}