{"0": {"start_sec": 2.225222222222222, "end_sec": 3.518956072351421}}