{"0": {"start_sec": 0.7762403100775194, "end_sec": 7.115536175710594}}