{"0": {"start_sec": 0.0, "end_sec": 1.060861757105943}, "1": {"start_sec": 2.7944651162790697, "end_sec": 5.149060723514212}}