{"0": {"start_sec": 0.0, "end_sec": 5.485431524547804}, "1": {"start_sec": 6.779165374677002, "end_sec": 8.228147286821706}}