{"0": {"start_sec": 6.002925064599483, "end_sec": 7.21903488372093}}