{"0": {"start_sec": 4.372820413436692, "end_sec": 9.987625322997415}}