{"0": {"start_sec": 1.9664754521963823, "end_sec": 5.4078074935400515}, "1": {"start_sec": 8.357520671834624, "end_sec": 9.987625322997415}}