{"0": {"start_sec": 2.7168410852713176, "end_sec": 3.0014625322997417}}