{"0": {"start_sec": 5.381932816537468, "end_sec": 7.141410852713178}}