{"0": {"start_sec": 1.8360564139523168, "end_sec": 5.016830201503513}}