{"0": {"start_sec": 3.3637080103359174, "end_sec": 4.838564599483204}, "1": {"start_sec": 9.107886304909561, "end_sec": 9.987625322997415}}