{"0": {"start_sec": 5.20081007751938, "end_sec": 9.987625322997415}}