{"0": {"start_sec": 0.0, "end_sec": 0.36203929289200615}, "1": {"start_sec": 7.654545049716701, "end_sec": 9.3354417667153}}