{"0": {"start_sec": 0.0, "end_sec": 5.485431524547804}, "1": {"start_sec": 6.8309147286821705, "end_sec": 9.987625322997415}}