{"0": {"start_sec": 6.727416020671835, "end_sec": 9.987625322997415}}