{"0": {"start_sec": 6.235797157622739, "end_sec": 9.987625322997415}}