{"0": {"start_sec": 0.7244909560723514, "end_sec": 4.94206330749354}, "1": {"start_sec": 7.012037467700258, "end_sec": 9.987625322997415}}