{"0": {"start_sec": 3.622454780361757, "end_sec": 7.788277777777777}}