{"0": {"start_sec": 0.0, "end_sec": 0.3622454780361757}, "1": {"start_sec": 8.072899224806202, "end_sec": 9.987625322997415}}