{"0": {"start_sec": 0.0, "end_sec": 1.1384857881136952}, "1": {"start_sec": 5.019687338501292, "end_sec": 8.668016795865633}}