{"0": {"start_sec": 5.585749090333809, "end_sec": 9.981940504022456}}