{"0": {"start_sec": 0.0, "end_sec": 0.7001093487792994}, "1": {"start_sec": 4.356235947960085, "end_sec": 9.749670931148762}}