{"0": {"start_sec": 1.9147260981912144, "end_sec": 4.010574935400516}}