{"0": {"start_sec": 7.012037467700258, "end_sec": 9.987625322997415}}