{"0": {"start_sec": 1.060861757105943, "end_sec": 6.235797157622739}}