{"0": {"start_sec": 5.770052971576227, "end_sec": 7.710653746770026}}