{"0": {"start_sec": 3.493081395348837, "end_sec": 4.786815245478036}}