{"0": {"start_sec": 7.284165697674419, "end_sec": 8.98729796511628}}