{"0": {"start_sec": 3.2860839793281653, "end_sec": 6.313421188630491}}