{"0": {"start_sec": 5.4078074935400515, "end_sec": 8.538643410852712}}