{"0": {"start_sec": 0.41399483204134363, "end_sec": 2.0699741602067183}, "1": {"start_sec": 3.0532118863049096, "end_sec": 7.296658914728682}}