{"0": {"start_sec": 0.0, "end_sec": 0.9314883720930233}, "1": {"start_sec": 1.6042299741602066, "end_sec": 3.2860839793281653}, "2": {"start_sec": 6.623917312661498, "end_sec": 9.987625322997415}}