{"0": {"start_sec": 0.0, "end_sec": 0.5951175710594315}, "1": {"start_sec": 5.588930232558139, "end_sec": 9.987625322997415}}