{"0": {"start_sec": 6.261671834625322, "end_sec": 9.987625322997415}}