{"0": {"start_sec": 0.0, "end_sec": 1.6042299741602066}, "1": {"start_sec": 3.751828165374677, "end_sec": 6.4169198966408265}}