{"0": {"start_sec": 0.6986162790697674, "end_sec": 4.217572351421189}, "1": {"start_sec": 8.176397932816537, "end_sec": 9.987625322997415}}