{"0": {"start_sec": 0.8021149870801033, "end_sec": 1.7336033591731266}, "1": {"start_sec": 3.4154573643410853, "end_sec": 9.987625322997415}}