{"0": {"start_sec": 0.0, "end_sec": 3.904852373335209}, "1": {"start_sec": 8.585503231439002, "end_sec": 9.981940504022456}}