{"0": {"start_sec": 2.53571834625323, "end_sec": 3.2343346253229974}}