{"0": {"start_sec": 1.5783552971576227, "end_sec": 3.493081395348837}}