{"0": {"start_sec": 0.0, "end_sec": 0.2585994949228615}, "1": {"start_sec": 7.6286851002244145, "end_sec": 9.981940504022456}}