{"0": {"start_sec": 0.0, "end_sec": 1.8371020671834624}, "1": {"start_sec": 3.3637080103359174, "end_sec": 9.987625322997415}}