{"0": {"start_sec": 0.8538643410852713, "end_sec": 9.987625322997415}}