{"0": {"start_sec": 0.0, "end_sec": 6.002925064599483}, "1": {"start_sec": 8.33164599483204, "end_sec": 9.987625322997415}}