{"0": {"start_sec": 6.0512281811949595, "end_sec": 9.438881564684445}}