{"0": {"start_sec": 0.0, "end_sec": 2.358183139534884}, "1": {"start_sec": 4.716366279069768, "end_sec": 7.467579941860466}}