{"0": {"start_sec": 2.354595607235142, "end_sec": 6.391045219638243}, "1": {"start_sec": 8.383395348837208, "end_sec": 9.987625322997415}}