{"0": {"start_sec": 1.216109819121447, "end_sec": 4.088198966408268}}