{"0": {"start_sec": 0.0, "end_sec": 1.112611111111111}, "1": {"start_sec": 3.260209302325581, "end_sec": 8.538643410852712}}