{"0": {"start_sec": 2.8720891472868217, "end_sec": 4.036449612403101}, "1": {"start_sec": 7.451906976744186, "end_sec": 9.987625322997415}}