{"0": {"start_sec": 7.913014534883722, "end_sec": 8.98729796511628}}