{"0": {"start_sec": 1.1833176888326389, "end_sec": 3.9859122150152047}}