{"0": {"start_sec": 7.028460490463215, "end_sec": 9.527468664850137}}