{"0": {"start_sec": 0.6209922480620155, "end_sec": 9.987625322997415}}