{"0": {"start_sec": 3.648329457364341, "end_sec": 5.226684754521964}}