{"0": {"start_sec": 0.0, "end_sec": 0.7244909560723514}, "1": {"start_sec": 3.829452196382429, "end_sec": 5.433682170542635}}