{"0": {"start_sec": 7.012037467700258, "end_sec": 8.072899224806202}}