{"0": {"start_sec": 5.50816924185695, "end_sec": 9.981940504022456}}