{"0": {"start_sec": 1.4935159883720932, "end_sec": 5.974063953488373}}