{"0": {"start_sec": 6.8309147286821705, "end_sec": 9.987625322997415}}