{"0": {"start_sec": 2.095848837209302, "end_sec": 7.865901808785529}}