{"0": {"start_sec": 2.225222222222222, "end_sec": 6.235797157622739}}