{"0": {"start_sec": 1.7077286821705426, "end_sec": 4.088198966408268}, "1": {"start_sec": 7.21903488372093, "end_sec": 9.987625322997415}}