{"0": {"start_sec": 1.7336033591731266, "end_sec": 6.856789405684754}}