{"0": {"start_sec": 5.07143669250646, "end_sec": 6.856789405684754}}