{"0": {"start_sec": 0.0, "end_sec": 0.33617934339972}, "1": {"start_sec": 4.680650858103793, "end_sec": 6.594287120532969}}