{"0": {"start_sec": 1.241984496124031, "end_sec": 9.987625322997415}}