{"0": {"start_sec": 0.2587467700258398, "end_sec": 2.0182248062015504}}