{"0": {"start_sec": 1.371357881136951, "end_sec": 5.07143669250646}, "1": {"start_sec": 7.969400516795865, "end_sec": 9.987625322997415}}