{"0": {"start_sec": 0.20699741602067182, "end_sec": 2.53571834625323}}