{"0": {"start_sec": 1.9406007751937984, "end_sec": 5.433682170542635}, "1": {"start_sec": 7.400157622739018, "end_sec": 9.987625322997415}}