{"0": {"start_sec": 0.0, "end_sec": 0.43986950904392763}, "1": {"start_sec": 4.657441860465116, "end_sec": 9.987625322997415}}