{"0": {"start_sec": 0.0, "end_sec": 6.235797157622739}, "1": {"start_sec": 8.150523255813953, "end_sec": 9.987625322997415}}