{"0": {"start_sec": 1.371357881136951, "end_sec": 2.742715762273902}, "1": {"start_sec": 7.21903488372093, "end_sec": 9.987625322997415}}