{"0": {"start_sec": 7.153155523255815, "end_sec": 8.98729796511628}}