{"0": {"start_sec": 3.413513332981772, "end_sec": 9.981940504022456}}