{"0": {"start_sec": 6.934413436692506, "end_sec": 9.987625322997415}}