{"0": {"start_sec": 5.356058139534883, "end_sec": 7.581280361757106}}