{"0": {"start_sec": 2.380470284237726, "end_sec": 4.967937984496124}}