{"0": {"start_sec": 3.335933484504914, "end_sec": 5.896068484241242}}