{"0": {"start_sec": 0.6727416020671835, "end_sec": 5.304308785529716}, "1": {"start_sec": 6.287546511627907, "end_sec": 9.987625322997415}}