{"0": {"start_sec": 0.6209922480620155, "end_sec": 1.5266059431524548}, "1": {"start_sec": 7.47778165374677, "end_sec": 9.987625322997415}}