{"0": {"start_sec": 4.139948320413437, "end_sec": 7.115536175710594}}