{"0": {"start_sec": 5.663328938810667, "end_sec": 7.990724393116421}}