{"0": {"start_sec": 1.5515969695371692, "end_sec": 2.3015355048134674}}