{"0": {"start_sec": 0.0, "end_sec": 4.6833165374677}, "1": {"start_sec": 6.675666666666666, "end_sec": 9.987625322997415}}