{"0": {"start_sec": 0.0, "end_sec": 0.5430589393380092}, "1": {"start_sec": 5.016830201503513, "end_sec": 9.981940504022456}}