{"0": {"start_sec": 0.5174935400516796, "end_sec": 6.287546511627907}}