{"0": {"start_sec": 6.33580181893546, "end_sec": 9.633534732889572}}