{"0": {"start_sec": 3.0790865633074933, "end_sec": 4.9938126614987075}, "1": {"start_sec": 7.322533591731266, "end_sec": 9.987625322997415}}