{"0": {"start_sec": 0.0, "end_sec": 1.1378377776605908}, "1": {"start_sec": 6.025368231702673, "end_sec": 9.981940504022456}}