{"0": {"start_sec": 6.697726918502114, "end_sec": 9.981940504022456}}