{"0": {"start_sec": 0.0, "end_sec": 0.9573630490956072}, "1": {"start_sec": 3.8035775193798447, "end_sec": 9.987625322997415}}