{"0": {"start_sec": 0.3881201550387597, "end_sec": 9.987625322997415}}