{"0": {"start_sec": 0.46574418604651163, "end_sec": 3.0790865633074933}}