{"0": {"start_sec": 5.766768736779812, "end_sec": 8.53378333245443}}