{"0": {"start_sec": 0.0, "end_sec": 0.3881201550387597}, "1": {"start_sec": 6.391045219638243, "end_sec": 8.564518087855296}}