{"0": {"start_sec": 0.4913390403534369, "end_sec": 4.422051363180932}, "1": {"start_sec": 6.0512281811949595, "end_sec": 9.981940504022456}}