{"0": {"start_sec": 0.9573630490956072, "end_sec": 1.5007312661498708}, "1": {"start_sec": 6.002925064599483, "end_sec": 7.7624031007751935}}