{"0": {"start_sec": 5.174935400516795, "end_sec": 6.365170542635659}}