{"0": {"start_sec": 0.0, "end_sec": 0.9056136950904392}, "1": {"start_sec": 5.795927648578811, "end_sec": 8.616267441860465}}