{"0": {"start_sec": 5.873551679586563, "end_sec": 9.987625322997415}}