{"0": {"start_sec": 4.758230706580652, "end_sec": 9.981940504022456}}