{"0": {"start_sec": 0.0, "end_sec": 2.7685904392764855}, "1": {"start_sec": 4.243447028423772, "end_sec": 7.917651162790698}}