{"0": {"start_sec": 2.8979638242894055, "end_sec": 4.062324289405685}}