{"0": {"start_sec": 8.74066292839272, "end_sec": 9.981940504022456}}