{"0":{"start_sec":3.4897529072430524,"end_sec":4.0901281417646285},"1":{"start_sec":4.5779330198134085,"end_sec":5.1783082543349845}}