{"0":{"start_sec":3.4897529072430524,"end_sec":3.6586084419522455}}