{"0":{"start_sec":3.564799811558249,"end_sec":4.840597184916598},"1":{"start_sec":6.2664883669053415,"end_sec":6.923148779663315}}