{"0":{"start_sec":0,"end_sec":0.9381581605263544},"1":{"start_sec":1.4821763602251405,"end_sec":2.0826234513331086},"2":{"start_sec":3.1520418378246657,"end_sec":4.7843120066802},"3":{"start_sec":7.711069418386492,"end_sec":8.161422700864065},"4":{"start_sec":9.193317635198024,"end_sec":10}}