{"0":{"start_sec":4.709265102365004,"end_sec":5.647351406304965}}