{"0":{"start_sec":2.739283864091082,"end_sec":3.996319511370632}}