{"0":{"start_sec":2.9831863031154726,"end_sec":4.334030580789018},"1":{"start_sec":9.756169417562003,"end_sec":10}}