{"0":{"start_sec":3.6018430921766496,"end_sec":4.033300523634081}}