{"0": {"start_sec": 0.03907252940608652, "end_sec": 0.564325054658612}, "1": {"start_sec": 8.705627705627705, "end_sec": 9.474858965192523}}