{"0":{"start_sec":3.6023232637158475,"end_sec":4.484124389419413}}