{"0":{"start_sec":1.9698084601420174,"end_sec":2.2699527602863174},"1":{"start_sec":3.1515151515151514,"end_sec":4.464757955091512}}