{"0":{"start_sec":3.0770345834585338,"end_sec":7.073282238242774}}