{"0":{"start_sec":3.2458504682186624,"end_sec":4.29650712863142}}