{"0":{"start_sec":1.763459253792811,"end_sec":3.564325054658612}}