{"0":{"start_sec":5.741160036698963,"end_sec":7.955043713997274}}