{"0":{"start_sec":4.071366415685829,"end_sec":5.065737897862189}}