{"0":{"start_sec":3.41474565287692,"end_sec":3.9588357091620985}}