{"0":{"start_sec":2.2511937415272985,"end_sec":5.759130249463807},"1":{"start_sec":6.997113997113996,"end_sec":9.229548719882276}}