{"0":{"start_sec":2.926901124879075,"end_sec":4.953167541389394}}