{"0":{"start_sec":4.408772863522924,"end_sec":6.153361608111669}}