{"0":{"start_sec":3.677370168031045,"end_sec":6.341535271220539}}