{"0":{"start_sec":1.6886272036783243,"end_sec":4.334030580789018}}