{"0":{"start_sec":2.9831863031154726,"end_sec":4.315268854710219}}