{"0":{"start_sec":3.13286762320118,"end_sec":3.5268070171405745}}