{"0":{"start_sec":2.851854220563878,"end_sec":4.615456471971007}}