{"0": {"start_sec": 0.170385660719218, "end_sec": 0.6956381859717435}, "1": {"start_sec": 3.0028860028860027, "end_sec": 5.141525631859189}, "2": {"start_sec": 7.298812789146346, "end_sec": 7.917860408193965}}