{"0":{"start_sec":2.8893776727214764,"end_sec":3.414706002927855}}