{"0":{"start_sec":2.833092494485079,"end_sec":4.934405815310595}}