{"0":{"start_sec":0.6566771470107041,"end_sec":1.0318575221910793},"1":{"start_sec":3.601731601731602,"end_sec":4.314685805019362}}