{"0":{"start_sec":3.4330119233454806,"end_sec":5.271395761729319}}