{"0":{"start_sec":3.4334677290066544,"end_sec":3.9775577852918325}}