{"0":{"start_sec":3.9025108809766356,"end_sec":5.591066228068568},"1":{"start_sec":6.660484614560126,"end_sec":7.204574670845304}}