{"0":{"start_sec":3.30213564645506,"end_sec":6.435343901614534}}