{"0":{"start_sec":5.965479455813013,"end_sec":6.8659123562459135}}