{"0":{"start_sec":2.739283864091082,"end_sec":4.127651593922227}}