{"0":{"start_sec":3.3584208246914575,"end_sec":3.7148936201886436}}