{"0":{"start_sec":0,"end_sec":1.0319667909203507},"1":{"start_sec":5.328402062965378,"end_sec":5.891253845329356}}