{"0":{"start_sec":1.763459253792811,"end_sec":4.63354947969511}}