{"0":{"start_sec":2.6638921542257115,"end_sec":4.80242029275385}}