{"0":{"start_sec":3.376734867068424,"end_sec":5.440226930560487}}