{"0":{"start_sec":2.176157666491224,"end_sec":3.864469354802912}}