{"0": {"start_sec": 0.9885674789010361, "end_sec": 3.5773120676456243}, "1": {"start_sec": 6.8788993692329266, "end_sec": 9.373848864182422}}