{"0":{"start_sec":3.320457810791368,"end_sec":4.183372673706231}}