{"0":{"start_sec":1.9700530948603132,"end_sec":2.326525890357499},"1":{"start_sec":2.8893776727214764,"end_sec":4.258983676473822}}