{"0": {"start_sec": 6.510934001267557, "end_sec": 7.280053770387328}}