{"0":{"start_sec":0,"end_sec":1.519771668969131},"1":{"start_sec":1.9137679166239152,"end_sec":3.6398467158734467}}