{"0":{"start_sec":4.0901281417646285,"end_sec":5.872492119250557}}