{"0":{"start_sec":3.1891446794782365,"end_sec":4.445998936332493}}