{"0":{"start_sec":2.7580455901698815,"end_sec":4.334030580789018}}