{"0":{"start_sec":2.964464226985738,"end_sec":4.484164039368477}}