{"0":{"start_sec":2.007326497660055,"end_sec":2.607615097948655},"1":{"start_sec":3.0953495856831426,"end_sec":3.6206021109356676}}