{"0":{"start_sec":3.564325054658612,"end_sec":5.065046555380113}}