{"0":{"start_sec":2.7768073162486804,"end_sec":4.202698498237424}}