{"0":{"start_sec":3.189565289982264,"end_sec":5.253355158650182}}