{"0":{"start_sec":3.621084989794647,"end_sec":4.015081237449431}}