{"0":{"start_sec":3.095756659588268,"end_sec":6.04134765395975}}