{"0":{"start_sec":3.1896049399313293,"end_sec":3.3772222007193213},"1":{"start_sec":4.427878861132079,"end_sec":5.4785355215448375},"2":{"start_sec":6.6792859905879896,"end_sec":8.030130268261535},"3":{"start_sec":9.249642463383488,"end_sec":10}}