{"0":{"start_sec":3.114518385667067,"end_sec":3.771178798425041},"1":{"start_sec":5.422210693359375,"end_sec":6.003824201802152}}