{"0":{"start_sec":0,"end_sec":3.7899405245038404},"1":{"start_sec":7.05448086221491,"end_sec":9.981310130507593}}