{"0":{"start_sec":1.2758692299447407,"end_sec":2.814330768406279}}