{"0":{"start_sec":2.926518416851974,"end_sec":8.066489556823115}}