{"0":{"start_sec":3.3584208246914575,"end_sec":5.422210693359375},"1":{"start_sec":7.05448086221491,"end_sec":7.973805440076073}}