{"0":{"start_sec":3.1141086044421615,"end_sec":5.796648286981844}}