{"0": {"start_sec": 0.22666271699627405, "end_sec": 2.4589859493195068}, "1": {"start_sec": 9.287157287157287, "end_sec": 10}}