{"0":{"start_sec":2.701410191743749,"end_sec":3.6018430921766496}}