{"0":{"start_sec":2.4578579729090935,"end_sec":4.315268854710219}}