{"0":{"start_sec":2.68265117298473,"end_sec":5.327672818006375}}