{"0":{"start_sec":2.739283864091082,"end_sec":5.834968667092959}}