{"0":{"start_sec":0,"end_sec":1.7073889297571234},"1":{"start_sec":3.264540337711069,"end_sec":3.846225702740238}}