{"0":{"start_sec":3.714933270137708,"end_sec":4.690543026235269},"1":{"start_sec":8.743075859255907,"end_sec":9.981349780456657}}