{"0": {"start_sec": 0.07659056692412403, "end_sec": 0.9395054298389871}, "1": {"start_sec": 8.255411255411255, "end_sec": 8.799534289867847}}