{"0":{"start_sec":2.589229705409753,"end_sec":4.183976422107689}}