{"0":{"start_sec":0.00007185658639188555,"end_sec":2.326525890357499},"1":{"start_sec":3.2083270160610633,"end_sec":4.465362663340613}}