{"0":{"start_sec":3.54603808547945,"end_sec":5.53478104983217}}