{"0":{"start_sec":3.7148936201886436,"end_sec":4.953167541389394}}