{"0":{"start_sec":2.701800061882549,"end_sec":5.497297247623637}}