{"0":{"start_sec":3.6398467158734467,"end_sec":5.253355158650182},"1":{"start_sec":6.7542932449541215,"end_sec":9.962548404428794}}