{"0":{"start_sec":2.176157666491224,"end_sec":5.496503986837544}}