{"0":{"start_sec":1.7071821975157546,"end_sec":2.701410191743749},"1":{"start_sec":3.076590566924124,"end_sec":4.558553048886607}}