{"0": {"start_sec": 0.170385660719218, "end_sec": 1.3709628612964178}, "1": {"start_sec": 5.629260119593678, "end_sec": 8.424353914687472}}