{"0":{"start_sec":3.395944276849056,"end_sec":4.0338429635282305}}