{"0":{"start_sec":1.6133871037206609,"end_sec":2.4200249103584675},"1":{"start_sec":3.095238095238095,"end_sec":4.633589123922681}}