{"0":{"start_sec":7.823711631445679,"end_sec":9.024462100488831}}