{"0":{"start_sec":2.3077641642786997,"end_sec":5.891253845329356}}