{"0":{"start_sec":2.907759398092955,"end_sec":5.72161221194577}}