{"0":{"start_sec":3.4522294550854538,"end_sec":4.334030580789018}}