{"0":{"start_sec":3.1520418378246657,"end_sec":3.9025108809766356}}