{"0": {"start_sec": 1.7836612739948308, "end_sec": 2.871684362017919}, "1": {"start_sec": 6.848596338929896, "end_sec": 8.405594895928452}}