{"0":{"start_sec":2.6830383358037495,"end_sec":4.202738148186488},"1":{"start_sec":5.947467166979362,"end_sec":9.943826328299059}}