{"0":{"start_sec":1.6884231787567359,"end_sec":2.4950609853945425},"1":{"start_sec":3.170385660719218,"end_sec":4.258408748742306},"2":{"start_sec":4.6523481426817,"end_sec":5.177600667934225},"3":{"start_sec":5.608946608946609,"end_sec":6.47197296230652}}