{"0":{"start_sec":2.9081393988002757,"end_sec":3.470991181164253},"1":{"start_sec":6.322701688555346,"end_sec":6.585437710244928}}