{"0": {"start_sec": 2.795205285538843, "end_sec": 3.395493885827443}, "1": {"start_sec": 4.783661273994831, "end_sec": 4.952492442825999}}