{"0":{"start_sec":3.8087022505826393,"end_sec":6.078871106117348}}