{"0":{"start_sec":3.076994933509469,"end_sec":3.4334677290066544}}