{"0":{"start_sec":1.4822482168115325,"end_sec":7.486000562027293}}