{"0":{"start_sec":7.259851750185307,"end_sec":8.591742082075639}}