{"0":{"start_sec":3.0019876791433364,"end_sec":3.7336949962165074}}