{"0":{"start_sec":3.5455660358995926,"end_sec":4.108336598670156}}