{"0":{"start_sec":1.069490243077949,"end_sec":1.7073889297571234}}