{"0":{"start_sec":3.6018430921766496,"end_sec":6.303141793475351},"1":{"start_sec":7.316017316017317,"end_sec":9.154512644846202}}