{"0":{"start_sec":2.326525890357499,"end_sec":3.8274639766614387}}