{"0":{"start_sec":1.6511434014697906,"end_sec":6.322813195090804}}