{"0":{"start_sec":3.339698748561723,"end_sec":4.409117135053281}}