{"0":{"start_sec":1.895006190545116,"end_sec":3.733655346267443},"1":{"start_sec":7.992567166154872,"end_sec":9.137032456961627}}