{"0":{"start_sec":2.439096246830294,"end_sec":4.221460224316223}}