{"0":{"start_sec":7.353646843980401,"end_sec":7.8038632941968515}}