{"0": {"start_sec": 1.2584087487423057, "end_sec": 2.946720437053994}, "1": {"start_sec": 8.987012987012987, "end_sec": 9.737485227818786}}