{"0":{"start_sec":3.5080479983815556,"end_sec":4.80242029275385}}