{"0":{"start_sec":0,"end_sec":1.3133926821023392},"1":{"start_sec":2.5141431511454915,"end_sec":3.7148936201886436},"2":{"start_sec":7.279621575160501,"end_sec":8.386563413809657}}