{"0":{"start_sec":3.3392168295503866,"end_sec":4.914974405307962}}