{"0":{"start_sec":3.41474565287692,"end_sec":4.5592109436836745}}