{"0":{"start_sec":0.4503532824775739,"end_sec":0.9006347083687559},"1":{"start_sec":3.3208973725338593,"end_sec":5.084499623940989}}