{"0":{"start_sec":2.945702500906939,"end_sec":3.5648394615073142},"1":{"start_sec":4.277673545966229,"end_sec":4.709304752314068},"2":{"start_sec":5.759961412726826,"end_sec":8.311556159443525}}