{"0":{"start_sec":2.9827954731290305,"end_sec":4.333444823778381}}