{"0":{"start_sec":1.4072013124963356,"end_sec":4.127651593922227}}