{"0":{"start_sec":4.164905619655681,"end_sec":5.53431398906405}}