{"0":{"start_sec":0,"end_sec":1},"1":{"start_sec":3.395493885827443,"end_sec":5.40270889304245}}