{"0":{"start_sec":3.471030831113318,"end_sec":4.146452969950091}}