{"0":{"start_sec":3.2458504682186624,"end_sec":4.315268854710219},"1":{"start_sec":6.585437710244928,"end_sec":7.673617822815285}}