{"0":{"start_sec":2.814330768406279,"end_sec":3.395944276849056}}