{"0":{"start_sec":3.564325054658612,"end_sec":5.590299080632638},"1":{"start_sec":7.09090909090909,"end_sec":7.466200956534514}}