{"0":{"start_sec":2.9640364543700115,"end_sec":3.5455660358995926}}