{"0":{"start_sec":0.5628820532156104,"end_sec":1.6133871037206609},"1":{"start_sec":3.1141086044421615,"end_sec":4.502275992609549}}