{"0":{"start_sec":3.2458504682186624,"end_sec":3.7899405245038404}}