{"0":{"start_sec":3.2083270160610633,"end_sec":4.934405815310595},"1":{"start_sec":6.135156284353746,"end_sec":7.092004314372509}}