{"0":{"start_sec":3.5085146333218513,"end_sec":4.6905033762862045}}