{"0":{"start_sec":3.0582332074306695,"end_sec":3.9400343331342342}}