{"0":{"start_sec":3.377182550770257,"end_sec":3.996319511370632}}