{"0":{"start_sec":9.099509004804029,"end_sec":9.981310130507593}}