{"0":{"start_sec":3.583561537637048,"end_sec":4.765550280601401}}