{"0":{"start_sec":3.0578315481651055,"end_sec":4.220890711224269},"1":{"start_sec":6.6783221686557255,"end_sec":7.07226156259512}}