{"0":{"start_sec":2.701410191743749,"end_sec":3.2641807545143116},"1":{"start_sec":3.7143972047307616,"end_sec":4.582972582972582}}