{"0":{"start_sec":0.16892739129558515,"end_sec":2.439096246830294}}