{"0": {"start_sec": 0.057831548165105495, "end_sec": 1.6148301051636622}, "1": {"start_sec": 8.480630970964528, "end_sec": 9.193473683807241}}