{"0":{"start_sec":3.2083270160610633,"end_sec":4.1464133200010265}}