{"0":{"start_sec":6.022585927880951,"end_sec":6.491629079850933}}