{"0":{"start_sec":2.3828507185429615,"end_sec":3.546077735428515}}