{"0":{"start_sec":3.377182550770257,"end_sec":6.435343901614534},"1":{"start_sec":7.354668479475698,"end_sec":7.579809192421289}}