{"0":{"start_sec":3.377182550770257,"end_sec":4.559171293734609},"1":{"start_sec":5.459734145516974,"end_sec":9.005700374410031}}