{"0":{"start_sec":0,"end_sec":0.5066384607139717},"1":{"start_sec":3.433395872420263,"end_sec":4.433395872420263}}