{"0":{"start_sec":2.7768073162486804,"end_sec":3.8087022505826393}}