{"0":{"start_sec":1.669865477599525,"end_sec":4.277745402552621}}