{"0":{"start_sec":3.301698792032349,"end_sec":3.808080808080808}}