{"0":{"start_sec":3.2646121942974613,"end_sec":5.084499623940989}}