{"0":{"start_sec":3.2833739203762606,"end_sec":5.2345934325713825},"1":{"start_sec":7.936281987918474,"end_sec":9.080747278725228}}