{"0":{"start_sec":3.2271283920889275,"end_sec":4.5029257654472765},"1":{"start_sec":5.572232645403377,"end_sec":6.572232645403377},"2":{"start_sec":7.317184677267164,"end_sec":8.442888241995119}}