{"0":{"start_sec":2.195193807805904,"end_sec":4.258983676473822},"1":{"start_sec":8.911891744016035,"end_sec":9.606075608931608}}