{"0":{"start_sec":2.9640364543700115,"end_sec":4.052059542393099}}