{"0":{"start_sec":2.795205285538843,"end_sec":3.6206021109356676},"1":{"start_sec":5.29004329004329,"end_sec":9.567211057544615}}