{"0":{"start_sec":0,"end_sec":0.43163120634783947},"1":{"start_sec":1.3321940581302036,"end_sec":4.277785052501686},"2":{"start_sec":5.816246590963225,"end_sec":6.716809442745588},"3":{"start_sec":8.536696872389115,"end_sec":8.9119313939651}}