{"0":{"start_sec":0.3190211999259791,"end_sec":0.6567322693443656},"1":{"start_sec":1.726150655835923,"end_sec":2.2890024381999003},"2":{"start_sec":3.227016885553471,"end_sec":4.559171293734609}}