{"0":{"start_sec":5.816206941014159,"end_sec":6.454105627693334}}