{"0":{"start_sec":0,"end_sec":0.31901480934836646},"1":{"start_sec":2.9640364543700115,"end_sec":4.014541504875062}}