{"0":{"start_sec":1.7073889297571234,"end_sec":3.8274639766614387}}