{"0":{"start_sec":3.1708035639034646,"end_sec":6.472867353772132}}