{"0":{"start_sec":3.470991181164253,"end_sec":6.2102031886689435},"1":{"start_sec":6.941910505742114,"end_sec":8.461610318124853},"2":{"start_sec":9.212079361276825,"end_sec":9.849978047955998}}