{"0": {"start_sec": 0, "end_sec": 7.166056656390213}, "1": {"start_sec": 9.323232323232322, "end_sec": 9.867355357688915}}