{"0":{"start_sec":2.907759398092955,"end_sec":4.671107161440719}}