{"0":{"start_sec":3.020709755273071,"end_sec":4.409077485104215}}