{"0":{"start_sec":1.2944837848173418,"end_sec":8.047730538064096}}