{"0":{"start_sec":3.283413570325325,"end_sec":4.409117135053281},"1":{"start_sec":7.204502814258912,"end_sec":8.64926722886191}}