{"0":{"start_sec":1.8199592862299192,"end_sec":5.103261350019787}}