{"0":{"start_sec":3.114518385667067,"end_sec":4.859358910995398}}