{"0":{"start_sec":2.9827954731290305,"end_sec":4.033300523634081}}