{"0":{"start_sec":5.084539273890053,"end_sec":5.91005522135722}}