{"0":{"start_sec":2.5141431511454915,"end_sec":4.0338429635282305}}