{"0":{"start_sec":3.696131894109844,"end_sec":4.0901281417646285},"1":{"start_sec":4.6905033762862045,"end_sec":5.947539023565755}}