{"0":{"start_sec":2.3640493425150972,"end_sec":3.996319511370632}}