{"0":{"start_sec":2.851854220563878,"end_sec":4.371554032946617}}