{"0":{"start_sec":3.1708035639034646,"end_sec":4.183936772158624}}