{"0": {"start_sec": 8.604617604617605, "end_sec": 9.992784992784992}}