{"0":{"start_sec":2.551603242948458,"end_sec":5.6187219881220125}}