{"0":{"start_sec":3.6023232637158475,"end_sec":3.921272607055435},"1":{"start_sec":4.29650712863142,"end_sec":4.953167541389394}}