{"0":{"start_sec":3.3021752964041244,"end_sec":5.42225034330844}}