{"0":{"start_sec":1.144537147393146,"end_sec":1.9137679166239152}}