{"0":{"start_sec":2.9452774356109925,"end_sec":3.489288979622537}}