{"0":{"start_sec":3.076994933509469,"end_sec":5.722398310620163}}