{"0":{"start_sec":3.5268070171405745,"end_sec":6.340659830993388}}