{"0":{"start_sec":2.7576872480208054,"end_sec":3.7894332797668366},"1":{"start_sec":4.839938330271887,"end_sec":6.415695906029463}}