{"0":{"start_sec":0.6379705432655663,"end_sec":1.0319667909203507}}