{"0":{"start_sec":3.020313510647068,"end_sec":4.277167767501325}}