{"0":{"start_sec":3.189565289982264,"end_sec":4.334030580789018}}