{"0":{"start_sec":3.3396590986126586,"end_sec":4.05260468960703}}