{"0":{"start_sec":3.5080479983815556,"end_sec":5.965479455813013},"1":{"start_sec":6.978466468800026,"end_sec":9.116994607328165}}