{"0":{"start_sec":0.9943394846730417,"end_sec":5.327672818006375}}