{"0":{"start_sec":1.9885674789010361,"end_sec":5.665335155668712},"1":{"start_sec":8.87312736346092,"end_sec":9.473415963749522}}