{"0":{"start_sec":2.720522138012283,"end_sec":5.422210693359375},"1":{"start_sec":6.416582175535735,"end_sec":8.123899248706467}}