{"0":{"start_sec":0.24397429561078213,"end_sec":2.2327172599635023}}