{"0":{"start_sec":1.4820739724075294,"end_sec":3.9019873923209496}}