{"0":{"start_sec":4.633589123922681,"end_sec":5.890443380776938}}