{"0":{"start_sec":4.333444823778381,"end_sec":6.396936887270444},"1":{"start_sec":9.135753626087183,"end_sec":9.94239143272499}}