{"0": {"start_sec": 231.30620575445906, "end_sec": 243.0308691055852}, "1": {"start_sec": 263.92124150501235, "end_sec": 266.1545107147507}, "2": {"start_sec": 274.2733748209868, "end_sec": 280.1822329384195}, "3": {"start_sec": 281.64781585731026, "end_sec": 286.7889876838953}, "4": {"start_sec": 288.2545706027861, "end_sec": 290.9298410102851}, "5": {"start_sec": 296.2338553834136, "end_sec": 300.37470870980343}, "6": {"start_sec": 310.07547183960423, "end_sec": 314.05348261945056}, "7": {"start_sec": 375.49164910818905, "end_sec": 376.98049524801456}, "8": {"start_sec": 430.695272386408, "end_sec": 436.6506569457102}, "9": {"start_sec": 439.93077109751334, "end_sec": 440.5588780627522}, "10": {"start_sec": 443.04804270277305, "end_sec": 446.3281568545762}, "11": {"start_sec": 474.22075875537035, "end_sec": 475.9887635464132}, "12": {"start_sec": 520.3284626480927, "end_sec": 522.1895203228746}, "13": {"start_sec": 605.1926926181486, "end_sec": 606.0534317927353}, "14": {"start_sec": 650.6024998828277, "end_sec": 652.6496633250879}, "15": {"start_sec": 893.4007367790653, "end_sec": 895.1454783491732}, "16": {"start_sec": 1162.3468340059887, "end_sec": 1164.1148387970316}, "17": {"start_sec": 1440.993694362713, "end_sec": 1441.8079070954302}, "18": {"start_sec": 1532.138993985158, "end_sec": 1533.697629787788}, "19": {"start_sec": 1630.0771541205572, "end_sec": 1632.6128452024475}, "20": {"start_sec": 1697.5870212732716, "end_sec": 1701.774401041531}, "21": {"start_sec": 1717.4770751725036, "end_sec": 1718.454130451764}, "22": {"start_sec": 1721.338769847676, "end_sec": 1723.1533010805883}, "23": {"start_sec": 1733.2262757453457, "end_sec": 1735.855019710975}, "24": {"start_sec": 1741.949983595886, "end_sec": 1743.5318826194505}, "25": {"start_sec": 1753.0232767608384, "end_sec": 1755.3030724124462}, "26": {"start_sec": 1768.0745807056373, "end_sec": 1768.2839496940503}, "27": {"start_sec": 1769.1446888686369, "end_sec": 1770.8196407759406}}