{
    "0": {
        "start_sec": 3.0471897186699377,
        "end_sec": 6.350250329747275
    },
    "1": {
        "start_sec": 8.746132322289286,
        "end_sec": 10.490706588703373
    },
    "2": {
        "start_sec": 20.399888421935383,
        "end_sec": 22.65620447316427
    },
    "3": {
        "start_sec": 27.02927063430891,
        "end_sec": 29.983416392103432
    },
    "4": {
        "start_sec": 117.63082753674713,
        "end_sec": 118.65431110637674
    },
    "5": {
        "start_sec": 227.98096513499283,
        "end_sec": 229.53945147965607
    },
    "6": {
        "start_sec": 244.47300720016065,
        "end_sec": 246.35714740788788
    },
    "7": {
        "start_sec": 249.42759811677666,
        "end_sec": 251.31173832450386
    },
    "8": {
        "start_sec": 511.2067820397651,
        "end_sec": 517.8129032619197
    },
    "9": {
        "start_sec": 670.8469579117634,
        "end_sec": 672.8008810901472
    },
    "10": {
        "start_sec": 886.1739443676994,
        "end_sec": 887.3602548688609
    },
    "11": {
        "start_sec": 939.2322630569065,
        "end_sec": 941.9770599027313
    },
    "12": {
        "start_sec": 950.6068872739263,
        "end_sec": 951.3279779707108
    },
    "13": {
        "start_sec": 970.0298141066698,
        "end_sec": 974.4959242286899
    },
    "14": {
        "start_sec": 993.2675433353054,
        "end_sec": 994.1747219538407
    },
    "15": {
        "start_sec": 997.2916946431673,
        "end_sec": 998.5477881149855
    },
    "16": {
        "start_sec": 1014.1326515616179,
        "end_sec": 1015.9935307791262
    },
    "17": {
        "start_sec": 1093.5921941492247,
        "end_sec": 1096.3137300048309
    },
    "18": {
        "start_sec": 1126.8786711524056,
        "end_sec": 1129.4839020569173
    },
    "19": {
        "start_sec": 1167.8412749278084,
        "end_sec": 1170.2836789007881
    },
    "20": {
        "start_sec": 1174.4939181304007,
        "end_sec": 1177.5411078490706
    },
    "21": {
        "start_sec": 1194.8007625914606,
        "end_sec": 1195.2892433860566
    },
    "22": {
        "start_sec": 1275.5163986508858,
        "end_sec": 1279.1451131250271
    },
    "23": {
        "start_sec": 1411.662974401841,
        "end_sec": 1413.3377656975986
    },
    "24": {
        "start_sec": 1425.247392689652,
        "end_sec": 1428.922629144231
    },
    "25": {
        "start_sec": 1440.134426429719,
        "end_sec": 1444.0887947669241
    },
    "26": {
        "start_sec": 1458.347781771082,
        "end_sec": 1461.208883568001
    },
    "27": {
        "start_sec": 1463.1860677366037,
        "end_sec": 1465.884342601991
    },
    "28": {
        "start_sec": 1471.7926341175798,
        "end_sec": 1474.1652551199031
    },
    "29": {
        "start_sec": 1480.3526785181184,
        "end_sec": 1483.9813929922598
    },
    "30": {
        "start_sec": 1500.240825155239,
        "end_sec": 1505.2651990425115
    },
    "31": {
        "start_sec": 1519.431142085794,
        "end_sec": 1521.8968070489925
    },
    "32": {
        "start_sec": 1553.461970775978,
        "end_sec": 1555.5554598956749
    },
    "33": {
        "start_sec": 1567.83726273123,
        "end_sec": 1569.628358978082
    },
    "34": {
        "start_sec": 1602.542660137761,
        "end_sec": 1607.7298609565655
    },
    "35": {
        "start_sec": 1732.3622465491878,
        "end_sec": 1743.853175717302
    },
    "36": {
        "start_sec": 1749.3660303991705,
        "end_sec": 1754.25083834513
    },
    "37": {
        "start_sec": 1756.9956351909548,
        "end_sec": 1763.4389294815774
    },
    "38": {
        "start_sec": 1824.6851167278214,
        "end_sec": 1826.4994739648919
    },
    "39": {
        "start_sec": 1840.9910708712384,
        "end_sec": 1848.8067635847735
    },
    "40": {
        "start_sec": 1922.916278422044,
        "end_sec": 1927.3823885440638
    },
    "41": {
        "start_sec": 1954.714052051218,
        "end_sec": 1958.52885444711
    },
    "42": {
        "start_sec": 2111.958345930674,
        "end_sec": 2117.1222857592597
    },
    "43": {
        "start_sec": 2121.727961822593,
        "end_sec": 2124.8216735217006
    }
}