{"0": {"start_sec": 62.00582570523103, "end_sec": 64.16881962518096}, "1": {"start_sec": 302.2842148127861, "end_sec": 303.3540827731914}, "2": {"start_sec": 390.64135354278335, "end_sec": 396.64191732070896}, "3": {"start_sec": 415.7367346140303, "end_sec": 417.43456855119524}, "4": {"start_sec": 473.4863464767792, "end_sec": 475.06789041824794}, "5": {"start_sec": 569.2162709339176, "end_sec": 570.7978148753864}, "6": {"start_sec": 916.7140360733988, "end_sec": 919.7608339606401}, "7": {"start_sec": 922.5517938573496, "end_sec": 924.9008517704135}, "8": {"start_sec": 926.2265577213506, "end_sec": 928.8314536249462}, "9": {"start_sec": 996.9773911029382, "end_sec": 998.9078050314957}, "10": {"start_sec": 1004.1641128369654, "end_sec": 1005.1874647990923}, "11": {"start_sec": 1351.6618779764467, "end_sec": 1355.383157838726}, "12": {"start_sec": 1474.9990474118706, "end_sec": 1479.5110992448842}, "13": {"start_sec": 1587.8933752337728, "end_sec": 1589.1027911890137}, "14": {"start_sec": 1631.0137056379358, "end_sec": 1632.5952495794045}, "15": {"start_sec": 1652.48083884346, "end_sec": 1654.1321567823468}, "16": {"start_sec": 1668.598632246958, "end_sec": 1668.994018232325}, "17": {"start_sec": 1694.5778172854962, "end_sec": 1697.0199071951172}, "18": {"start_sec": 1802.704255283853, "end_sec": 1803.7741232442584}, "19": {"start_sec": 1831.8000122070503, "end_sec": 1832.5442681795062}, "20": {"start_sec": 1846.2432296725224, "end_sec": 1848.5457715873076}, "21": {"start_sec": 1978.6742767713915, "end_sec": 1980.0464987206071}, "22": {"start_sec": 1990.884726319496, "end_sec": 1993.6059122187878}, "23": {"start_sec": 2000.9321819476504, "end_sec": 2008.0956456825384}, "24": {"start_sec": 2041.8662604327242, "end_sec": 2044.4478983371805}, "25": {"start_sec": 2045.2619283070542, "end_sec": 2046.4248282640165}, "26": {"start_sec": 2237.3730011972298, "end_sec": 2240.0941870965216}, "27": {"start_sec": 2259.6076483743495, "end_sec": 2263.142864243515}, "28": {"start_sec": 2287.0753453577995, "end_sec": 2288.5871153018506}, "29": {"start_sec": 2302.216302797449, "end_sec": 2303.146622763019}, "30": {"start_sec": 2340.8710973668767, "end_sec": 2343.5922832661686}, "31": {"start_sec": 2386.0613896944324, "end_sec": 2386.8056456668883}, "32": {"start_sec": 2387.433611643648, "end_sec": 2390.7827635196995}, "33": {"start_sec": 2399.4347391994993, "end_sec": 2407.6215548965138}, "34": {"start_sec": 2486.9313319613443, "end_sec": 2488.3733279079775}, "35": {"start_sec": 2553.449209499589, "end_sec": 2555.798267412653}, "36": {"start_sec": 2561.6825411948826, "end_sec": 2564.310695097617}, "37": {"start_sec": 2641.3644462459406, "end_sec": 2642.9692481865486}, "38": {"start_sec": 2701.300310027779, "end_sec": 2703.0446599632223}, "39": {"start_sec": 2723.116313220392, "end_sec": 2724.7676311592786}}