{"0": {"start_sec": 50.7081567348378, "end_sec": 53.35986768335684}, "1": {"start_sec": 71.5961956100141, "end_sec": 72.96857232898448}, "2": {"start_sec": 195.64509463152328, "end_sec": 196.71508325987307}, "3": {"start_sec": 215.27705989950633, "end_sec": 216.83552159732017}, "4": {"start_sec": 249.26082916078983, "end_sec": 251.4705882845557}, "5": {"start_sec": 263.91502124471083, "end_sec": 264.21740933533147}, "6": {"start_sec": 334.83665880641746, "end_sec": 337.837279090268}, "7": {"start_sec": 395.05841008462625, "end_sec": 396.12839871297604}, "8": {"start_sec": 438.1603433092383, "end_sec": 441.32378794957685}, "9": {"start_sec": 443.30094084978845, "end_sec": 449.83717573166433}, "10": {"start_sec": 525.2946346526799, "end_sec": 525.8063683444993}, "11": {"start_sec": 577.8171199312412, "end_sec": 579.3290603843441}, "12": {"start_sec": 595.169544208392, "end_sec": 595.8208416343441}, "13": {"start_sec": 615.9412799717912, "end_sec": 616.848444243653}, "14": {"start_sec": 636.7595369799012, "end_sec": 638.2482168106487}, "15": {"start_sec": 673.301974700282, "end_sec": 678.5356147302539}, "16": {"start_sec": 696.5393364333568, "end_sec": 701.0053759255994}, "17": {"start_sec": 747.642923748237, "end_sec": 748.2476999294781}, "18": {"start_sec": 761.1573453367419, "end_sec": 764.251008110014}, "19": {"start_sec": 860.7360696403384, "end_sec": 862.6667012958392}, "20": {"start_sec": 866.3418796279972, "end_sec": 866.6907889633286}, "21": {"start_sec": 874.4133155853315, "end_sec": 878.4374032528209}, "22": {"start_sec": 882.2754059414668, "end_sec": 885.3923293370945}, "23": {"start_sec": 911.9094388222849, "end_sec": 916.6313451604373}, "24": {"start_sec": 962.0128193758815, "end_sec": 963.7341054301834}, "25": {"start_sec": 971.1309833392102, "end_sec": 974.9224647831453}, "26": {"start_sec": 1146.0043422073343, "end_sec": 1148.4932287993652}, "27": {"start_sec": 1153.5873050952046, "end_sec": 1154.0757781646685}, "28": {"start_sec": 1261.818980915021, "end_sec": 1263.1448363892807}, "29": {"start_sec": 1361.7233539315937, "end_sec": 1364.3983255024682}, "30": {"start_sec": 1371.7254215444286, "end_sec": 1373.7723563117065}, "31": {"start_sec": 1515.1271583656558, "end_sec": 1516.0110620151622}, "32": {"start_sec": 1517.2671356223555, "end_sec": 1517.5462630906206}, "33": {"start_sec": 2066.380647566996, "end_sec": 2067.0552056153033}, "34": {"start_sec": 2092.4325446050775, "end_sec": 2092.990799541608}, "35": {"start_sec": 2096.5961960066993, "end_sec": 2097.0614084538083}, "36": {"start_sec": 2122.3224443318054, "end_sec": 2124.2298153649504}}