{"0": {"start_sec": 249.3956067318327, "end_sec": 250.79121728992914}, "1": {"start_sec": 292.1478101615201, "end_sec": 292.5199729770125}, "2": {"start_sec": 300.31213192638427, "end_sec": 300.9168965015594}, "3": {"start_sec": 1455.5520315666754, "end_sec": 1458.064130571249}, "4": {"start_sec": 1495.2804121204872, "end_sec": 1496.0479979274403}, "5": {"start_sec": 1828.6917744497252, "end_sec": 1829.3197992008686}, "6": {"start_sec": 2298.4077679530483, "end_sec": 2300.129020974701}}