{"0": {"start_sec": 131.81576481308124, "end_sec": 132.6763935934031}, "1": {"start_sec": 793.5462559313711, "end_sec": 794.104501626715}, "2": {"start_sec": 914.9414344313659, "end_sec": 917.1278967381296}, "3": {"start_sec": 1724.7465962396284, "end_sec": 1726.5608947494961}, "4": {"start_sec": 1940.1131334558486, "end_sec": 1941.0202827107823}, "5": {"start_sec": 1977.9342793153985, "end_sec": 1982.5630665392919}}