{"0": {"start_sec": 269.869022664828, "end_sec": 270.61336060012144}, "1": {"start_sec": 673.2304019124389, "end_sec": 673.6723525615193}, "2": {"start_sec": 768.4358759485655, "end_sec": 770.3897630287108}, "3": {"start_sec": 1717.210877282445, "end_sec": 1717.722609612959}}