{"0": {"start_sec": 694.3114425489398, "end_sec": 695.8931235570915}, "1": {"start_sec": 1105.6648047425076, "end_sec": 1105.9206649055911}, "2": {"start_sec": 1802.9767892039706, "end_sec": 1804.2328300045617}, "3": {"start_sec": 1994.66257138306, "end_sec": 1994.9184315461432}}