{"0": {"start_sec": 180.92501310155302, "end_sec": 182.5298242474596}, "1": {"start_sec": 205.5553754713364, "end_sec": 206.53221703840993}, "2": {"start_sec": 259.4444685882278, "end_sec": 261.00276346903564}, "3": {"start_sec": 1383.719337892248, "end_sec": 1384.231016808334}, "4": {"start_sec": 1465.587964466032, "end_sec": 1468.6347798299994}, "5": {"start_sec": 2071.4158011120344, "end_sec": 2072.532191474404}, "6": {"start_sec": 2123.188404166933, "end_sec": 2124.165245734007}, "7": {"start_sec": 2713.968229053493, "end_sec": 2714.852038090369}, "8": {"start_sec": 2733.993481178501, "end_sec": 2735.319194733815}, "9": {"start_sec": 2766.6246411452676, "end_sec": 2770.6948143414074}, "10": {"start_sec": 2881.7989135297503, "end_sec": 2883.240917747811}}