{"0": {"start_sec": 365.05162182579284, "end_sec": 365.5403432371368}, "1": {"start_sec": 396.44615439260366, "end_sec": 398.7733992085274}, "2": {"start_sec": 405.17332245231756, "end_sec": 407.17475299401195}, "3": {"start_sec": 490.18757557801064, "end_sec": 490.9555663672654}, "4": {"start_sec": 502.98742206559103, "end_sec": 505.6870260520625}, "5": {"start_sec": 654.6539667193391, "end_sec": 655.3986850604347}, "6": {"start_sec": 971.7410728889442, "end_sec": 972.3461565410845}}