{"0": {"start_sec": 280.31867942421417, "end_sec": 281.80800330626215}, "1": {"start_sec": 289.60368300135696, "end_sec": 290.46469837066593}, "2": {"start_sec": 308.2202315269564, "end_sec": 311.9202705464193}, "3": {"start_sec": 349.80494679601424, "end_sec": 352.2250981043422}, "4": {"start_sec": 387.15439727549824, "end_sec": 390.57518806707714}, "5": {"start_sec": 429.97245888437703, "end_sec": 432.92783596281595}, "6": {"start_sec": 618.5348247630428, "end_sec": 621.1178708709697}, "7": {"start_sec": 881.5401140584495, "end_sec": 882.7967310839274}}