{"0": {"start_sec": 751.4177835645248, "end_sec": 753.8135746713858}, "1": {"start_sec": 946.0118457004422, "end_sec": 947.0585505529543}, "2": {"start_sec": 1032.6092271649438, "end_sec": 1035.4934805363107}, "3": {"start_sec": 1448.5464754454215, "end_sec": 1449.4070994352649}, "4": {"start_sec": 2294.0281350890345, "end_sec": 2295.6563426373864}}