{"0": {"start_sec": 65.4827373760333, "end_sec": 67.52979985883647}, "1": {"start_sec": 131.01199889940304, "end_sec": 135.10612386500938}, "2": {"start_sec": 168.76634446292064, "end_sec": 170.23185510401836}, "3": {"start_sec": 196.9832398224689, "end_sec": 198.16960557954803}, "4": {"start_sec": 393.8966934239332, "end_sec": 399.82852220932875}, "5": {"start_sec": 560.9183823617375, "end_sec": 561.7790790874616}, "6": {"start_sec": 622.8885466138698, "end_sec": 627.9596786735414}, "7": {"start_sec": 658.7586642102618, "end_sec": 662.0386165974805}, "8": {"start_sec": 678.1127095022191, "end_sec": 678.7175234175928}, "9": {"start_sec": 719.2167936739601, "end_sec": 721.2871182304315}, "10": {"start_sec": 786.9094280484741, "end_sec": 788.1423179528896}, "11": {"start_sec": 1230.2612900910385, "end_sec": 1233.1225251522292}, "12": {"start_sec": 1390.4904535177232, "end_sec": 1391.7000813484703}, "13": {"start_sec": 1392.7701367372085, "end_sec": 1395.5615855773947}, "14": {"start_sec": 1449.5761206349964, "end_sec": 1452.6467143592013}, "15": {"start_sec": 1515.500837410726, "end_sec": 1521.4326661961215}, "16": {"start_sec": 1611.1312222607696, "end_sec": 1613.5970020696006}, "17": {"start_sec": 1784.9221746360254, "end_sec": 1787.574051034202}, "18": {"start_sec": 1852.172829610843, "end_sec": 1859.6632173320093}, "19": {"start_sec": 1862.8035972772188, "end_sec": 1866.1068117381058}}