{"0": {"start_sec": 84.55532297699735, "end_sec": 85.27642751957973}, "1": {"start_sec": 152.99047021175008, "end_sec": 155.82836550836458}, "2": {"start_sec": 275.6247653244681, "end_sec": 278.4393991842251}, "3": {"start_sec": 496.7945069655385, "end_sec": 498.0971474295583}, "4": {"start_sec": 518.7765647958721, "end_sec": 520.3583425021818}, "5": {"start_sec": 718.7318760229062, "end_sec": 722.756104599253}, "6": {"start_sec": 893.4950511332725, "end_sec": 894.4952929181447}, "7": {"start_sec": 901.6598154702534, "end_sec": 903.985959156003}, "8": {"start_sec": 977.4455767519748, "end_sec": 978.0736355471273}, "9": {"start_sec": 983.7726875772138, "end_sec": 984.5403149935111}, "10": {"start_sec": 1027.457665995591, "end_sec": 1029.2255351967606}, "11": {"start_sec": 1697.294001744041, "end_sec": 1700.7134329620928}, "12": {"start_sec": 1979.3156622043205, "end_sec": 1981.6185444532125}}