{"0": {"start_sec": 85.65397915761702, "end_sec": 86.37512890066051}, "1": {"start_sec": 261.8704083045342, "end_sec": 262.3589290982088}, "2": {"start_sec": 268.98885415522153, "end_sec": 271.1755662792889}, "3": {"start_sec": 282.9931169072273, "end_sec": 283.48163770090196}, "4": {"start_sec": 557.6581174270492, "end_sec": 558.2629526954083}, "5": {"start_sec": 648.6392995252133, "end_sec": 651.8263161315668}, "6": {"start_sec": 653.7106106214546, "end_sec": 668.2266570620719}, "7": {"start_sec": 739.0621721448921, "end_sec": 743.6449624474589}, "8": {"start_sec": 826.0188734189747, "end_sec": 826.9261263215134}, "9": {"start_sec": 916.4417460386536, "end_sec": 918.0701486842357}, "10": {"start_sec": 990.6503808873224, "end_sec": 991.2086903658077}, "11": {"start_sec": 1253.2419389349, "end_sec": 1253.4978307792057}, "12": {"start_sec": 1372.1153320623914, "end_sec": 1375.0929826143129}, "13": {"start_sec": 1752.6962932298586, "end_sec": 1757.7908672210367}, "14": {"start_sec": 1769.864309693281, "end_sec": 1774.8658321047117}}