{"0": {"start_sec": 157.57076987130569, "end_sec": 158.96746749167477}, "1": {"start_sec": 249.10102059282642, "end_sec": 255.50255135285138}, "2": {"start_sec": 283.45978205390594, "end_sec": 284.64697503121965}, "3": {"start_sec": 307.18036330650756, "end_sec": 314.6992521628278}, "4": {"start_sec": 316.70118541869016, "end_sec": 317.7952652213126}, "5": {"start_sec": 337.837876073609, "end_sec": 339.3975217496878}, "6": {"start_sec": 348.3363865200499, "end_sec": 349.24423997328984}, "7": {"start_sec": 355.6457707333148, "end_sec": 359.3702977209657}, "8": {"start_sec": 361.58173561988343, "end_sec": 364.98036649611487}, "9": {"start_sec": 429.39140508880257, "end_sec": 430.71826782815316}, "10": {"start_sec": 500.5997054339531, "end_sec": 504.27767583425833}, "11": {"start_sec": 513.3794886603303, "end_sec": 516.8479544175801}, "12": {"start_sec": 528.6034927223533, "end_sec": 529.4182330009019}, "13": {"start_sec": 537.984645072499, "end_sec": 539.1718380498127}, "14": {"start_sec": 551.2532724660052, "end_sec": 554.093224294089}, "15": {"start_sec": 563.2415937075066, "end_sec": 564.1727254544193}, "16": {"start_sec": 669.8561787290134, "end_sec": 671.5089375797835}, "17": {"start_sec": 731.5203786683086, "end_sec": 733.3360855747884}, "18": {"start_sec": 739.5513899854308, "end_sec": 740.4592434386707}}