{"0": {"start_sec": 27.515440582053355, "end_sec": 27.771289987296452}, "1": {"start_sec": 676.5588636101166, "end_sec": 677.5124841205682}, "2": {"start_sec": 1057.5651460907725, "end_sec": 1059.00720637487}, "3": {"start_sec": 1575.7532278554104, "end_sec": 1577.8232821341956}, "4": {"start_sec": 1715.6795934865456, "end_sec": 1716.935581475921}, "5": {"start_sec": 2017.3027832313198, "end_sec": 2019.7682411363899}}