{"0": {"start_sec": 31.142842907964955, "end_sec": 33.584962777521575}, "1": {"start_sec": 40.77177267935964, "end_sec": 42.423110876869366}, "2": {"start_sec": 48.58655626194084, "end_sec": 49.49362935634759}, "3": {"start_sec": 198.30013340799792, "end_sec": 199.27698135582057}, "4": {"start_sec": 298.4270480598195, "end_sec": 301.79949930825484}, "5": {"start_sec": 414.7649869886027, "end_sec": 415.16037782462615}, "6": {"start_sec": 423.25426082087097, "end_sec": 425.41728127676396}, "7": {"start_sec": 603.1105746425984, "end_sec": 605.2503368140194}, "8": {"start_sec": 627.4852567692207, "end_sec": 631.9741056723104}, "9": {"start_sec": 752.0101118321365, "end_sec": 758.4061400619278}, "10": {"start_sec": 814.3655725014823, "end_sec": 816.5751095263194}, "11": {"start_sec": 834.8096045523421, "end_sec": 836.4609427498518}, "12": {"start_sec": 848.9971580802425, "end_sec": 856.602617102576}, "13": {"start_sec": 884.093909348442, "end_sec": 884.6986247447131}, "14": {"start_sec": 902.886603201792, "end_sec": 903.7471597272548}, "15": {"start_sec": 931.3547433954807, "end_sec": 933.2386644377101}, "16": {"start_sec": 943.1234353382964, "end_sec": 949.0077813097042}, "17": {"start_sec": 953.3570805059622, "end_sec": 953.8920210488175}, "18": {"start_sec": 961.5672549245669, "end_sec": 962.2184868897821}, "19": {"start_sec": 998.0129866921405, "end_sec": 1001.8040870610713}, "20": {"start_sec": 1048.0415565913434, "end_sec": 1048.7858216944464}, "21": {"start_sec": 1067.7413235391002, "end_sec": 1076.3701470782003}, "22": {"start_sec": 1078.5564258185652, "end_sec": 1079.998439455827}, "23": {"start_sec": 1274.4609559259504, "end_sec": 1276.0425192700443}, "24": {"start_sec": 1279.3917122340076, "end_sec": 1284.206177119705}, "25": {"start_sec": 1339.5143775940446, "end_sec": 1341.1191992226104}, "26": {"start_sec": 1406.1028460372884, "end_sec": 1408.661257329205}, "27": {"start_sec": 1526.7900841623295, "end_sec": 1529.1391708939984}, "28": {"start_sec": 1597.378977534752, "end_sec": 1598.1232426378551}, "29": {"start_sec": 1698.808356117004, "end_sec": 1700.18059490085}, "30": {"start_sec": 1701.8319330983597, "end_sec": 1707.5069545095198}, "31": {"start_sec": 1709.1815509915016, "end_sec": 1712.6702936622967}, "32": {"start_sec": 1827.1010532643786, "end_sec": 1828.7523914618882}, "33": {"start_sec": 1899.852967092694, "end_sec": 1900.3413910666054}, "34": {"start_sec": 1986.1644607681667, "end_sec": 1992.6767804203178}, "35": {"start_sec": 1995.5608076948417, "end_sec": 2001.166054252586}, "36": {"start_sec": 2028.0526311021808, "end_sec": 2029.8435190065222}, "37": {"start_sec": 2132.3195203900127, "end_sec": 2134.5988322682656}, "38": {"start_sec": 2289.2664240068516, "end_sec": 2290.2200136702027}, "39": {"start_sec": 2300.849049673892, "end_sec": 2301.4537650701627}, "40": {"start_sec": 2333.5501976414785, "end_sec": 2336.9924237433297}, "41": {"start_sec": 2343.6442931023125, "end_sec": 2345.1560815929906}, "42": {"start_sec": 2410.697927234996, "end_sec": 2413.302855095856}, "43": {"start_sec": 2434.1190196982675, "end_sec": 2435.4680001976417}, "44": {"start_sec": 2494.357976480664, "end_sec": 2495.6371821266225}, "45": {"start_sec": 2617.743175604454, "end_sec": 2620.487653172146}, "46": {"start_sec": 2805.4142730087624, "end_sec": 2809.135598524277}, "47": {"start_sec": 2819.625084821135, "end_sec": 2820.904290467093}}