{"0": {"start_sec": 1081.7338137413258, "end_sec": 1083.501352652668}, "1": {"start_sec": 2154.815989653451, "end_sec": 2155.723016200061}, "2": {"start_sec": 2341.0820309815876, "end_sec": 2343.0821408023166}, "3": {"start_sec": 2480.9269187960567, "end_sec": 2483.6014842540085}, "4": {"start_sec": 2499.741905365474, "end_sec": 2502.393213732487}, "5": {"start_sec": 2556.0938367099707, "end_sec": 2558.4660599857193}}