{"0": {"start_sec": 562.4028304740013, "end_sec": 565.2412512458471}, "1": {"start_sec": 802.3889801591594, "end_sec": 805.6927158116356}, "2": {"start_sec": 1050.9369236479176, "end_sec": 1052.1700080815883}, "3": {"start_sec": 1218.2641547226299, "end_sec": 1218.799266835355}}