{"0": {"start_sec": 6.745162633265155, "end_sec": 7.3731605336036345}, "1": {"start_sec": 1015.7749742067442, "end_sec": 1017.4263760928195}, "2": {"start_sec": 1195.4521512480317, "end_sec": 1196.1499266928522}}