{"0": {"start_sec": 81.80406178214777, "end_sec": 85.59537883375144}, "1": {"start_sec": 91.52658035619888, "end_sec": 93.15475332314524}, "2": {"start_sec": 201.49803446651865, "end_sec": 204.10311121363284}, "3": {"start_sec": 227.85117691723616, "end_sec": 231.75879203790743}, "4": {"start_sec": 254.29735782320773, "end_sec": 254.97188662379978}, "5": {"start_sec": 286.1165095201023, "end_sec": 287.581865190354}, "6": {"start_sec": 298.6999605932163, "end_sec": 299.8164220562652}, "7": {"start_sec": 334.10109281739284, "end_sec": 336.1479388329825}, "8": {"start_sec": 378.6432532702825, "end_sec": 385.4350605038302}, "9": {"start_sec": 394.1108964562729, "end_sec": 400.29795373066906}, "10": {"start_sec": 447.2358544063512, "end_sec": 449.1664023528734}, "11": {"start_sec": 471.07695856520866, "end_sec": 471.54215084147904}, "12": {"start_sec": 522.550483934527, "end_sec": 525.3183779783359}, "13": {"start_sec": 652.4786866968466, "end_sec": 652.8508405178628}, "14": {"start_sec": 653.8742635256577, "end_sec": 657.9446959430236}, "15": {"start_sec": 659.6426477514105, "end_sec": 662.8989936853033}, "16": {"start_sec": 759.7752852186115, "end_sec": 763.33400613208}, "17": {"start_sec": 768.0557077362245, "end_sec": 771.4748709668119}, "18": {"start_sec": 800.0841959574407, "end_sec": 801.2704362619302}, "19": {"start_sec": 869.1419893697798, "end_sec": 870.5608258124046}, "20": {"start_sec": 889.656968753304, "end_sec": 894.9136414751594}, "21": {"start_sec": 924.2440144940073, "end_sec": 929.1052737810329}, "22": {"start_sec": 997.7211345309152, "end_sec": 998.4421825591343}, "23": {"start_sec": 1049.520294493623, "end_sec": 1050.7995732533664}, "24": {"start_sec": 1086.9450131195756, "end_sec": 1089.9687629153332}, "25": {"start_sec": 1112.5538479282604, "end_sec": 1118.8106840440971}, "26": {"start_sec": 1119.6712897551974, "end_sec": 1123.764981786377}, "27": {"start_sec": 1127.0911065617101, "end_sec": 1128.8588372115375}, "28": {"start_sec": 1133.975952250512, "end_sec": 1137.9998654402507}, "29": {"start_sec": 1161.4455561642783, "end_sec": 1163.096988745038}, "30": {"start_sec": 1370.1308112991744, "end_sec": 1370.968157396461}, "31": {"start_sec": 1552.8815970319965, "end_sec": 1553.928279653605}, "32": {"start_sec": 1753.4492469459744, "end_sec": 1754.775044933345}, "33": {"start_sec": 1793.4092634776007, "end_sec": 1794.5489845544632}, "34": {"start_sec": 1837.2536355160848, "end_sec": 1838.5329142758283}, "35": {"start_sec": 1921.3371394519575, "end_sec": 1923.3142066261066}, "36": {"start_sec": 2013.9569216573918, "end_sec": 2015.2362004171353}, "37": {"start_sec": 2030.1223532577878, "end_sec": 2032.4250550253262}, "38": {"start_sec": 2035.0068721586267, "end_sec": 2037.4956508366733}, "39": {"start_sec": 2086.154762934556, "end_sec": 2086.480397527945}, "40": {"start_sec": 2173.75046855627, "end_sec": 2175.6810165027923}, "41": {"start_sec": 2185.7059100564193, "end_sec": 2191.9627461722557}, "42": {"start_sec": 2200.9409571042743, "end_sec": 2203.569293465202}, "43": {"start_sec": 2241.133569774036, "end_sec": 2245.110963736148}, "44": {"start_sec": 2262.4858952548466, "end_sec": 2264.4397028151825}, "45": {"start_sec": 2317.8205165172094, "end_sec": 2320.216256740002}, "46": {"start_sec": 2323.4726026738945, "end_sec": 2328.031486981344}, "47": {"start_sec": 2335.986274905568, "end_sec": 2337.405111348193}, "48": {"start_sec": 2364.200186461367, "end_sec": 2366.6889651394135}, "49": {"start_sec": 2370.7128783291523, "end_sec": 2372.0619359303364}, "50": {"start_sec": 2387.134165681497, "end_sec": 2391.4837134646255}, "51": {"start_sec": 2413.71990427035, "end_sec": 2415.9993464240747}, "52": {"start_sec": 2418.557903943562, "end_sec": 2419.9767403861865}}