{"0": {"start_sec": 56.32331768243321, "end_sec": 56.88166531745114}, "1": {"start_sec": 327.401094483636, "end_sec": 329.1924598126518}, "2": {"start_sec": 359.06405828611076, "end_sec": 360.25054701052386}, "3": {"start_sec": 398.4043020700821, "end_sec": 400.1258739447207}, "4": {"start_sec": 427.32205666705215, "end_sec": 431.3468125361397}, "5": {"start_sec": 475.03751497629236, "end_sec": 476.0611523071586}, "6": {"start_sec": 478.620245634324, "end_sec": 479.5275605412282}, "7": {"start_sec": 487.85624609691223, "end_sec": 489.25211518445707}, "8": {"start_sec": 493.71889626460046, "end_sec": 498.53464461663003}, "9": {"start_sec": 665.271207123858, "end_sec": 667.4348042095525}, "10": {"start_sec": 699.2838838903666, "end_sec": 700.7030174627039}, "11": {"start_sec": 729.6440365444663, "end_sec": 736.3674726494738}, "12": {"start_sec": 779.0578022435527, "end_sec": 779.6161498785706}, "13": {"start_sec": 803.4157178212097, "end_sec": 804.0903878801896}, "14": {"start_sec": 834.6831853822135, "end_sec": 838.0798001619058}, "15": {"start_sec": 849.6655135885278, "end_sec": 850.293654677923}, "16": {"start_sec": 853.0621283682202, "end_sec": 858.3664309008905}, "17": {"start_sec": 861.8793681045449, "end_sec": 863.9499072510697}, "18": {"start_sec": 866.834703365329, "end_sec": 873.0695852896959}, "19": {"start_sec": 909.4552395050307, "end_sec": 914.1546654330982}, "20": {"start_sec": 917.9933054238464, "end_sec": 920.1103735399561}, "21": {"start_sec": 926.6476937666242, "end_sec": 927.8574469758298}, "22": {"start_sec": 930.0210440615242, "end_sec": 930.9516234532208}}