{"0": {"start_sec": 359.4480042936973, "end_sec": 360.28539044231394}, "1": {"start_sec": 776.3267419466866, "end_sec": 776.8384779263968}, "2": {"start_sec": 1175.2947203098197, "end_sec": 1178.31861473538}, "3": {"start_sec": 1245.4025495301137, "end_sec": 1246.1934142260295}}