{"0": {"start_sec": 0.46511627906976744, "end_sec": 9.974160206718345}}