{"0": {"start_sec": 0.15503875968992248, "end_sec": 1.4987080103359172}, "1": {"start_sec": 3.229974160206718, "end_sec": 8.423772609819121}}