{"0": {"start_sec": 0.0, "end_sec": 0.9302325581395349}, "1": {"start_sec": 1.524547803617571, "end_sec": 4.444444444444444}}