{"0": {"start_sec": 6.434108527131783, "end_sec": 9.974160206718345}}