{"0": {"start_sec": 3.3850129198966408, "end_sec": 5.762273901808785}}