{"0": {"start_sec": 2.945736434108527, "end_sec": 9.974160206718345}}