{"0": {"start_sec": 4.2118863049095605, "end_sec": 9.974160206718345}}