{"0": {"start_sec": 0.0, "end_sec": 0.7493540051679586}, "1": {"start_sec": 3.3074935400516794, "end_sec": 8.837209302325581}}