{"0": {"start_sec": 4.134366925064599, "end_sec": 4.9870801033591725}}