{"0": {"start_sec": 2.532299741602067, "end_sec": 3.5142118863049094}}