{"0": {"start_sec": 0.0, "end_sec": 2.739018087855297}, "1": {"start_sec": 7.1576227390180875, "end_sec": 9.974160206718345}}