{"0": {"start_sec": 8.888888888888888, "end_sec": 9.974160206718345}}