{"0": {"start_sec": 0.0, "end_sec": 3.7726098191214468}, "1": {"start_sec": 8.914728682170542, "end_sec": 9.974160206718345}}