{"0": {"start_sec": 8.552971576227389, "end_sec": 8.785529715762273}}