{"0": {"start_sec": 1.6258064516129032, "end_sec": 3.329032258064516}}