{"0": {"start_sec": 0.8785529715762274, "end_sec": 3.152454780361757}}