{"0": {"start_sec": 5.555555555555555, "end_sec": 9.974160206718345}}