{"0": {"start_sec": 3.540051679586563, "end_sec": 5.529715762273901}}