{"0": {"start_sec": 0.0, "end_sec": 1.6537467700258397}, "1": {"start_sec": 7.416020671834625, "end_sec": 9.974160206718345}}