{"0": {"start_sec": 6.640826873385013, "end_sec": 9.974160206718345}}