{"0": {"start_sec": 1.6279069767441858, "end_sec": 6.459948320413436}}