{"0": {"start_sec": 0.0, "end_sec": 0.46511627906976744}, "1": {"start_sec": 4.0310077519379846, "end_sec": 9.974160206718345}}