{"0": {"start_sec": 1.2403100775193798, "end_sec": 4.754521963824289}, "1": {"start_sec": 7.1317829457364335, "end_sec": 9.974160206718345}}