{"0": {"start_sec": 0.0, "end_sec": 0.7751937984496123}, "1": {"start_sec": 3.746770025839793, "end_sec": 6.149870801033591}, "2": {"start_sec": 7.777777777777777, "end_sec": 9.974160206718345}}