{"0": {"start_sec": 0.0, "end_sec": 0.6459948320413437}, "1": {"start_sec": 6.795865633074935, "end_sec": 9.974160206718345}}