{"0": {"start_sec": 2.5581395348837206, "end_sec": 9.974160206718345}}