{"0": {"start_sec": 8.656330749354005, "end_sec": 9.974160206718345}}