{"0": {"start_sec": 0.0, "end_sec": 7.028423772609819}, "1": {"start_sec": 9.509043927648579, "end_sec": 9.974160206718345}}