{"0": {"start_sec": 5.038759689922481, "end_sec": 6.847545219638242}}