{"0": {"start_sec": 9.224806201550386, "end_sec": 9.974160206718345}}