{"0": {"start_sec": 3.7726098191214468, "end_sec": 6.7700258397932815}}