{"0": {"start_sec": 8.75968992248062, "end_sec": 9.974160206718345}}