{"0": {"start_sec": 1.1886304909560723, "end_sec": 1.7312661498708009}, "1": {"start_sec": 3.126614987080103, "end_sec": 8.604651162790697}}