{"0": {"start_sec": 7.390180878552971, "end_sec": 9.974160206718345}}