{"0": {"start_sec": 0.0, "end_sec": 0.25839793281653745}, "1": {"start_sec": 4.883720930232558, "end_sec": 7.674418604651162}}