{"0": {"start_sec": 0.0, "end_sec": 0.6718346253229973}, "1": {"start_sec": 4.9870801033591725, "end_sec": 7.260981912144702}}