{"0": {"start_sec": 4.4370466321243525, "end_sec": 4.719170984455959}}