{"0": {"start_sec": 4.8259459459459455, "end_sec": 9.574054054054052}}