{"0": {"start_sec": 0.0, "end_sec": 4.5994832041343665}, "1": {"start_sec": 8.21705426356589, "end_sec": 9.974160206718345}}