{"0": {"start_sec": 2.1963824289405682, "end_sec": 3.436692506459948}}