{"0": {"start_sec": 0.6201550387596899, "end_sec": 2.7906976744186043}}