{"0": {"start_sec": 2.6098191214470283, "end_sec": 9.974160206718345}}