{"0": {"start_sec": 0.0, "end_sec": 0.20671834625322996}, "1": {"start_sec": 3.6175710594315245, "end_sec": 9.974160206718345}}