{"0": {"start_sec": 8.34625322997416, "end_sec": 9.974160206718345}}