{"0": {"start_sec": 5.710594315245477, "end_sec": 9.974160206718345}}