{"0": {"start_sec": 0.0, "end_sec": 4.883720930232558}, "1": {"start_sec": 7.235142118863049, "end_sec": 9.974160206718345}}