{"0": {"start_sec": 3.229974160206718, "end_sec": 9.974160206718345}}