{"0": {"start_sec": 3.229974160206718, "end_sec": 6.718346253229973}}