{"0": {"start_sec": 1.7312661498708009, "end_sec": 3.850129198966408}}