{"0": {"start_sec": 6.976744186046511, "end_sec": 8.268733850129198}}