{"0": {"start_sec": 3.3074935400516794, "end_sec": 6.330749354005167}}