{"0": {"start_sec": 7.5193798449612395, "end_sec": 9.974160206718345}}