{"0": {"start_sec": 0.0, "end_sec": 4.702842377260982}, "1": {"start_sec": 9.018087855297157, "end_sec": 9.974160206718345}}