{"0": {"start_sec": 3.152454780361757, "end_sec": 9.974160206718345}}