{"0": {"start_sec": 1.0077519379844961, "end_sec": 3.2041343669250644}, "1": {"start_sec": 5.167958656330749, "end_sec": 9.302325581395348}}