{"0": {"start_sec": 4.0310077519379846, "end_sec": 9.974160206718345}}