{"0": {"start_sec": 3.4883720930232553, "end_sec": 7.3385012919896635}}