{"0": {"start_sec": 0.0, "end_sec": 1.937984496124031}, "1": {"start_sec": 2.945736434108527, "end_sec": 4.832041343669251}, "2": {"start_sec": 6.382428940568475, "end_sec": 9.974160206718345}}