{"0": {"start_sec": 0.0, "end_sec": 1.0852713178294573}, "1": {"start_sec": 7.700258397932816, "end_sec": 9.974160206718345}}