{"0": {"start_sec": 3.1007751937984493, "end_sec": 9.974160206718345}}