{"0": {"start_sec": 1.2919896640826873, "end_sec": 1.912144702842377}}