{"0": {"start_sec": 0.38759689922480617, "end_sec": 4.909560723514211}, "1": {"start_sec": 8.062015503875969, "end_sec": 9.974160206718345}}