{"0": {"start_sec": 4.857881136950904, "end_sec": 5.917312661498707}}