{"0": {"start_sec": 8.010335917312661, "end_sec": 9.974160206718345}}