{"0": {"start_sec": 0.0, "end_sec": 1.317829457364341}, "1": {"start_sec": 2.4806201550387597, "end_sec": 9.974160206718345}}