{"0": {"start_sec": 6.020671834625323, "end_sec": 9.974160206718345}}