{"0": {"start_sec": 4.573643410852712, "end_sec": 9.974160206718345}}