{"0": {"start_sec": 0.31007751937984496, "end_sec": 9.974160206718345}}