{"0": {"start_sec": 7.10594315245478, "end_sec": 9.974160206718345}}