{"0": {"start_sec": 0.9560723514211885, "end_sec": 9.974160206718345}}