{"0": {"start_sec": 5.167958656330749, "end_sec": 9.276485788113694}}