{"0": {"start_sec": 1.4470284237726097, "end_sec": 9.974160206718345}}