{"0": {"start_sec": 0.0, "end_sec": 2.351421188630491}, "1": {"start_sec": 5.297157622739018, "end_sec": 9.974160206718345}}