{"0": {"start_sec": 1.5503875968992247, "end_sec": 3.3591731266149867}, "1": {"start_sec": 4.341085271317829, "end_sec": 9.974160206718345}}