{"0": {"start_sec": 0.0, "end_sec": 4.935400516795865}, "1": {"start_sec": 5.839793281653747, "end_sec": 9.974160206718345}}