{"0": {"start_sec": 8.036175710594314, "end_sec": 9.974160206718345}}