{"0": {"start_sec": 1.0594315245478036, "end_sec": 3.4108527131782944}}