{"0": {"start_sec": 0.0, "end_sec": 2.428940568475452}, "1": {"start_sec": 4.521963824289405, "end_sec": 8.656330749354005}}