{"0": {"start_sec": 0.0, "end_sec": 5.167958656330749}, "1": {"start_sec": 6.640826873385013, "end_sec": 9.974160206718345}}