{"0": {"start_sec": 2.0155038759689923, "end_sec": 4.0310077519379846}, "1": {"start_sec": 5.348837209302325, "end_sec": 8.21705426356589}}