{"0": {"start_sec": 4.728682170542635, "end_sec": 6.408268733850129}}