{"0": {"start_sec": 1.111111111111111, "end_sec": 1.4470284237726097}, "1": {"start_sec": 5.684754521963824, "end_sec": 9.974160206718345}}