{"0": {"start_sec": 0.0, "end_sec": 0.6718346253229973}, "1": {"start_sec": 6.408268733850129, "end_sec": 9.974160206718345}}