{"0": {"start_sec": 2.6873385012919893, "end_sec": 3.5917312661498704}}