{"0": {"start_sec": 4.160206718346253, "end_sec": 7.700258397932816}}