{"0": {"start_sec": 7.751937984496124, "end_sec": 8.682170542635658}}