{"0": {"start_sec": 0.7493540051679586, "end_sec": 2.1188630490956073}}