{"0": {"start_sec": 2.3772609819121446, "end_sec": 4.263565891472868}}