{"0": {"start_sec": 1.3953488372093021, "end_sec": 4.521963824289405}, "1": {"start_sec": 6.89922480620155, "end_sec": 9.974160206718345}}