{"0": {"start_sec": 2.4043478260869566, "end_sec": 7.873578595317726}}