{"0": {"start_sec": 2.4031007751937983, "end_sec": 3.875968992248062}, "1": {"start_sec": 7.906976744186046, "end_sec": 9.974160206718345}}