{"0": {"start_sec": 1.0077519379844961, "end_sec": 6.69250645994832}, "1": {"start_sec": 8.242894056847545, "end_sec": 9.974160206718345}}