{"0": {"start_sec": 0.0, "end_sec": 0.5684754521963824}, "1": {"start_sec": 5.116279069767441, "end_sec": 6.7441860465116275}}