{"0": {"start_sec": 1.0335917312661498, "end_sec": 3.927648578811369}}