{"0": {"start_sec": 8.63049095607235, "end_sec": 9.974160206718345}}