{"0": {"start_sec": 3.2816537467700257, "end_sec": 9.974160206718345}}