{"0": {"start_sec": 3.5917312661498704, "end_sec": 5.65891472868217}}