{"0": {"start_sec": 0.23255813953488372, "end_sec": 9.974160206718345}}