{"0": {"start_sec": 0.9302325581395349, "end_sec": 2.9715762273901807}, "1": {"start_sec": 6.5633074935400515, "end_sec": 7.803617571059431}}