{"0": {"start_sec": 1.8863049095607234, "end_sec": 9.974160206718345}}