{"0": {"start_sec": 6.511627906976743, "end_sec": 8.010335917312661}}