{"0": {"start_sec": 1.0852713178294573, "end_sec": 9.974160206718345}}