{"0": {"start_sec": 5.633074935400517, "end_sec": 7.855297157622738}}