{"0": {"start_sec": 0.7493540051679586, "end_sec": 5.24547803617571}}