{"0": {"start_sec": 2.1963824289405682, "end_sec": 9.198966408268733}}