{"0": {"start_sec": 0.0, "end_sec": 1.6020671834625322}, "1": {"start_sec": 3.746770025839793, "end_sec": 9.974160206718345}}