{"0": {"start_sec": 1.3953488372093024, "end_sec": 4.97093023255814}}