{"0": {"start_sec": 2.5839793281653747, "end_sec": 3.7209302325581395}, "1": {"start_sec": 8.552971576227389, "end_sec": 9.974160206718345}}