{"0": {"start_sec": 1.9866261398176293, "end_sec": 7.737386018237082}}