{"0": {"start_sec": 1.0594315245478036, "end_sec": 1.6537467700258397}}