{"0": {"start_sec": 0.0, "end_sec": 0.4392764857881137}, "1": {"start_sec": 4.082687338501292, "end_sec": 9.974160206718345}}