{"0": {"start_sec": 3.953488372093023, "end_sec": 9.974160206718345}}