{"0": {"start_sec": 1.3953488372093021, "end_sec": 5.891472868217054}, "1": {"start_sec": 7.312661498708009, "end_sec": 9.974160206718345}}