{"0": {"start_sec": 6.69250645994832, "end_sec": 9.974160206718345}}