{"0": {"start_sec": 0.8268733850129198, "end_sec": 3.5142118863049094}}