{"0": {"start_sec": 9.379844961240309, "end_sec": 9.974160206718345}}