{"0": {"start_sec": 0.0, "end_sec": 1.1627906976744184}, "1": {"start_sec": 4.573643410852712, "end_sec": 6.382428940568475}}