{"0": {"start_sec": 0.0, "end_sec": 0.38934426229508196}, "1": {"start_sec": 1.6092896174863387, "end_sec": 4.360655737704918}, "2": {"start_sec": 7.293715846994536, "end_sec": 9.474043715846994}}