{"0": {"start_sec": 0.0, "end_sec": 4.082687338501292}, "1": {"start_sec": 5.684754521963824, "end_sec": 9.974160206718345}}