{"0": {"start_sec": 0.49095607235142114, "end_sec": 3.4625322997416017}, "1": {"start_sec": 4.470284237726098, "end_sec": 9.974160206718345}}