{"0": {"start_sec": 0.0, "end_sec": 2.4031007751937983}, "1": {"start_sec": 6.227390180878553, "end_sec": 9.974160206718345}}