{"0": {"start_sec": 6.925064599483203, "end_sec": 9.974160206718345}}