{"0": {"start_sec": 1.0594315245478036, "end_sec": 2.8682170542635657}}