{"0": {"start_sec": 0.0, "end_sec": 1.7054263565891472}, "1": {"start_sec": 2.5581395348837206, "end_sec": 3.152454780361757}}