{"0": {"start_sec": 3.1007751937984493, "end_sec": 6.9509043927648575}}