{"0": {"start_sec": 5.45219638242894, "end_sec": 9.974160206718345}}