{"0": {"start_sec": 0.0, "end_sec": 0.4392764857881137}, "1": {"start_sec": 2.0671834625322996, "end_sec": 5.581395348837209}, "2": {"start_sec": 9.45736434108527, "end_sec": 9.974160206718345}}