{"0": {"start_sec": 0.0, "end_sec": 4.160206718346253}, "1": {"start_sec": 9.095607235142118, "end_sec": 9.974160206718345}}