{"0": {"start_sec": 0.0, "end_sec": 7.1576227390180875}, "1": {"start_sec": 7.622739018087855, "end_sec": 9.974160206718345}}