{"0": {"start_sec": 0.0, "end_sec": 2.2997416020671833}, "1": {"start_sec": 6.873385012919896, "end_sec": 9.974160206718345}}