{"0": {"start_sec": 1.4470284237726097, "end_sec": 3.229974160206718}, "1": {"start_sec": 7.648578811369508, "end_sec": 9.974160206718345}}