{"0": {"start_sec": 0.0, "end_sec": 2.325581395348837}, "1": {"start_sec": 3.2041343669250644, "end_sec": 9.974160206718345}}