{"0": {"start_sec": 1.0077519379844961, "end_sec": 9.974160206718345}}