{"0": {"start_sec": 3.7984496124031004, "end_sec": 8.320413436692506}}