{"0": {"start_sec": 2.6873385012919893, "end_sec": 6.304909560723514}}