{"0": {"start_sec": 7.463806970509382, "end_sec": 8.467560321715817}}