{"0": {"start_sec": 0.0, "end_sec": 2.2997416020671833}, "1": {"start_sec": 3.5917312661498704, "end_sec": 9.974160206718345}}