{"0": {"start_sec": 0.0, "end_sec": 2.144702842377261}, "1": {"start_sec": 4.470284237726098, "end_sec": 9.974160206718345}}