{"0": {"start_sec": 1.3978201634877385, "end_sec": 4.322888283378747}}