{"0": {"start_sec": 0.0, "end_sec": 2.8940568475452193}, "1": {"start_sec": 6.640826873385013, "end_sec": 8.940568475452196}}