{"0": {"start_sec": 5.426356589147287, "end_sec": 7.002583979328165}}