{"0": {"start_sec": 4.832041343669251, "end_sec": 9.974160206718345}}