{"0": {"start_sec": 2.041343669250646, "end_sec": 3.152454780361757}, "1": {"start_sec": 7.260981912144702, "end_sec": 9.974160206718345}}