{"0": {"start_sec": 0.0, "end_sec": 2.9715762273901807}, "1": {"start_sec": 5.038759689922481, "end_sec": 6.175710594315245}}