{"0": {"start_sec": 0.0, "end_sec": 2.6614987080103356}, "1": {"start_sec": 5.891472868217054, "end_sec": 9.974160206718345}}