{"0": {"start_sec": 7.235142118863049, "end_sec": 9.974160206718345}}