{"0": {"start_sec": 0.8339622641509434, "end_sec": 3.367924528301887}}