{"0": {"start_sec": 5.503875968992248, "end_sec": 9.974160206718345}}