{"0": {"start_sec": 0.8268733850129198, "end_sec": 2.4806201550387597}, "1": {"start_sec": 9.405684754521964, "end_sec": 9.974160206718345}}