{"0": {"start_sec": 1.3436692506459946, "end_sec": 5.9689922480620154}, "1": {"start_sec": 8.75968992248062, "end_sec": 9.974160206718345}}