{"0": {"start_sec": 4.702842377260982, "end_sec": 8.811369509043926}}