{"0": {"start_sec": 0.07751937984496124, "end_sec": 3.927648578811369}}