{"0": {"start_sec": 0.0, "end_sec": 2.1963824289405682}, "1": {"start_sec": 6.253229974160206, "end_sec": 9.974160206718345}}