{"0": {"start_sec": 0.9043927648578811, "end_sec": 5.607235142118863}}