{"0": {"start_sec": 1.8604651162790697, "end_sec": 9.974160206718345}}