{"0": {"start_sec": 0.0, "end_sec": 2.7906976744186043}, "1": {"start_sec": 3.5658914728682167, "end_sec": 6.873385012919896}}