{"0": {"start_sec": 3.9018087855297154, "end_sec": 5.090439276485788}}