{"0": {"start_sec": 3.6692506459948317, "end_sec": 6.382428940568475}}