{"0": {"start_sec": 2.248062015503876, "end_sec": 4.134366925064599}}