{"0": {"start_sec": 6.7700258397932815, "end_sec": 9.974160206718345}}