{"0": {"start_sec": 0.0, "end_sec": 1.6020671834625322}, "1": {"start_sec": 4.315245478036175, "end_sec": 9.974160206718345}}