{"0": {"start_sec": 0.8527131782945736, "end_sec": 4.9870801033591725}, "1": {"start_sec": 6.847545219638242, "end_sec": 7.829457364341085}}