{"0": {"start_sec": 0.0, "end_sec": 5.297157622739018}, "1": {"start_sec": 7.958656330749354, "end_sec": 9.974160206718345}}