{"0": {"start_sec": 0.8785529715762274, "end_sec": 9.974160206718345}}