{"0": {"start_sec": 0.7235142118863048, "end_sec": 2.1963824289405682}, "1": {"start_sec": 3.436692506459948, "end_sec": 7.080103359173126}}