{"0": {"start_sec": 0.0, "end_sec": 0.4134366925064599}, "1": {"start_sec": 4.832041343669251, "end_sec": 7.700258397932816}}