{"0": {"start_sec": 0.49095607235142114, "end_sec": 2.945736434108527}, "1": {"start_sec": 6.7441860465116275, "end_sec": 9.974160206718345}}