{"0": {"start_sec": 3.1782945736434107, "end_sec": 6.89922480620155}}