{"0": {"start_sec": 3.152454780361757, "end_sec": 7.080103359173126}}