{"0": {"start_sec": 3.3074935400516794, "end_sec": 9.974160206718345}}