{"0": {"start_sec": 1.3695090439276485, "end_sec": 8.165374677002584}}