{"0": {"start_sec": 4.315245478036175, "end_sec": 6.382428940568475}}