{"0": {"start_sec": 0.0, "end_sec": 0.6718346253229973}, "1": {"start_sec": 3.850129198966408, "end_sec": 6.382428940568475}}