{"0": {"start_sec": 0.10335917312661498, "end_sec": 2.4031007751937983}, "1": {"start_sec": 3.7726098191214468, "end_sec": 9.974160206718345}}