{"0": {"start_sec": 0.0, "end_sec": 5.503875968992248}, "1": {"start_sec": 7.829457364341085, "end_sec": 9.974160206718345}}