{"0": {"start_sec": 0.0, "end_sec": 0.7751937984496123}, "1": {"start_sec": 8.036175710594314, "end_sec": 9.974160206718345}}