{"0": {"start_sec": 0.0, "end_sec": 6.408268733850129}, "1": {"start_sec": 7.596899224806201, "end_sec": 9.974160206718345}}