{"0": {"start_sec": 1.2919896640826873, "end_sec": 4.0051679586563305}, "1": {"start_sec": 7.028423772609819, "end_sec": 8.13953488372093}}