{"0": {"start_sec": 0.0, "end_sec": 3.6692506459948317}, "1": {"start_sec": 5.788113695090439, "end_sec": 9.974160206718345}}