{"0": {"start_sec": 1.586327077747989, "end_sec": 4.967024128686327}}