{"0": {"start_sec": 6.5633074935400515, "end_sec": 9.974160206718345}}