{"0": {"start_sec": 2.945736434108527, "end_sec": 7.648578811369508}}