{"0": {"start_sec": 4.961240310077519, "end_sec": 5.891472868217054}}