{"0": {"start_sec": 2.8517441860465116, "end_sec": 8.973837209302326}}