{"0": {"start_sec": 1.7312661498708009, "end_sec": 6.640826873385013}}