{"0": {"start_sec": 0.0, "end_sec": 4.4186046511627906}, "1": {"start_sec": 5.736434108527131, "end_sec": 9.974160206718345}}