{"0": {"start_sec": 1.111111111111111, "end_sec": 2.5581395348837206}}