{"0": {"start_sec": 4.496124031007752, "end_sec": 5.193798449612403}}