{"0": {"start_sec": 0.46511627906976744, "end_sec": 2.842377260981912}, "1": {"start_sec": 4.625322997416021, "end_sec": 6.925064599483203}}