{"0": {"start_sec": 0.7235142118863048, "end_sec": 5.581395348837209}}