{"0": {"start_sec": 2.635658914728682, "end_sec": 3.7209302325581395}}