{"0": {"start_sec": 0.0, "end_sec": 4.835356200527705}, "1": {"start_sec": 8.119261213720318, "end_sec": 9.774142480211083}}