{"0": {"start_sec": 0.0, "end_sec": 0.31007751937984496}, "1": {"start_sec": 3.0749354005167957, "end_sec": 3.436692506459948}, "2": {"start_sec": 6.27906976744186, "end_sec": 7.054263565891472}}