{"0": {"start_sec": 9.17312661498708, "end_sec": 9.974160206718345}}