{"0": {"start_sec": 2.0671834625322996, "end_sec": 5.813953488372093}, "1": {"start_sec": 8.165374677002584, "end_sec": 9.974160206718345}}