{"0": {"start_sec": 0.33591731266149866, "end_sec": 2.7131782945736433}}