{"0": {"start_sec": 0.0, "end_sec": 3.1782945736434107}, "1": {"start_sec": 4.909560723514211, "end_sec": 7.5193798449612395}, "2": {"start_sec": 9.45736434108527, "end_sec": 9.974160206718345}}