{"0": {"start_sec": 0.0, "end_sec": 5.994832041343669}, "1": {"start_sec": 8.992248062015504, "end_sec": 9.974160206718345}}