{"0": {"start_sec": 7.812841530054644, "end_sec": 9.474043715846994}}