{"0": {"start_sec": 1.2403100775193798, "end_sec": 4.625322997416021}, "1": {"start_sec": 8.21705426356589, "end_sec": 9.974160206718345}}