{"0": {"start_sec": 3.023255813953488, "end_sec": 4.9870801033591725}, "1": {"start_sec": 5.813953488372093, "end_sec": 9.974160206718345}}