{"0": {"start_sec": 3.643410852713178, "end_sec": 9.974160206718345}}