{"0": {"start_sec": 0.8010335917312661, "end_sec": 2.041343669250646}, "1": {"start_sec": 3.6175710594315245, "end_sec": 9.974160206718345}}