{"0": {"start_sec": 1.8604651162790697, "end_sec": 2.9715762273901807}}