{"0": {"start_sec": 0.0, "end_sec": 0.6718346253229973}, "1": {"start_sec": 2.7131782945736433, "end_sec": 5.65891472868217}}