{"0": {"start_sec": 0.23163538873994635, "end_sec": 9.57426273458445}}