{"0": {"start_sec": 0.0, "end_sec": 1.5762273901808785}, "1": {"start_sec": 6.020671834625323, "end_sec": 8.062015503875969}}