{"0": {"start_sec": 2.144702842377261, "end_sec": 4.8062015503875966}, "1": {"start_sec": 8.191214470284237, "end_sec": 9.974160206718345}}