{"0": {"start_sec": 4.473837209302325, "end_sec": 8.973837209302326}}