{"0": {"start_sec": 6.7441860465116275, "end_sec": 9.974160206718345}}