{"0": {"start_sec": 1.111111111111111, "end_sec": 9.974160206718345}}