{"0": {"start_sec": 0.0, "end_sec": 4.2118863049095605}, "1": {"start_sec": 6.847545219638242, "end_sec": 9.974160206718345}}