{"0": {"start_sec": 0.0, "end_sec": 1.0037533512064343}, "1": {"start_sec": 5.09597855227882, "end_sec": 9.57426273458445}}