{"0": {"start_sec": 8.578811369509044, "end_sec": 9.974160206718345}}