{"0": {"start_sec": 3.540051679586563, "end_sec": 5.529715762273901}, "1": {"start_sec": 8.785529715762273, "end_sec": 9.974160206718345}}