{"0": {"start_sec": 0.0, "end_sec": 4.263565891472868}, "1": {"start_sec": 8.863049095607234, "end_sec": 9.974160206718345}}