{"0": {"start_sec": 2.5839793281653747, "end_sec": 6.795865633074935}, "1": {"start_sec": 7.390180878552971, "end_sec": 9.974160206718345}}