{"0": {"start_sec": 0.4134366925064599, "end_sec": 3.0749354005167957}}