{"0": {"start_sec": 0.0, "end_sec": 3.953488372093023}, "1": {"start_sec": 7.700258397932816, "end_sec": 9.328165374677003}}