{"0": {"start_sec": 0.0, "end_sec": 0.9373961218836565}, "1": {"start_sec": 5.36398891966759, "end_sec": 9.373961218836564}}