{"0": {"start_sec": 5.2610526315789485, "end_sec": 7.814210526315791}}