{"0": {"start_sec": 7.8226744186046515, "end_sec": 8.973837209302326}}