{"0": {"start_sec": 0.0, "end_sec": 0.38759689922480617}, "1": {"start_sec": 5.788113695090439, "end_sec": 8.733850129198967}}