{"0": {"start_sec": 0.0, "end_sec": 1.317829457364341}, "1": {"start_sec": 2.1705426356589146, "end_sec": 6.976744186046511}, "2": {"start_sec": 8.940568475452196, "end_sec": 9.974160206718345}}