{"0": {"start_sec": 3.741279069767442, "end_sec": 6.017441860465117}}