{"0": {"start_sec": 0.6201550387596899, "end_sec": 4.754521963824289}}