{"0": {"start_sec": 5.012919896640827, "end_sec": 6.976744186046511}}