{"0": {"start_sec": 7.9328165374676995, "end_sec": 9.974160206718345}}