{"0": {"start_sec": 1.214470284237726, "end_sec": 3.2816537467700257}}