{"0": {"start_sec": 0.0, "end_sec": 4.315245478036175}, "1": {"start_sec": 5.116279069767441, "end_sec": 9.974160206718345}}