{"0": {"start_sec": 0.4392764857881137, "end_sec": 7.855297157622738}}