{"0": {"start_sec": 4.857881136950904, "end_sec": 5.45219638242894}}