{"0": {"start_sec": 3.7726098191214468, "end_sec": 8.13953488372093}}