{"0": {"start_sec": 0.0, "end_sec": 4.857881136950904}, "1": {"start_sec": 7.493540051679586, "end_sec": 9.974160206718345}}