{"0": {"start_sec": 0.0, "end_sec": 0.20671834625322996}, "1": {"start_sec": 1.4987080103359172, "end_sec": 5.943152454780361}, "2": {"start_sec": 8.320413436692506, "end_sec": 9.974160206718345}}