{"0": {"start_sec": 0.0, "end_sec": 2.144702842377261}, "1": {"start_sec": 5.607235142118863, "end_sec": 9.974160206718345}}