{"0": {"start_sec": 0.0, "end_sec": 3.0749354005167957}, "1": {"start_sec": 7.235142118863049, "end_sec": 9.974160206718345}}