{"0": {"start_sec": 7.054263565891472, "end_sec": 9.974160206718345}}