{"0": {"start_sec": 5.064599483204134, "end_sec": 9.17312661498708}}