{"0": {"start_sec": 7.467700258397932, "end_sec": 9.974160206718345}}