{"0": {"start_sec": 0.9302325581395349, "end_sec": 1.4987080103359172}, "1": {"start_sec": 3.333333333333333, "end_sec": 9.974160206718345}}