{"0": {"start_sec": 6.614987080103359, "end_sec": 9.974160206718345}}