{"0": {"start_sec": 0.0, "end_sec": 0.5986301369863014}, "1": {"start_sec": 6.1945205479452055, "end_sec": 7.027397260273973}}