{"0": {"start_sec": 0.0, "end_sec": 2.5064599483204133}, "1": {"start_sec": 6.48578811369509, "end_sec": 9.974160206718345}}