{"0": {"start_sec": 5.762273901808785, "end_sec": 8.837209302325581}}