{"0": {"start_sec": 7.906976744186046, "end_sec": 9.974160206718345}}