{"0": {"start_sec": 4.7803617571059425, "end_sec": 9.974160206718345}}