{"0": {"start_sec": 5.348837209302325, "end_sec": 8.036175710594314}}