{"0": {"start_sec": 0.0, "end_sec": 0.7235142118863048}, "1": {"start_sec": 1.9896640826873384, "end_sec": 5.167958656330749}, "2": {"start_sec": 7.5193798449612395, "end_sec": 9.974160206718345}}