{"0": {"start_sec": 6.253229974160206, "end_sec": 8.578811369509044}}