{"0": {"start_sec": 2.248062015503876, "end_sec": 9.974160206718345}}