{"0": {"start_sec": 0.0, "end_sec": 3.746770025839793}, "1": {"start_sec": 5.24547803617571, "end_sec": 9.974160206718345}}