{"0": {"start_sec": 0.0, "end_sec": 3.2558139534883717}, "1": {"start_sec": 7.364341085271318, "end_sec": 9.974160206718345}}