{"0": {"start_sec": 0.0, "end_sec": 0.9302325581395349}, "1": {"start_sec": 2.994186046511628, "end_sec": 4.97093023255814}}