{"0": {"start_sec": 7.622739018087855, "end_sec": 9.974160206718345}}