{"0": {"start_sec": 5.65891472868217, "end_sec": 8.733850129198967}}