{"0": {"start_sec": 0.0, "end_sec": 3.152454780361757}, "1": {"start_sec": 4.470284237726098, "end_sec": 7.5193798449612395}, "2": {"start_sec": 9.095607235142118, "end_sec": 9.974160206718345}}