{"0": {"start_sec": 1.2403100775193798, "end_sec": 4.444444444444444}, "1": {"start_sec": 8.578811369509044, "end_sec": 9.974160206718345}}