{"0": {"start_sec": 0.4392764857881137, "end_sec": 9.974160206718345}}