{"0": {"start_sec": 3.927648578811369, "end_sec": 5.167958656330749}, "1": {"start_sec": 6.304909560723514, "end_sec": 7.286821705426356}, "2": {"start_sec": 9.509043927648579, "end_sec": 9.974160206718345}}