{"0": {"start_sec": 0.0, "end_sec": 0.8785529715762274}, "1": {"start_sec": 2.7648578811369506, "end_sec": 5.633074935400517}}