{"0": {"start_sec": 6.795865633074935, "end_sec": 7.803617571059431}}