{"0": {"start_sec": 5.839793281653747, "end_sec": 6.227390180878553}}