{"0": {"start_sec": 0.0, "end_sec": 0.9043927648578811}, "1": {"start_sec": 4.366925064599483, "end_sec": 5.65891472868217}}