{"0": {"start_sec": 3.023255813953488, "end_sec": 4.237726098191215}}