{"0": {"start_sec": 0.0, "end_sec": 3.2041343669250644}, "1": {"start_sec": 5.994832041343669, "end_sec": 9.974160206718345}}