{"0": {"start_sec": 4.366925064599483, "end_sec": 6.330749354005167}}