{"0": {"start_sec": 8.21705426356589, "end_sec": 9.974160206718345}}