{"0": {"start_sec": 0.0, "end_sec": 1.8604651162790697}, "1": {"start_sec": 6.149870801033591, "end_sec": 9.974160206718345}}