{"0": {"start_sec": 4.2118863049095605, "end_sec": 5.839793281653747}}