{"0": {"start_sec": 0.5943152454780362, "end_sec": 2.6614987080103356}}