{"0": {"start_sec": 0.0, "end_sec": 0.5943152454780362}, "1": {"start_sec": 2.8165374677002584, "end_sec": 7.028423772609819}, "2": {"start_sec": 9.095607235142118, "end_sec": 9.974160206718345}}