{"0": {"start_sec": 0.0, "end_sec": 0.9302325581395349}, "1": {"start_sec": 3.7726098191214468, "end_sec": 9.974160206718345}}