{"0": {"start_sec": 8.682170542635658, "end_sec": 9.974160206718345}}