{"0": {"start_sec": 0.6976744186046511, "end_sec": 8.320413436692506}}