{"0": {"start_sec": 7.829457364341085, "end_sec": 9.974160206718345}}