{"0": {"start_sec": 0.7751937984496123, "end_sec": 9.974160206718345}}