{"0": {"start_sec": 0.0, "end_sec": 3.6950904392764854}, "1": {"start_sec": 5.478036175710594, "end_sec": 9.974160206718345}}