{"0": {"start_sec": 0.0, "end_sec": 0.6201550387596899}, "1": {"start_sec": 3.6950904392764854, "end_sec": 6.537467700258397}, "2": {"start_sec": 8.165374677002584, "end_sec": 9.974160206718345}}