{"0": {"start_sec": 0.9302325581395349, "end_sec": 1.524547803617571}, "1": {"start_sec": 3.229974160206718, "end_sec": 9.974160206718345}}