{"0": {"start_sec": 2.635658914728682, "end_sec": 3.746770025839793}, "1": {"start_sec": 7.700258397932816, "end_sec": 9.948320413436692}}