{"0": {"start_sec": 0.0, "end_sec": 1.937984496124031}, "1": {"start_sec": 2.5839793281653747, "end_sec": 4.935400516795865}, "2": {"start_sec": 7.751937984496124, "end_sec": 9.974160206718345}}