{"0": {"start_sec": 0.5167958656330749, "end_sec": 8.268733850129198}}