{"0": {"start_sec": 0.9302325581395349, "end_sec": 4.3927648578811365}}