{"0": {"start_sec": 4.8062015503875966, "end_sec": 9.018087855297157}}