{"0": {"start_sec": 3.2816537467700257, "end_sec": 8.165374677002584}}