{"0": {"start_sec": 0.0, "end_sec": 1.6795865633074933}, "1": {"start_sec": 2.532299741602067, "end_sec": 9.974160206718345}}