{"0": {"start_sec": 2.9974160206718343, "end_sec": 9.974160206718345}}