{"0": {"start_sec": 4.521963824289405, "end_sec": 9.974160206718345}}