{"0": {"start_sec": 2.4806201550387597, "end_sec": 5.167958656330749}}