{"0": {"start_sec": 0.0, "end_sec": 5.075581395348837}, "1": {"start_sec": 6.8808139534883725, "end_sec": 8.973837209302326}}