{"0": {"start_sec": 0.0, "end_sec": 6.253229974160206}, "1": {"start_sec": 7.5452196382428935, "end_sec": 9.974160206718345}}