{"0": {"start_sec": 5.7558139534883725, "end_sec": 6.5145348837209305}}