{"0": {"start_sec": 0.0, "end_sec": 1.7312661498708009}, "1": {"start_sec": 4.832041343669251, "end_sec": 9.974160206718345}}