{"0": {"start_sec": 1.8845108695652175, "end_sec": 9.474184782608695}}