{"0": {"start_sec": 1.111111111111111, "end_sec": 4.573643410852712}, "1": {"start_sec": 8.423772609819121, "end_sec": 9.974160206718345}}