{"0": {"start_sec": 0.9043927648578811, "end_sec": 1.8346253229974159}, "1": {"start_sec": 9.121447028423772, "end_sec": 9.974160206718345}}