{"0": {"start_sec": 0.0, "end_sec": 0.46749999999999997}, "1": {"start_sec": 2.6399999999999997, "end_sec": 6.5725}}