{"0": {"start_sec": 3.5917312661498704, "end_sec": 9.974160206718345}}