{"0": {"start_sec": 0.0, "end_sec": 2.5581395348837206}, "1": {"start_sec": 6.046511627906976, "end_sec": 9.974160206718345}}