{"0": {"start_sec": 5.7363387978142075, "end_sec": 7.7609289617486334}}