{"0": {"start_sec": 0.0, "end_sec": 3.824289405684754}, "1": {"start_sec": 5.813953488372093, "end_sec": 9.974160206718345}}