{"0": {"start_sec": 1.5762273901808785, "end_sec": 4.315245478036175}}