{"0": {"start_sec": 1.6537467700258397, "end_sec": 6.020671834625323}}