{"0": {"start_sec": 5.322997416020671, "end_sec": 9.974160206718345}}