{"0": {"start_sec": 1.0594315245478036, "end_sec": 9.974160206718345}}