{"0": {"start_sec": 1.8604651162790697, "end_sec": 5.3746770025839785}, "1": {"start_sec": 7.312661498708009, "end_sec": 9.974160206718345}}