{"0": {"start_sec": 0.0, "end_sec": 0.9043927648578811}, "1": {"start_sec": 5.45219638242894, "end_sec": 5.8656330749354}}