{"0": {"start_sec": 2.5581395348837206, "end_sec": 4.082687338501292}, "1": {"start_sec": 7.390180878552971, "end_sec": 9.974160206718345}}