{"0": {"start_sec": 1.3436692506459946, "end_sec": 3.1007751937984493}, "1": {"start_sec": 5.012919896640827, "end_sec": 7.1576227390180875}}