{"0": {"start_sec": 5.271317829457364, "end_sec": 8.423772609819121}}