{"0": {"start_sec": 0.0, "end_sec": 1.421188630490956}, "1": {"start_sec": 3.2558139534883717, "end_sec": 3.5917312661498704}, "2": {"start_sec": 7.183462532299741, "end_sec": 9.974160206718345}}