{"0": {"start_sec": 0.5426356589147286, "end_sec": 4.237726098191215}, "1": {"start_sec": 9.250645994832041, "end_sec": 9.974160206718345}}