{"0": {"start_sec": 2.2739018087855296, "end_sec": 9.974160206718345}}