{"0": {"start_sec": 1.7312661498708009, "end_sec": 3.9018087855297154}}