{"0": {"start_sec": 3.023255813953488, "end_sec": 9.974160206718345}}