{"0": {"start_sec": 0.0, "end_sec": 0.9043927648578811}, "1": {"start_sec": 2.2739018087855296, "end_sec": 5.193798449612403}, "2": {"start_sec": 7.958656330749354, "end_sec": 9.974160206718345}}