{"0": {"start_sec": 1.3695090439276485, "end_sec": 4.935400516795865}, "1": {"start_sec": 6.3565891472868215, "end_sec": 9.974160206718345}}