{"0": {"start_sec": 1.6795865633074933, "end_sec": 7.209302325581395}}