{"0": {"start_sec": 5.65891472868217, "end_sec": 9.974160206718345}}