{"0": {"start_sec": 0.46511627906976744, "end_sec": 5.65891472868217}}