{"0": {"start_sec": 0.0, "end_sec": 0.20671834625322996}, "1": {"start_sec": 1.3953488372093021, "end_sec": 6.976744186046511}}