{"0": {"start_sec": 0.0, "end_sec": 0.3617571059431524}, "1": {"start_sec": 6.434108527131783, "end_sec": 9.974160206718345}}