{"0": {"start_sec": 0.0, "end_sec": 3.436692506459948}, "1": {"start_sec": 5.271317829457364, "end_sec": 9.974160206718345}}