{"0": {"start_sec": 7.906976744186046, "end_sec": 8.113695090439276}}