{"0": {"start_sec": 0.5684754521963824, "end_sec": 9.974160206718345}}