{"0": {"start_sec": 0.8527131782945736, "end_sec": 2.3772609819121446}, "1": {"start_sec": 4.0310077519379846, "end_sec": 9.974160206718345}}