{"0": {"start_sec": 2.739018087855297, "end_sec": 4.315245478036175}}