{"0": {"start_sec": 8.604651162790697, "end_sec": 9.974160206718345}}