{"0": {"start_sec": 1.7571059431524547, "end_sec": 9.431524547803617}}