{"0": {"start_sec": 0.6459948320413437, "end_sec": 2.9198966408268734}}