{"0": {"start_sec": 1.4728682170542635, "end_sec": 4.134366925064599}}