{"0": {"start_sec": 0.0, "end_sec": 4.8062015503875966}, "1": {"start_sec": 8.010335917312661, "end_sec": 9.974160206718345}}