{"0": {"start_sec": 5.943152454780361, "end_sec": 9.354005167958656}}