{"0": {"start_sec": 3.0749354005167957, "end_sec": 6.098191214470284}, "1": {"start_sec": 8.863049095607234, "end_sec": 9.974160206718345}}