{"0": {"start_sec": 1.9638242894056845, "end_sec": 6.511627906976743}}