{"0": {"start_sec": 0.0, "end_sec": 1.1627906976744184}, "1": {"start_sec": 5.219638242894057, "end_sec": 7.829457364341085}}