{"0": {"start_sec": 0.0, "end_sec": 0.8010335917312661}, "1": {"start_sec": 1.9896640826873384, "end_sec": 3.2041343669250644}}