{"0": {"start_sec": 0.0, "end_sec": 0.6718346253229973}, "1": {"start_sec": 2.041343669250646, "end_sec": 9.974160206718345}}