{"0": {"start_sec": 0.5232558139534884, "end_sec": 4.238372093023256}, "1": {"start_sec": 7.875, "end_sec": 8.973837209302326}}