{"0": {"start_sec": 0.0, "end_sec": 1.6795865633074933}, "1": {"start_sec": 3.4625322997416017, "end_sec": 6.408268733850129}}