{"0": {"start_sec": 0.8010335917312661, "end_sec": 7.984496124031007}}