{"0": {"start_sec": 6.330749354005167, "end_sec": 9.974160206718345}}