{"0": {"start_sec": 1.912144702842377, "end_sec": 8.863049095607234}}