{"0": {"start_sec": 2.2739018087855296, "end_sec": 2.9198966408268734}}