{"0": {"start_sec": 0.0, "end_sec": 2.6098191214470283}, "1": {"start_sec": 6.046511627906976, "end_sec": 9.974160206718345}}