{"0": {"start_sec": 0.5684754521963824, "end_sec": 4.289405684754522}, "1": {"start_sec": 6.459948320413436, "end_sec": 9.974160206718345}}