{"0": {"start_sec": 5.219638242894057, "end_sec": 9.974160206718345}}