{"0": {"start_sec": 1.0594315245478036, "end_sec": 6.976744186046511}, "1": {"start_sec": 7.235142118863049, "end_sec": 9.974160206718345}}