{"0": {"start_sec": 0.6459948320413437, "end_sec": 2.428940568475452}, "1": {"start_sec": 5.633074935400517, "end_sec": 6.873385012919896}, "2": {"start_sec": 7.3385012919896635, "end_sec": 9.974160206718345}}