{"0": {"start_sec": 0.8010335917312661, "end_sec": 4.315245478036175}}