{"0": {"start_sec": 1.5503875968992247, "end_sec": 5.917312661498707}}