{"0": {"start_sec": 0.0, "end_sec": 3.7984496124031004}, "1": {"start_sec": 6.330749354005167, "end_sec": 9.974160206718345}}