{"0": {"start_sec": 5.813953488372093, "end_sec": 9.974160206718345}}