{"0": {"start_sec": 5.297157622739018, "end_sec": 9.974160206718345}}