{"0": {"start_sec": 3.711627906976744, "end_sec": 5.972093023255813}}