{"0": {"start_sec": 6.89922480620155, "end_sec": 8.578811369509044}}