{"0": {"start_sec": 0.3617571059431524, "end_sec": 9.147286821705425}}