{"0": {"start_sec": 2.7906976744186043, "end_sec": 9.45736434108527}}