{"0": {"start_sec": 1.0852713178294573, "end_sec": 2.8165374677002584}, "1": {"start_sec": 5.581395348837209, "end_sec": 7.829457364341085}}