{"0": {"start_sec": 0.07751937984496124, "end_sec": 9.974160206718345}}