{"0": {"start_sec": 0.0, "end_sec": 5.142118863049095}, "1": {"start_sec": 8.63049095607235, "end_sec": 9.974160206718345}}