{"0": {"start_sec": 3.875968992248062, "end_sec": 9.974160206718345}}