{"0": {"start_sec": 6.795865633074935, "end_sec": 9.974160206718345}}