{"0": {"start_sec": 5.8656330749354, "end_sec": 9.974160206718345}}