{"0": {"start_sec": 0.31007751937984496, "end_sec": 3.3850129198966408}, "1": {"start_sec": 7.183462532299741, "end_sec": 9.974160206718345}}