{"0": {"start_sec": 0.0, "end_sec": 0.6459948320413437}, "1": {"start_sec": 3.7209302325581395, "end_sec": 9.974160206718345}}