{"0": {"start_sec": 0.9819121447028423, "end_sec": 2.635658914728682}}