{"0": {"start_sec": 3.2558139534883717, "end_sec": 8.811369509043926}}