{"0": {"start_sec": 0.0, "end_sec": 2.0671834625322996}, "1": {"start_sec": 5.839793281653747, "end_sec": 9.974160206718345}}