{"0": {"start_sec": 3.979328165374677, "end_sec": 4.3927648578811365}, "1": {"start_sec": 8.372093023255813, "end_sec": 9.974160206718345}}