{"0": {"start_sec": 4.3927648578811365, "end_sec": 9.974160206718345}}