{"0": {"start_sec": 6.718346253229973, "end_sec": 7.881136950904392}}