{"0": {"start_sec": 0.6459948320413437, "end_sec": 5.271317829457364}, "1": {"start_sec": 8.165374677002584, "end_sec": 9.974160206718345}}