{"0": {"start_sec": 0.0, "end_sec": 3.9018087855297154}, "1": {"start_sec": 4.9870801033591725, "end_sec": 9.974160206718345}}