{"0": {"start_sec": 0.0, "end_sec": 5.943152454780361}, "1": {"start_sec": 7.855297157622738, "end_sec": 9.974160206718345}}