{"0": {"start_sec": 1.1369509043927648, "end_sec": 5.710594315245477}, "1": {"start_sec": 8.449612403100774, "end_sec": 9.974160206718345}}