{"0": {"start_sec": 1.3695090439276485, "end_sec": 4.108527131782945}}