{"0": {"start_sec": 0.0, "end_sec": 1.1627906976744184}, "1": {"start_sec": 1.4470284237726097, "end_sec": 3.5658914728682167}, "2": {"start_sec": 4.341085271317829, "end_sec": 9.974160206718345}}