{"0": {"start_sec": 0.0, "end_sec": 3.152454780361757}, "1": {"start_sec": 9.121447028423772, "end_sec": 9.974160206718345}}