{"0": {"start_sec": 5.529715762273901, "end_sec": 9.974160206718345}}