{"0": {"start_sec": 0.0, "end_sec": 6.175710594315245}, "1": {"start_sec": 8.191214470284237, "end_sec": 9.974160206718345}}