{"0": {"start_sec": 0.0, "end_sec": 0.6745945945945945}, "1": {"start_sec": 2.9578378378378374, "end_sec": 8.588108108108107}}