{"0": {"start_sec": 0.5943152454780362, "end_sec": 9.974160206718345}}