{"0": {"start_sec": 0.0, "end_sec": 5.167958656330749}, "1": {"start_sec": 6.614987080103359, "end_sec": 9.974160206718345}}