{"0": {"start_sec": 8.785529715762273, "end_sec": 9.974160206718345}}