{"0": {"start_sec": 2.325581395348837, "end_sec": 8.294573643410851}}