{"0": {"start_sec": 4.237726098191215, "end_sec": 5.710594315245477}}