{"0": {"start_sec": 2.9563953488372094, "end_sec": 8.372093023255815}}