{"0": {"start_sec": 9.354005167958656, "end_sec": 9.974160206718345}}