{"0": {"start_sec": 4.516129032258065, "end_sec": 7.612903225806452}}