{"0": {"start_sec": 0.5684754521963824, "end_sec": 3.333333333333333}, "1": {"start_sec": 4.935400516795865, "end_sec": 9.974160206718345}}