{"0": {"start_sec": 0.0, "end_sec": 0.33591731266149866}, "1": {"start_sec": 4.625322997416021, "end_sec": 9.974160206718345}}