{"0": {"start_sec": 7.674418604651162, "end_sec": 9.974160206718345}}