{"0": {"start_sec": 3.436692506459948, "end_sec": 6.227390180878553}}