{"0": {"start_sec": 0.0, "end_sec": 0.8010335917312661}, "1": {"start_sec": 4.677002583979328, "end_sec": 6.537467700258397}, "2": {"start_sec": 9.17312661498708, "end_sec": 9.974160206718345}}