{"0": {"start_sec": 0.0, "end_sec": 5.529715762273901}, "1": {"start_sec": 7.984496124031007, "end_sec": 9.974160206718345}}