{"0": {"start_sec": 0.0, "end_sec": 1.1369509043927648}, "1": {"start_sec": 2.5581395348837206, "end_sec": 7.1317829457364335}}