{"0": {"start_sec": 0.0, "end_sec": 4.108527131782945}, "1": {"start_sec": 6.253229974160206, "end_sec": 7.855297157622738}}