{"0": {"start_sec": 0.0, "end_sec": 5.24547803617571}, "1": {"start_sec": 7.881136950904392, "end_sec": 9.974160206718345}}