{"0": {"start_sec": 4.857881136950904, "end_sec": 9.974160206718345}}