{"0": {"start_sec": 1.8863049095607234, "end_sec": 5.994832041343669}, "1": {"start_sec": 6.7700258397932815, "end_sec": 9.974160206718345}}