{"0": {"start_sec": 1.367287234042553, "end_sec": 4.076063829787233}}