{"0": {"start_sec": 6.201550387596899, "end_sec": 9.974160206718345}}