{"0": {"start_sec": 0.0, "end_sec": 3.5658914728682167}, "1": {"start_sec": 4.9870801033591725, "end_sec": 7.777777777777777}}