{"0": {"start_sec": 3.5658914728682167, "end_sec": 7.906976744186046}}