{"0": {"start_sec": 5.839793281653747, "end_sec": 6.537467700258397}}