{"0": {"start_sec": 0.0, "end_sec": 1.7054263565891472}, "1": {"start_sec": 9.534883720930232, "end_sec": 9.974160206718345}}