{"0": {"start_sec": 6.253229974160206, "end_sec": 9.974160206718345}}