{"0": {"start_sec": 6.098191214470284, "end_sec": 7.441860465116279}}