{"0": {"start_sec": 0.0, "end_sec": 0.6976744186046511}, "1": {"start_sec": 3.1782945736434107, "end_sec": 9.974160206718345}}