{"0": {"start_sec": 1.6795865633074933, "end_sec": 3.2041343669250644}}