{"0": {"start_sec": 0.9560723514211885, "end_sec": 2.945736434108527}, "1": {"start_sec": 4.935400516795865, "end_sec": 9.224806201550386}}