{"0": {"start_sec": 0.20671834625322996, "end_sec": 8.113695090439276}}