{"0": {"start_sec": 0.5943152454780362, "end_sec": 1.912144702842377}, "1": {"start_sec": 7.881136950904392, "end_sec": 9.974160206718345}}