{"0": {"start_sec": 0.25839793281653745, "end_sec": 1.937984496124031}, "1": {"start_sec": 4.3927648578811365, "end_sec": 5.943152454780361}}