{"0": {"start_sec": 7.441860465116279, "end_sec": 9.974160206718345}}