{"0": {"start_sec": 2.351421188630491, "end_sec": 6.614987080103359}}