{"0": {"start_sec": 0.0, "end_sec": 1.4987080103359172}, "1": {"start_sec": 3.4883720930232553, "end_sec": 4.7803617571059425}, "2": {"start_sec": 9.379844961240309, "end_sec": 9.974160206718345}}