{"0": {"start_sec": 2.3772609819121446, "end_sec": 9.121447028423772}}