{"0": {"start_sec": 5.917312661498707, "end_sec": 9.974160206718345}}