{"0": {"start_sec": 0.0, "end_sec": 0.33591731266149866}, "1": {"start_sec": 2.222222222222222, "end_sec": 9.974160206718345}}