{"0": {"start_sec": 6.7700258397932815, "end_sec": 8.13953488372093}}