{"0": {"start_sec": 0.5684754521963824, "end_sec": 2.945736434108527}, "1": {"start_sec": 6.821705426356589, "end_sec": 9.974160206718345}}