{"0": {"start_sec": 3.6950904392764854, "end_sec": 6.511627906976743}, "1": {"start_sec": 7.5452196382428935, "end_sec": 9.974160206718345}}