{"0": {"start_sec": 1.4470284237726097, "end_sec": 4.0310077519379846}}