{"0": {"start_sec": 5.8656330749354, "end_sec": 6.847545219638242}}