{"0": {"start_sec": 0.0, "end_sec": 1.1627906976744184}, "1": {"start_sec": 5.503875968992248, "end_sec": 9.974160206718345}}