{"0": {"start_sec": 1.8604651162790697, "end_sec": 4.909560723514211}}