{"0": {"start_sec": 8.992248062015504, "end_sec": 9.974160206718345}}