{"0": {"start_sec": 0.0, "end_sec": 0.5167958656330749}, "1": {"start_sec": 3.875968992248062, "end_sec": 5.322997416020671}, "2": {"start_sec": 7.235142118863049, "end_sec": 9.974160206718345}}