{"0": {"start_sec": 0.0, "end_sec": 1.4470284237726097}, "1": {"start_sec": 6.589147286821705, "end_sec": 9.974160206718345}}