{"0": {"start_sec": 4.547803617571059, "end_sec": 7.260981912144702}}