{"0": {"start_sec": 8.733850129198967, "end_sec": 9.974160206718345}}