{"0": {"start_sec": 7.260981912144702, "end_sec": 8.062015503875969}}