{"0": {"start_sec": 0.5755813953488372, "end_sec": 5.912790697674419}}