{"0": {"start_sec": 0.0, "end_sec": 4.108527131782945}, "1": {"start_sec": 6.614987080103359, "end_sec": 9.974160206718345}}