{"0": {"start_sec": 3.436692506459948, "end_sec": 9.974160206718345}}