{"0": {"start_sec": 0.0, "end_sec": 0.4392764857881137}, "1": {"start_sec": 6.69250645994832, "end_sec": 9.974160206718345}}