{"0": {"start_sec": 5.839793281653747, "end_sec": 9.974160206718345}}