{"0": {"start_sec": 0.0, "end_sec": 1.5952254641909813}, "1": {"start_sec": 3.241909814323607, "end_sec": 9.674270557029176}}