{"0": {"start_sec": 0.9819121447028423, "end_sec": 4.8062015503875966}, "1": {"start_sec": 6.459948320413436, "end_sec": 8.34625322997416}}