{"0": {"start_sec": 6.925064599483203, "end_sec": 8.682170542635658}}