{"0": {"start_sec": 1.1627906976744184, "end_sec": 8.863049095607234}}