{"0": {"start_sec": 0.9302325581395349, "end_sec": 7.571059431524548}}