{"0": {"start_sec": 0.0, "end_sec": 3.3591731266149867}, "1": {"start_sec": 6.821705426356589, "end_sec": 9.974160206718345}}