{"0": {"start_sec": 7.571059431524548, "end_sec": 9.974160206718345}}