{"0": {"start_sec": 0.5426356589147286, "end_sec": 9.974160206718345}}