{"0": {"start_sec": 0.0, "end_sec": 1.6020671834625322}, "1": {"start_sec": 4.237726098191215, "end_sec": 5.219638242894057}}