{"0": {"start_sec": 0.8527131782945736, "end_sec": 1.7312661498708009}, "1": {"start_sec": 3.3074935400516794, "end_sec": 9.974160206718345}}