{"0": {"start_sec": 2.8165374677002584, "end_sec": 4.341085271317829}, "1": {"start_sec": 8.087855297157622, "end_sec": 9.974160206718345}}