{"0": {"start_sec": 0.4392764857881137, "end_sec": 2.1705426356589146}, "1": {"start_sec": 3.3074935400516794, "end_sec": 9.974160206718345}}