{"0": {"start_sec": 0.0, "end_sec": 2.248062015503876}, "1": {"start_sec": 2.6873385012919893, "end_sec": 4.315245478036175}}