{"0": {"start_sec": 7.260981912144702, "end_sec": 9.974160206718345}}