{"0": {"start_sec": 0.0, "end_sec": 2.222222222222222}, "1": {"start_sec": 2.9715762273901807, "end_sec": 9.974160206718345}}