{"0": {"start_sec": 0.25839793281653745, "end_sec": 3.5917312661498704}, "1": {"start_sec": 9.069767441860465, "end_sec": 9.974160206718345}}