{"0": {"start_sec": 2.1963824289405682, "end_sec": 9.974160206718345}}