{"0": {"start_sec": 2.041343669250646, "end_sec": 9.974160206718345}}