{"0": {"start_sec": 6.925064599483203, "end_sec": 7.829457364341085}}