{"0": {"start_sec": 0.0, "end_sec": 2.328488372093023}, "1": {"start_sec": 4.133720930232558, "end_sec": 7.508720930232558}}