{"0": {"start_sec": 4.108527131782945, "end_sec": 9.974160206718345}}