{"0": {"start_sec": 2.351421188630491, "end_sec": 5.736434108527131}, "1": {"start_sec": 9.405684754521964, "end_sec": 9.974160206718345}}