{"0": {"start_sec": 0.49095607235142114, "end_sec": 4.7803617571059425}}