{"0": {"start_sec": 6.614987080103359, "end_sec": 8.242894056847545}}