{"0": {"start_sec": 2.6873385012919893, "end_sec": 4.5994832041343665}, "1": {"start_sec": 7.751937984496124, "end_sec": 9.974160206718345}}