{"0": {"start_sec": 8.084302325581396, "end_sec": 8.973837209302326}}