{"0": {"start_sec": 1.7674418604651163, "end_sec": 3.9689922480620154}}