{"0": {"start_sec": 7.299727520435968, "end_sec": 9.474114441416894}}