{"0": {"start_sec": 0.0, "end_sec": 1.9896640826873384}, "1": {"start_sec": 2.7906976744186043, "end_sec": 4.935400516795865}}