{"0": {"start_sec": 5.064599483204134, "end_sec": 9.974160206718345}}