{"0": {"start_sec": 1.9622093023255813, "end_sec": 6.409883720930233}}