{"0": {"start_sec": 6.847545219638242, "end_sec": 9.974160206718345}}