{"0": {"start_sec": 3.023255813953488, "end_sec": 5.555555555555555}}