{"0": {"start_sec": 6.821705426356589, "end_sec": 9.974160206718345}}