{"0": {"start_sec": 0.0, "end_sec": 0.6976744186046511}, "1": {"start_sec": 5.994832041343669, "end_sec": 6.589147286821705}}