{"0": {"start_sec": 7.7260981912144695, "end_sec": 9.974160206718345}}