{"0": {"start_sec": 0.0, "end_sec": 0.5426356589147286}, "1": {"start_sec": 3.2041343669250644, "end_sec": 6.847545219638242}}