{"0": {"start_sec": 1.1627906976744184, "end_sec": 9.147286821705425}}