{"0": {"start_sec": 7.648578811369508, "end_sec": 9.664082687338501}}