{"0": {"start_sec": 0.6718346253229973, "end_sec": 5.116279069767441}, "1": {"start_sec": 8.242894056847545, "end_sec": 9.974160206718345}}