{"0": {"start_sec": 1.7312661498708009, "end_sec": 3.023255813953488}, "1": {"start_sec": 4.935400516795865, "end_sec": 5.813953488372093}}