{"0": {"start_sec": 0.0, "end_sec": 2.8517441860465116}, "1": {"start_sec": 7.6395348837209305, "end_sec": 8.973837209302326}}