{"0": {"start_sec": 0.0, "end_sec": 0.7235142118863048}, "1": {"start_sec": 1.9896640826873384, "end_sec": 9.974160206718345}}