{"0": {"start_sec": 7.493540051679586, "end_sec": 9.974160206718345}}