{"0": {"start_sec": 0.4186046511627907, "end_sec": 1.8313953488372094}, "1": {"start_sec": 3.1656976744186047, "end_sec": 5.101744186046512}, "2": {"start_sec": 8.005813953488373, "end_sec": 8.372093023255815}}