{"0": {"start_sec": 4.366925064599483, "end_sec": 5.633074935400517}}