{"0": {"start_sec": 0.0, "end_sec": 1.421188630490956}, "1": {"start_sec": 2.9198966408268734, "end_sec": 9.974160206718345}}