{"0": {"start_sec": 1.3953488372093021, "end_sec": 2.6098191214470283}, "1": {"start_sec": 6.3565891472868215, "end_sec": 9.974160206718345}}