{"0": {"start_sec": 2.2997416020671833, "end_sec": 2.7906976744186043}, "1": {"start_sec": 7.209302325581395, "end_sec": 8.604651162790697}}