{"0": {"start_sec": 0.49095607235142114, "end_sec": 6.614987080103359}, "1": {"start_sec": 8.13953488372093, "end_sec": 9.974160206718345}}