{"0": {"start_sec": 3.4108527131782944, "end_sec": 9.974160206718345}}