{"0": {"start_sec": 0.9819121447028423, "end_sec": 4.9870801033591725}, "1": {"start_sec": 6.976744186046511, "end_sec": 9.974160206718345}}