{"0": {"start_sec": 7.751937984496124, "end_sec": 9.974160206718345}}