{"0": {"start_sec": 7.596899224806201, "end_sec": 9.974160206718345}}