{"0": {"start_sec": 0.6718346253229973, "end_sec": 7.10594315245478}}