{"0": {"start_sec": 1.4987080103359172, "end_sec": 8.13953488372093}}