{"0": {"start_sec": 2.144702842377261, "end_sec": 3.953488372093023}}