{"0": {"start_sec": 0.0, "end_sec": 3.850129198966408}, "1": {"start_sec": 6.589147286821705, "end_sec": 9.974160206718345}}