{"0": {"start_sec": 5.116279069767441, "end_sec": 9.974160206718345}}