{"0": {"start_sec": 0.6718346253229973, "end_sec": 7.054263565891472}}