{"0": {"start_sec": 0.0, "end_sec": 0.9302325581395349}, "1": {"start_sec": 2.248062015503876, "end_sec": 5.348837209302325}}