{"0": {"start_sec": 4.464516129032258, "end_sec": 9.574193548387097}}