{"0": {"start_sec": 0.0, "end_sec": 1.6279069767441858}, "1": {"start_sec": 3.953488372093023, "end_sec": 7.7260981912144695}}