{"0": {"start_sec": 1.9896640826873384, "end_sec": 5.322997416020671}, "1": {"start_sec": 6.69250645994832, "end_sec": 9.974160206718345}}