{"0": {"start_sec": 4.909560723514211, "end_sec": 9.974160206718345}}