{"0": {"start_sec": 0.0, "end_sec": 0.9043927648578811}, "1": {"start_sec": 4.0051679586563305, "end_sec": 9.17312661498708}}