{"0": {"start_sec": 1.2403100775193798, "end_sec": 3.850129198966408}}