{"0": {"start_sec": 0.0, "end_sec": 1.2919896640826873}, "1": {"start_sec": 5.994832041343669, "end_sec": 9.974160206718345}}