{"0": {"start_sec": 0.4134366925064599, "end_sec": 9.974160206718345}}