{"0": {"start_sec": 0.8527131782945736, "end_sec": 8.578811369509044}}