{"0": {"start_sec": 0.0, "end_sec": 2.4547803617571056}, "1": {"start_sec": 7.467700258397932, "end_sec": 9.974160206718345}}