{"0": {"start_sec": 0.0, "end_sec": 0.8268733850129198}, "1": {"start_sec": 6.175710594315245, "end_sec": 8.63049095607235}}