{"0": {"start_sec": 0.33591731266149866, "end_sec": 2.9974160206718343}}