{"0": {"start_sec": 0.0, "end_sec": 1.5762273901808785}, "1": {"start_sec": 5.736434108527131, "end_sec": 9.354005167958656}}