{"0": {"start_sec": 6.459948320413436, "end_sec": 9.974160206718345}}