{"0": {"start_sec": 3.5658914728682167, "end_sec": 9.974160206718345}}