{"0": {"start_sec": 1.0077519379844961, "end_sec": 6.330749354005167}}