{"0": {"start_sec": 6.046511627906976, "end_sec": 7.416020671834625}}