{"0": {"start_sec": 0.9560723514211885, "end_sec": 3.953488372093023}, "1": {"start_sec": 6.459948320413436, "end_sec": 9.095607235142118}}