{"0": {"start_sec": 0.0, "end_sec": 2.635658914728682}, "1": {"start_sec": 6.666666666666666, "end_sec": 9.974160206718345}}