{"0": {"start_sec": 1.3436692506459946, "end_sec": 9.974160206718345}}