{"IS1009d.Mix-Headset": 1944.5, "ES2004b.Mix-Headset": 2345.493375, "TS3003c.Mix-Headset": 2570.0, "TS3007d.Mix-Headset": 2824.3, "IS1009b.Mix-Headset": 2052.3333125, "ES2014c.Mix-Headset": 2273.525375, "TS3003b.Mix-Headset": 2210.304, "ES2014d.Mix-Headset": 2911.36, "IS1009c.Mix-Headset": 1820.8333125, "TS3003a.Mix-Headset": 1505.642625, "EN2002b.Mix-Headset": 1786.848, "IS1009a.Mix-Headset": 838.8333125, "TS3007b.Mix-Headset": 3354.858625, "ES2004c.Mix-Headset": 2334.368, "ES2014b.Mix-Headset": 2319.893375, "EN2002c.Mix-Headset": 2972.256, "TS3007c.Mix-Headset": 2420.0, "ES2004a.Mix-Headset": 1049.3546875, "TS3003d.Mix-Headset": 2618.2, "ES2004d.Mix-Headset": 2222.2906875, "ES2014a.Mix-Headset": 1149.013375, "EN2002a.Mix-Headset": 2142.709375, "EN2002d.Mix-Headset": 2209.8986875, "TS3007a.Mix-Headset": 1609.344}