{"0": {"start_sec": 3.4498567335243555, "end_sec": 3.9713467048710607}}