{"0": {"start_sec": 3.40974212034384, "end_sec": 4.191977077363897}}