{"0": {"start_sec": 0.24068767908309457, "end_sec": 0.7020057306590258}, "1": {"start_sec": 3.189111747851003, "end_sec": 3.40974212034384}, "2": {"start_sec": 4.151862464183381, "end_sec": 4.532951289398281}}