{"0": {"start_sec": 3.1489971346704873, "end_sec": 5.7163323782234965}}