{"0": {"start_sec": 0.16045845272206305, "end_sec": 1.1232091690544412}, "1": {"start_sec": 3.0888252148997135, "end_sec": 3.6103151862464187}}