{"0": {"start_sec": 0.0, "end_sec": 0.6017191977077364}, "1": {"start_sec": 1.1633237822349571, "end_sec": 2.2664756446991405}, "2": {"start_sec": 2.507163323782235, "end_sec": 2.888252148997135}, "3": {"start_sec": 3.1690544412607453, "end_sec": 3.6504297994269344}, "4": {"start_sec": 7.386819484240688, "end_sec": 8.449856733524356}}