{"0": {"start_sec": 0.16045845272206305, "end_sec": 2.36676217765043}}