{"0": {"start_sec": 1.9656160458452723, "end_sec": 2.206303724928367}, "1": {"start_sec": 3.1690544412607453, "end_sec": 4.332378223495702}}