{"0": {"start_sec": 2.9484240687679084, "end_sec": 3.8108882521489975}, "1": {"start_sec": 5.401146131805158, "end_sec": 5.742120343839542}}