{"0": {"start_sec": 3.770773638968482, "end_sec": 5.896848137535817}}