{"0": {"start_sec": 3.068767908309456, "end_sec": 3.9312320916905446}}