{"0": {"start_sec": 4.633237822349571, "end_sec": 5.67621776504298}, "1": {"start_sec": 5.936962750716333, "end_sec": 6.177650429799427}}