{"0": {"start_sec": 3.489971346704871, "end_sec": 4.693409742120344}}