{"0": {"start_sec": 2.567335243553009, "end_sec": 4.151862464183381}, "1": {"start_sec": 4.5128939828080235, "end_sec": 4.793696275071634}, "2": {"start_sec": 5.401146131805158, "end_sec": 6.022922636103152}}