{"0": {"start_sec": 2.7879656160458457, "end_sec": 3.6103151862464187}, "1": {"start_sec": 5.762177650429799, "end_sec": 6.063037249283668}}