{"0": {"start_sec": 3.3295128939828085, "end_sec": 4.412607449856734}, "1": {"start_sec": 5.074498567335244, "end_sec": 5.66189111747851}, "2": {"start_sec": 7.005730659025788, "end_sec": 7.908309455587393}}