{"0": {"start_sec": 3.349570200573066, "end_sec": 6.564469914040115}, "1": {"start_sec": 6.80515759312321, "end_sec": 8.40974212034384}, "2": {"start_sec": 9.212034383954155, "end_sec": 9.994269340974213}}