{"0": {"start_sec": 2.9484240687679084, "end_sec": 3.530085959885387}}