{"0": {"start_sec": 0.02005730659025788, "end_sec": 1.0830945558739256}, "1": {"start_sec": 1.7851002865329515, "end_sec": 3.550143266475645}}