{"0": {"start_sec": 2.7478510028653296, "end_sec": 7.025787965616046}, "1": {"start_sec": 9.292263610315187, "end_sec": 10.01432664756447}}