{"0": {"start_sec": 2.667621776504298, "end_sec": 3.570200573065903}, "1": {"start_sec": 4.051575931232092, "end_sec": 4.412607449856734}, "2": {"start_sec": 9.17191977077364, "end_sec": 9.573065902578797}}