{"0": {"start_sec": 0.26074498567335247, "end_sec": 0.7020057306590258}, "1": {"start_sec": 3.048710601719198, "end_sec": 4.713467048710602}, "2": {"start_sec": 5.060171919770774, "end_sec": 5.3810888252149}, "3": {"start_sec": 7.326647564469914, "end_sec": 7.948424068767908}}