{"0": {"start_sec": 0.08022922636103152, "end_sec": 0.3008595988538682}, "1": {"start_sec": 3.8108882521489975, "end_sec": 4.412607449856734}, "2": {"start_sec": 5.756446991404012, "end_sec": 5.957020057306591}}