{"0": {"start_sec": 1.845272206303725, "end_sec": 3.6303724928366763}}