{"0": {"start_sec": 2.8280802292263614, "end_sec": 3.429799426934098}, "1": {"start_sec": 4.83381088825215, "end_sec": 5.034383954154729}}