{"0": {"start_sec": 1.3037249283667622, "end_sec": 3.209169054441261}, "1": {"start_sec": 3.5100286532951293, "end_sec": 3.8710601719197713}}