{"0": {"start_sec": 3.008595988538682, "end_sec": 8.12893982808023}}