{"0": {"start_sec": 3.209169054441261, "end_sec": 4.091690544412608}, "1": {"start_sec": 4.73352435530086, "end_sec": 5.876790830945559}}