{"0": {"start_sec": 5.977077363896848, "end_sec": 7.326647564469914}}