{"0": {"start_sec": 3.8108882521489975, "end_sec": 6.077363896848138}, "1": {"start_sec": 7.206303724928366, "end_sec": 7.908309455587393}}