{"0": {"start_sec": 1.684813753581662, "end_sec": 1.9054441260744988}, "1": {"start_sec": 2.5472779369627507, "end_sec": 5.054441260744986}}