{"0": {"start_sec": 2.667621776504298, "end_sec": 3.2693409742120347}, "1": {"start_sec": 4.111747851002866, "end_sec": 4.954154727793696}}