{"0": {"start_sec": 3.3094555873925504, "end_sec": 6.103151862464183}, "1": {"start_sec": 7.106017191977077, "end_sec": 9.312320916905446}}