{"0": {"start_sec": 0.7020057306590258, "end_sec": 1.0830945558739256}, "1": {"start_sec": 1.8252148997134672, "end_sec": 2.527220630372493}, "2": {"start_sec": 6.825214899713467, "end_sec": 7.045845272206304}}