{"0": {"start_sec": 3.5902578796561606, "end_sec": 5.01432664756447}, "1": {"start_sec": 5.29512893982808, "end_sec": 5.541547277936963}}