{"0": {"start_sec": 2.8080229226361033, "end_sec": 5.555873925501433}}