{"0": {"start_sec": 2.6074498567335245, "end_sec": 4.051575931232092}}