{"0": {"start_sec": 2.7478510028653296, "end_sec": 3.550143266475645}, "1": {"start_sec": 4.914040114613181, "end_sec": 6.879656160458453}}