{"0": {"start_sec": 1.9255014326647566, "end_sec": 2.4469914040114613}, "1": {"start_sec": 2.7879656160458457, "end_sec": 4.151862464183381}, "2": {"start_sec": 7.8681948424068775, "end_sec": 8.329512893982809}}