{"0": {"start_sec": 3.3094555873925504, "end_sec": 3.9914040114613183}}