{"0": {"start_sec": 0.0, "end_sec": 1.1432664756446993}, "1": {"start_sec": 9.151862464183381, "end_sec": 9.53295128939828}}