{"0": {"start_sec": 3.6303724928366763, "end_sec": 6.083094555873926}, "1": {"start_sec": 6.945558739255015, "end_sec": 8.951289398280803}}