{"0": {"start_sec": 2.868194842406877, "end_sec": 3.8108882521489975}}