{"0": {"start_sec": 2.928366762177651, "end_sec": 4.553008595988539}}