{"0": {"start_sec": 2.226361031518625, "end_sec": 3.851002865329513}, "1": {"start_sec": 4.954154727793696, "end_sec": 5.541547277936963}}