{"0": {"start_sec": 2.1461318051575935, "end_sec": 2.6876790830945563}, "1": {"start_sec": 3.4498567335243555, "end_sec": 5.275071633237823}}