{"0": {"start_sec": 3.1289398280802296, "end_sec": 5.636103151862464}, "1": {"start_sec": 8.008595988538682, "end_sec": 8.530085959885387}}