{"0": {"start_sec": 3.2492836676217767, "end_sec": 5.876790830945559}}