{"0": {"start_sec": 3.0888252148997135, "end_sec": 4.35243553008596}}