{"0": {"start_sec": 3.008595988538682, "end_sec": 3.2893982808022924}, "1": {"start_sec": 3.5902578796561606, "end_sec": 4.131805157593123}, "2": {"start_sec": 4.45272206303725, "end_sec": 5.340974212034384}, "3": {"start_sec": 5.6017191977077365, "end_sec": 6.017191977077364}}