{"0": {"start_sec": 2.64756446991404, "end_sec": 3.5100286532951293}}