{"0": {"start_sec": 2.707736389684814, "end_sec": 5.054441260744986}}