{"0": {"start_sec": 3.1289398280802296, "end_sec": 4.593123209169055}}