{"0": {"start_sec": 7.808022922636104, "end_sec": 8.12893982808023}}