{"0": {"start_sec": 1.8252148997134672, "end_sec": 2.8280802292263614}, "1": {"start_sec": 3.048710601719198, "end_sec": 4.532951289398281}}