{"0": {"start_sec": 2.7879656160458457, "end_sec": 3.6704871060171924}}