{"0": {"start_sec": 0.08022922636103152, "end_sec": 1.2034383954154728}, "1": {"start_sec": 4.111747851002866, "end_sec": 5.7163323782234965}, "2": {"start_sec": 8.349570200573066, "end_sec": 9.011461318051577}}