{"0": {"start_sec": 3.2492836676217767, "end_sec": 4.83381088825215}, "1": {"start_sec": 5.862464183381089, "end_sec": 6.979942693409742}}