{"0": {"start_sec": 1.7449856733524356, "end_sec": 2.025787965616046}, "1": {"start_sec": 3.1690544412607453, "end_sec": 4.934097421203439}}