{"0": {"start_sec": 2.707736389684814, "end_sec": 4.813753581661891}}