{"0": {"start_sec": 1.6446991404011462, "end_sec": 3.8108882521489975}, "1": {"start_sec": 5.154727793696275, "end_sec": 6.879656160458453}, "2": {"start_sec": 7.9684813753581665, "end_sec": 8.951289398280803}}