{"0": {"start_sec": 3.189111747851003, "end_sec": 4.693409742120344}, "1": {"start_sec": 6.624641833810888, "end_sec": 7.828080229226361}}