{"0": {"start_sec": 1.504297994269341, "end_sec": 2.587392550143267}, "1": {"start_sec": 6.363896848137536, "end_sec": 6.979942693409742}}