{"0": {"start_sec": 2.2464183381088825, "end_sec": 2.848137535816619}, "1": {"start_sec": 3.40974212034384, "end_sec": 5.481375358166189}}