{"0": {"start_sec": 0.12034383954154729, "end_sec": 1.1232091690544412}}