{"0": {"start_sec": 1.3037249283667622, "end_sec": 2.025787965616046}, "1": {"start_sec": 9.031518624641834, "end_sec": 9.974212034383955}}