{"0": {"start_sec": 2.3266475644699143, "end_sec": 3.6303724928366763}}