{"0": {"start_sec": 1.7851002865329515, "end_sec": 4.472779369627507}}