{"0": {"start_sec": 3.2492836676217767, "end_sec": 6.343839541547278}, "1": {"start_sec": 9.131805157593124, "end_sec": 9.813753581661892}}