{"0": {"start_sec": 3.530085959885387, "end_sec": 3.8108882521489975}, "1": {"start_sec": 4.2722063037249285, "end_sec": 4.893982808022923}}