{"0": {"start_sec": 5.836676217765043, "end_sec": 6.338108882521491}}