{"0": {"start_sec": 0.0, "end_sec": 1.3438395415472781}, "1": {"start_sec": 3.550143266475645, "end_sec": 6.484240687679083}}