{"0": {"start_sec": 2.7679083094555876, "end_sec": 3.6103151862464187}, "1": {"start_sec": 4.372492836676218, "end_sec": 5.054441260744986}, "2": {"start_sec": 5.8166189111747855, "end_sec": 6.9054441260744985}}