{"0": {"start_sec": 0.0, "end_sec": 2.2664756446991405}, "1": {"start_sec": 3.4498567335243555, "end_sec": 4.151862464183381}}