{"0": {"start_sec": 6.404011461318052, "end_sec": 7.908309455587393}}