{"0": {"start_sec": 0.7020057306590258, "end_sec": 1.0429799426934099}, "1": {"start_sec": 3.1289398280802296, "end_sec": 4.2722063037249285}}