{"0": {"start_sec": 2.2464183381088825, "end_sec": 5.575931232091691}, "1": {"start_sec": 6.017191977077364, "end_sec": 6.458452722063038}}