{"0": {"start_sec": 4.252148997134671, "end_sec": 5.29512893982808}}