{"0": {"start_sec": 3.6504297994269344, "end_sec": 4.252148997134671}}