{"0": {"start_sec": 2.5472779369627507, "end_sec": 3.891117478510029}}