{"0": {"start_sec": 3.2693409742120347, "end_sec": 5.174785100286534}}