{"0": {"start_sec": 6.418338108882522, "end_sec": 6.959885386819485}}