{"0": {"start_sec": 4.633237822349571, "end_sec": 5.074498567335244}}