{"0": {"start_sec": 1.7851002865329515, "end_sec": 3.8710601719197713}, "1": {"start_sec": 8.770773638968482, "end_sec": 9.011461318051577}, "2": {"start_sec": 9.392550143266476, "end_sec": 9.994269340974213}}