{"0": {"start_sec": 8.369627507163324, "end_sec": 9.111747851002866}}