{"0": {"start_sec": 0.26074498567335247, "end_sec": 1.2636103151862466}, "1": {"start_sec": 5.8166189111747855, "end_sec": 7.386819484240688}, "2": {"start_sec": 7.8681948424068775, "end_sec": 8.10888252148997}}