{"0": {"start_sec": 2.4670487106017194, "end_sec": 4.332378223495702}}