{"0": {"start_sec": 2.9083094555873927, "end_sec": 3.349570200573066}, "1": {"start_sec": 3.7908309455587395, "end_sec": 4.332378223495702}}