{"0": {"start_sec": 3.008595988538682, "end_sec": 4.613180515759312}}