{"0": {"start_sec": 2.9083094555873927, "end_sec": 4.9942693409742125}, "1": {"start_sec": 5.2206303724928365, "end_sec": 7.567335243553009}, "2": {"start_sec": 7.848137535816619, "end_sec": 9.853868194842407}}