{"0": {"start_sec": 2.928366762177651, "end_sec": 5.355300859598854}}