{"0": {"start_sec": 2.6876790830945563, "end_sec": 4.593123209169055}, "1": {"start_sec": 4.954154727793696, "end_sec": 5.455587392550144}}