{"0": {"start_sec": 0.0, "end_sec": 0.44126074498567336}, "1": {"start_sec": 8.69054441260745, "end_sec": 9.17191977077364}}