{"0": {"start_sec": 2.888252148997135, "end_sec": 3.3896848137535818}, "1": {"start_sec": 4.974212034383955, "end_sec": 5.29512893982808}}