{"0": {"start_sec": 0.0, "end_sec": 1.504297994269341}, "1": {"start_sec": 3.3094555873925504, "end_sec": 3.8108882521489975}}