{"0": {"start_sec": 2.1060171919770774, "end_sec": 3.9312320916905446}}