{"0": {"start_sec": 3.349570200573066, "end_sec": 3.710601719197708}}