{"0": {"start_sec": 7.74785100286533, "end_sec": 8.289398280802292}, "1": {"start_sec": 8.61031518624642, "end_sec": 9.051575931232092}}