{"0": {"start_sec": 0.681948424068768, "end_sec": 1.002865329512894}}