{"0": {"start_sec": 3.349570200573066, "end_sec": 4.432664756446992}}