{"0": {"start_sec": 0.0, "end_sec": 0.5214899713467049}, "1": {"start_sec": 3.02865329512894, "end_sec": 3.6504297994269344}}