{"0": {"start_sec": 3.349570200573066, "end_sec": 3.9713467048710607}}