{"0": {"start_sec": 2.64756446991404, "end_sec": 4.212034383954155}}