{"0": {"start_sec": 5.234957020057307, "end_sec": 5.957020057306591}}