{"0": {"start_sec": 3.068767908309456, "end_sec": 6.04297994269341}}