{"0": {"start_sec": 3.229226361031519, "end_sec": 4.974212034383955}}