{"0": {"start_sec": 3.3295128939828085, "end_sec": 3.891117478510029}}