{"0": {"start_sec": 3.4498567335243555, "end_sec": 4.292263610315187}, "1": {"start_sec": 6.724928366762178, "end_sec": 7.166189111747851}}