{"0": {"start_sec": 0.0, "end_sec": 1.0429799426934099}, "1": {"start_sec": 3.369627507163324, "end_sec": 4.853868194842407}}