{"0": {"start_sec": 3.0888252148997135, "end_sec": 3.830945558739255}}