{"0": {"start_sec": 0.46131805157593125, "end_sec": 2.045845272206304}, "1": {"start_sec": 3.3896848137535818, "end_sec": 6.1833810888252145}}