{"0": {"start_sec": 3.2893982808022924, "end_sec": 4.934097421203439}}