{"0": {"start_sec": 1.2234957020057307, "end_sec": 2.667621776504298}, "1": {"start_sec": 3.530085959885387, "end_sec": 4.131805157593123}, "2": {"start_sec": 6.303724928366762, "end_sec": 7.2464183381088825}}