{"0": {"start_sec": 3.710601719197708, "end_sec": 4.893982808022923}, "1": {"start_sec": 8.550143266475645, "end_sec": 9.893982808022923}}