{"0": {"start_sec": 8.570200573065904, "end_sec": 9.633237822349571}}