{"0": {"start_sec": 5.0, "end_sec": 5.461318051575931}, "1": {"start_sec": 9.673352435530086, "end_sec": 9.873925501432666}}