{"0": {"start_sec": 2.3266475644699143, "end_sec": 2.6074498567335245}, "1": {"start_sec": 2.8080229226361033, "end_sec": 4.111747851002866}, "2": {"start_sec": 4.432664756446992, "end_sec": 6.017191977077364}}