{"0": {"start_sec": 3.5902578796561606, "end_sec": 4.813753581661891}}