{"0": {"start_sec": 3.189111747851003, "end_sec": 6.70487106017192}, "1": {"start_sec": 7.346704871060172, "end_sec": 8.12893982808023}}