{"0": {"start_sec": 1.7249283667621778, "end_sec": 2.36676217765043}, "1": {"start_sec": 3.2693409742120347, "end_sec": 4.292263610315187}, "2": {"start_sec": 5.56160458452722, "end_sec": 6.464183381088826}}