{"0": {"start_sec": 2.005730659025788, "end_sec": 2.888252148997135}, "1": {"start_sec": 3.209169054441261, "end_sec": 4.532951289398281}}