{"0": {"start_sec": 2.868194842406877, "end_sec": 3.710601719197708}, "1": {"start_sec": 4.292263610315187, "end_sec": 4.593123209169055}, "2": {"start_sec": 5.214899713467049, "end_sec": 6.022922636103152}, "3": {"start_sec": 7.005730659025788, "end_sec": 9.292263610315187}}