{"0": {"start_sec": 1.6446991404011462, "end_sec": 1.8653295128939829}, "1": {"start_sec": 2.567335243553009, "end_sec": 5.822349570200573}, "2": {"start_sec": 6.263610315186247, "end_sec": 6.744985673352436}, "3": {"start_sec": 6.98567335243553, "end_sec": 7.2464183381088825}, "4": {"start_sec": 7.6275071633237825, "end_sec": 7.988538681948424}}