{"0": {"start_sec": 3.6303724928366763, "end_sec": 4.031518624641834}}