{"0": {"start_sec": 3.008595988538682, "end_sec": 3.5100286532951293}}