{"0": {"start_sec": 3.3295128939828085, "end_sec": 4.151862464183381}}