{"0": {"start_sec": 1.022922636103152, "end_sec": 1.9656160458452723}}