{"0": {"start_sec": 3.6303724928366763, "end_sec": 5.11461318051576}, "1": {"start_sec": 5.6017191977077365, "end_sec": 5.842406876790831}}