{"0": {"start_sec": 3.1690544412607453, "end_sec": 3.9713467048710607}}