{"0": {"start_sec": 1.5444126074498568, "end_sec": 2.888252148997135}, "1": {"start_sec": 3.6303724928366763, "end_sec": 3.911174785100287}}