{"0": {"start_sec": 3.048710601719198, "end_sec": 4.813753581661891}}