{"0": {"start_sec": 7.406876790830946, "end_sec": 7.7277936962750715}}