{"0": {"start_sec": 0.0, "end_sec": 3.9914040114613183}, "1": {"start_sec": 7.005730659025788, "end_sec": 10.01432664756447}}