{"0": {"start_sec": 3.3094555873925504, "end_sec": 3.6303724928366763}, "1": {"start_sec": 5.7020057306590255, "end_sec": 8.008595988538682}, "2": {"start_sec": 9.111747851002866, "end_sec": 10.01432664756447}}