{"0": {"start_sec": 2.7879656160458457, "end_sec": 3.40974212034384}, "1": {"start_sec": 7.106017191977077, "end_sec": 7.767908309455588}}