{"0": {"start_sec": 3.008595988538682, "end_sec": 3.550143266475645}, "1": {"start_sec": 8.469914040114613, "end_sec": 8.730659025787965}}