{"0": {"start_sec": 4.593123209169055, "end_sec": 6.217765042979943}, "1": {"start_sec": 8.02865329512894, "end_sec": 8.489971346704872}}