{"0": {"start_sec": 2.567335243553009, "end_sec": 3.2893982808022924}, "1": {"start_sec": 4.212034383954155, "end_sec": 5.315186246418339}, "2": {"start_sec": 6.739255014326648, "end_sec": 8.088825214899714}, "3": {"start_sec": 9.312320916905446, "end_sec": 9.914040114613181}}