{"0": {"start_sec": 3.891117478510029, "end_sec": 4.83381088825215}}