{"0": {"start_sec": 6.825214899713467, "end_sec": 9.45272206303725}}