{"0": {"start_sec": 3.550143266475645, "end_sec": 4.573065902578797}, "1": {"start_sec": 6.724928366762178, "end_sec": 9.994269340974213}}