{"0": {"start_sec": 3.3295128939828085, "end_sec": 7.74785100286533}}