{"0": {"start_sec": 3.008595988538682, "end_sec": 3.851002865329513}}