{"0": {"start_sec": 3.2693409742120347, "end_sec": 4.914040114613181}, "1": {"start_sec": 5.936962750716333, "end_sec": 6.879656160458453}}