{"0": {"start_sec": 3.4699140401146136, "end_sec": 4.091690544412608}, "1": {"start_sec": 4.553008595988539, "end_sec": 5.194842406876791}}