{"0": {"start_sec": 2.8080229226361033, "end_sec": 4.553008595988539}}