{"0": {"start_sec": 3.349570200573066, "end_sec": 4.693409742120344}, "1": {"start_sec": 5.455587392550144, "end_sec": 9.272206303724928}}