{"0": {"start_sec": 3.2492836676217767, "end_sec": 4.673352435530086}, "1": {"start_sec": 7.18624641833811, "end_sec": 8.51002865329513}}