{"0": {"start_sec": 2.1461318051575935, "end_sec": 2.5472779369627507}, "1": {"start_sec": 2.848137535816619, "end_sec": 3.7507163323782238}}