{"0": {"start_sec": 0.0, "end_sec": 2.206303724928367}, "1": {"start_sec": 3.0888252148997135, "end_sec": 4.853868194842407}, "2": {"start_sec": 7.607449856733524, "end_sec": 8.30945558739255}, "3": {"start_sec": 9.312320916905446, "end_sec": 9.914040114613181}}