{"0": {"start_sec": 3.2693409742120347, "end_sec": 4.252148997134671}}