{"0": {"start_sec": 3.008595988538682, "end_sec": 4.212034383954155}, "1": {"start_sec": 8.830945558739256, "end_sec": 9.753581661891118}}