{"0": {"start_sec": 2.8280802292263614, "end_sec": 4.7535816618911175}}