{"0": {"start_sec": 1.4240687679083095, "end_sec": 4.974212034383955}}