{"0": {"start_sec": 2.2464183381088825, "end_sec": 5.11461318051576}, "1": {"start_sec": 6.624641833810888, "end_sec": 8.369627507163324}}