{"0": {"start_sec": 3.6303724928366763, "end_sec": 4.011461318051576}, "1": {"start_sec": 5.255014326647565, "end_sec": 5.636103151862464}}