{"0": {"start_sec": 8.249283667621777, "end_sec": 8.710601719197708}}