{"0": {"start_sec": 3.550143266475645, "end_sec": 4.332378223495702}}