{"0": {"start_sec": 2.707736389684814, "end_sec": 4.212034383954155}, "1": {"start_sec": 5.962750716332378, "end_sec": 9.111747851002866}}