{"0": {"start_sec": 3.209169054441261, "end_sec": 3.9512893982808026}}