{"0": {"start_sec": 3.02865329512894, "end_sec": 4.111747851002866}, "1": {"start_sec": 6.744985673352436, "end_sec": 7.08595988538682}}