{"0": {"start_sec": 9.051575931232092, "end_sec": 9.37249283667622}}