{"0": {"start_sec": 0.7020057306590258, "end_sec": 1.504297994269341}, "1": {"start_sec": 7.306590257879656, "end_sec": 7.74785100286533}, "2": {"start_sec": 8.048710601719197, "end_sec": 8.429799426934098}}