{"0": {"start_sec": 3.369627507163324, "end_sec": 6.43839541547278}, "1": {"start_sec": 6.98567335243553, "end_sec": 7.6275071633237825}}