{"0": {"start_sec": 1.6246418338108883, "end_sec": 5.29512893982808}, "1": {"start_sec": 6.1977077363896855, "end_sec": 7.687679083094556}, "2": {"start_sec": 8.048710601719197, "end_sec": 9.091690544412607}}