{"0": {"start_sec": 6.378223495702006, "end_sec": 6.979942693409742}}