{"0": {"start_sec": 1.5444126074498568, "end_sec": 4.1719197707736395}}