{"0": {"start_sec": 7.446991404011461, "end_sec": 7.8681948424068775}}