{"0": {"start_sec": 1.845272206303725, "end_sec": 2.2464183381088825}}