{"0": {"start_sec": 3.02865329512894, "end_sec": 3.8108882521489975}}