{"0": {"start_sec": 2.8280802292263614, "end_sec": 3.4699140401146136}}