{"0": {"start_sec": 4.111747851002866, "end_sec": 4.934097421203439}, "1": {"start_sec": 5.535816618911175, "end_sec": 5.962750716332378}}