{"0": {"start_sec": 0.0, "end_sec": 0.8022922636103152}, "1": {"start_sec": 2.727793696275072, "end_sec": 3.570200573065903}, "2": {"start_sec": 4.773638968481376, "end_sec": 5.736389684813754}, "3": {"start_sec": 9.432664756446993, "end_sec": 9.853868194842407}}