{"0": {"start_sec": 0.6217765042979944, "end_sec": 1.022922636103152}, "1": {"start_sec": 2.9083094555873927, "end_sec": 4.392550143266476}}