{"0": {"start_sec": 2.6876790830945563, "end_sec": 3.1088825214899716}, "1": {"start_sec": 3.3295128939828085, "end_sec": 3.570200573065903}, "2": {"start_sec": 5.822349570200573, "end_sec": 6.659025787965617}}