{"0": {"start_sec": 2.2464183381088825, "end_sec": 2.667621776504298}, "1": {"start_sec": 3.489971346704871, "end_sec": 5.856733524355302}, "2": {"start_sec": 8.87106017191977, "end_sec": 9.191977077363898}}