{"0": {"start_sec": 1.504297994269341, "end_sec": 3.9312320916905446}, "1": {"start_sec": 6.765042979942693, "end_sec": 7.36676217765043}}