{"0": {"start_sec": 2.868194842406877, "end_sec": 3.5100286532951293}}