{"0": {"start_sec": 2.9083094555873927, "end_sec": 3.7507163323782238}}