{"0": {"start_sec": 2.7478510028653296, "end_sec": 4.532951289398281}}