{"0": {"start_sec": 1.8653295128939829, "end_sec": 3.40974212034384}}