{"0": {"start_sec": 0.4011461318051576, "end_sec": 1.4641833810888254}}