{"0": {"start_sec": 3.2893982808022924, "end_sec": 3.530085959885387}}