{"0": {"start_sec": 3.3295128939828085, "end_sec": 5.4756446991404015}, "1": {"start_sec": 6.017191977077364, "end_sec": 6.979942693409742}}