{"0": {"start_sec": 3.369627507163324, "end_sec": 4.432664756446992}}