{"0": {"start_sec": 4.051575931232092, "end_sec": 4.35243553008596}}