{"0": {"start_sec": 5.696275071633238, "end_sec": 6.979942693409742}}