{"0": {"start_sec": 9.512893982808023, "end_sec": 9.974212034383955}}