{"0": {"start_sec": 50.91750233603667, "end_sec": 52.615527767983075}, "1": {"start_sec": 70.3633826251763, "end_sec": 72.8987904619182}, "2": {"start_sec": 186.82931875881522, "end_sec": 188.55060481311705}, "3": {"start_sec": 214.27685313822283, "end_sec": 217.0913884432299}, "4": {"start_sec": 229.23343331276445, "end_sec": 230.53602816466855}, "5": {"start_sec": 242.32916369887164, "end_sec": 245.00413526974612}, "6": {"start_sec": 248.93518044781382, "end_sec": 251.14493957157967}, "7": {"start_sec": 255.4016334626234, "end_sec": 256.5646645803949}, "8": {"start_sec": 261.54243776445696, "end_sec": 264.68262178244004}, "9": {"start_sec": 270.54429861600846, "end_sec": 272.2190634255994}, "10": {"start_sec": 333.83645204513397, "end_sec": 337.25576353138223}, "11": {"start_sec": 394.56993701516217, "end_sec": 396.2214412023977}, "12": {"start_sec": 432.53127269922425, "end_sec": 433.53147946050774}, "13": {"start_sec": 437.8114339739069, "end_sec": 446.85981607016924}, "14": {"start_sec": 448.69740523624824, "end_sec": 452.3028017013399}, "15": {"start_sec": 520.5262070698167, "end_sec": 521.5961956981664}, "16": {"start_sec": 524.8061615832157, "end_sec": 526.8065751057828}, "17": {"start_sec": 576.4912644569816, "end_sec": 579.3057997619887}, "18": {"start_sec": 672.4180710507757, "end_sec": 678.7449603314527}, "19": {"start_sec": 682.1875324400564, "end_sec": 684.9555465003526}, "20": {"start_sec": 691.8872119622708, "end_sec": 694.1202317083921}, "21": {"start_sec": 695.9345602521156, "end_sec": 701.3077640162201}, "22": {"start_sec": 759.6686655059943, "end_sec": 763.6927531734838}, "23": {"start_sec": 830.1716118653032, "end_sec": 831.9161585419605}, "24": {"start_sec": 846.7796962270804, "end_sec": 847.407733030677}, "25": {"start_sec": 860.1312934590973, "end_sec": 862.4806163169958}, "26": {"start_sec": 865.4114547337799, "end_sec": 866.9233951868829}, "27": {"start_sec": 874.5063580747532, "end_sec": 878.3676213857545}, "28": {"start_sec": 882.066060340268, "end_sec": 884.5782075546545}, "29": {"start_sec": 911.0255351727785, "end_sec": 917.3059032087447}, "30": {"start_sec": 961.5941281734838, "end_sec": 963.5247598289844}, "31": {"start_sec": 970.8983771156559, "end_sec": 975.0852891396332}, "32": {"start_sec": 1077.7111549717913, "end_sec": 1078.9904892013399}, "33": {"start_sec": 1088.620386856488, "end_sec": 1090.5510185119888}, "34": {"start_sec": 1094.9007548924542, "end_sec": 1095.9474828984485}, "35": {"start_sec": 1146.3067302979548, "end_sec": 1149.0514837358955}, "36": {"start_sec": 1254.840794208392, "end_sec": 1257.3064201780676}, "37": {"start_sec": 1277.1477310472496, "end_sec": 1280.1716119534556}, "38": {"start_sec": 1296.6401325811, "end_sec": 1301.8039907440057}, "39": {"start_sec": 1354.117130421368, "end_sec": 1355.2801615391395}, "40": {"start_sec": 1358.0946968441467, "end_sec": 1364.6774529707334}, "41": {"start_sec": 1368.445673792313, "end_sec": 1370.0273961124824}, "42": {"start_sec": 1371.4928153208743, "end_sec": 1374.3073506258816}, "43": {"start_sec": 1419.6190429742594, "end_sec": 1420.3633828896332}, "44": {"start_sec": 1424.0385612217913, "end_sec": 1426.2250597232016}, "45": {"start_sec": 1434.9710537288433, "end_sec": 1437.3203765867418}, "46": {"start_sec": 1485.4233436177715, "end_sec": 1487.5167996297603}, "47": {"start_sec": 1501.194045574753, "end_sec": 1504.26444772567}, "48": {"start_sec": 1514.6852065409025, "end_sec": 1519.8723253261635}, "49": {"start_sec": 2065.2873983162904, "end_sec": 2068.055412376587}, "50": {"start_sec": 2091.874289668547, "end_sec": 2093.64209696756}}