{"0": {"start_sec": 2.861101796919102, "end_sec": 6.094379437339875}, "1": {"start_sec": 8.676349351632723, "end_sec": 9.53700598973034}, "2": {"start_sec": 19.74858069580746, "end_sec": 22.23750664922489}, "3": {"start_sec": 27.02927063430891, "end_sec": 29.471674607288634}, "4": {"start_sec": 41.078908726497026, "end_sec": 41.79999942328151}, "5": {"start_sec": 182.73833915932084, "end_sec": 185.80878986820963}, "6": {"start_sec": 227.39944037952145, "end_sec": 231.77250654066611}, "7": {"start_sec": 244.1473533370967, "end_sec": 246.9619331535781}, "8": {"start_sec": 249.45085910699552, "end_sec": 251.42804327559816}, "9": {"start_sec": 506.0661032013982, "end_sec": 509.36916381247556}, "10": {"start_sec": 510.55547431363715, "end_sec": 518.580515939142}, "11": {"start_sec": 524.4888074547309, "end_sec": 526.6055575646467}, "12": {"start_sec": 668.9395567138173, "end_sec": 672.4752272270832}, "13": {"start_sec": 675.6852438772851, "end_sec": 679.1743924101133}, "14": {"start_sec": 755.8193551812388, "end_sec": 758.0524102422488}, "15": {"start_sec": 830.3708288326675, "end_sec": 831.6036613142668}, "16": {"start_sec": 886.2669883285748, "end_sec": 888.0348235852077}, "17": {"start_sec": 904.9920854547527, "end_sec": 905.6666541710995}, "18": {"start_sec": 938.9763921644991, "end_sec": 941.5816230690108}, "19": {"start_sec": 950.2812334108623, "end_sec": 951.6536318337747}, "20": {"start_sec": 969.9600311360132, "end_sec": 974.635490170003}, "21": {"start_sec": 977.7757238495483, "end_sec": 979.2179052431173}, "22": {"start_sec": 995.9425572104736, "end_sec": 998.1058293008272}, "23": {"start_sec": 1012.9463410604563, "end_sec": 1016.5285335541599}, "24": {"start_sec": 1034.8581938466173, "end_sec": 1037.6960346533174}, "25": {"start_sec": 1092.7780594915648, "end_sec": 1096.1741640635178}, "26": {"start_sec": 1126.3669293675907, "end_sec": 1128.41389650685}, "27": {"start_sec": 1167.7482309669329, "end_sec": 1169.7951981061922}, "28": {"start_sec": 1174.3310911988688, "end_sec": 1177.7969787414781}, "29": {"start_sec": 1178.9832892426396, "end_sec": 1180.6115585579594}, "30": {"start_sec": 1275.4466156802291, "end_sec": 1278.0983685651786}, "31": {"start_sec": 1412.0118892551238, "end_sec": 1412.8260239127837}, "32": {"start_sec": 1425.0613047679012, "end_sec": 1428.3411043887597}, "33": {"start_sec": 1439.7389895959984, "end_sec": 1443.0653111972947}, "34": {"start_sec": 1460.3017049494658, "end_sec": 1466.8845651814015}, "35": {"start_sec": 1471.7461121371423, "end_sec": 1474.351343041654}, "36": {"start_sec": 1480.5155054496504, "end_sec": 1483.8418270509464}, "37": {"start_sec": 1500.6130009987405, "end_sec": 1505.5908529055755}, "38": {"start_sec": 1518.919400300979, "end_sec": 1521.803763088117}, "39": {"start_sec": 1553.3921878053216, "end_sec": 1555.7880697978635}, "40": {"start_sec": 1567.7907407507923, "end_sec": 1569.6516199683008}, "41": {"start_sec": 1603.496360736734, "end_sec": 1607.1018142206565}, "42": {"start_sec": 1732.6413784318142, "end_sec": 1738.9451067811237}, "43": {"start_sec": 1739.852285399659, "end_sec": 1744.1323075999283}, "44": {"start_sec": 1749.924294164423, "end_sec": 1753.9717064625038}, "45": {"start_sec": 1757.0421571713925, "end_sec": 1763.18305858917}, "46": {"start_sec": 1824.6618557376025, "end_sec": 1826.4529519844543}, "47": {"start_sec": 1837.7577932308175, "end_sec": 1839.455845516794}, "48": {"start_sec": 1840.5956340375178, "end_sec": 1849.527854281558}, "49": {"start_sec": 1857.343546995093, "end_sec": 1859.2974701734768}, "50": {"start_sec": 1906.0287995231554, "end_sec": 1908.1222886428525}, "51": {"start_sec": 1914.0073191682225, "end_sec": 1915.054063728071}, "52": {"start_sec": 1922.9860613927003, "end_sec": 1927.8010863680033}, "53": {"start_sec": 1954.2488322468407, "end_sec": 1959.784947918928}, "54": {"start_sec": 1991.931636401385, "end_sec": 1992.257290264449}, "55": {"start_sec": 2009.679771938371, "end_sec": 2012.4245687841958}, "56": {"start_sec": 2062.2263488427634, "end_sec": 2063.296354392831}, "57": {"start_sec": 2112.516609695927, "end_sec": 2117.8433764560446}, "58": {"start_sec": 2120.797522213839, "end_sec": 2124.7053685706064}}