{"0": {"start_sec": 84.65486098164301, "end_sec": 86.35307610988153}, "1": {"start_sec": 140.6726969925791, "end_sec": 142.58028110923055}, "2": {"start_sec": 154.44452378596537, "end_sec": 155.88684348392135}, "3": {"start_sec": 212.50952323916155, "end_sec": 213.32373597187865}, "4": {"start_sec": 230.93399421950267, "end_sec": 249.45151808358287}, "5": {"start_sec": 263.73513573753416, "end_sec": 266.5732486915766}, "6": {"start_sec": 274.4362173675303, "end_sec": 279.76349496159355}, "7": {"start_sec": 281.7408687410493, "end_sec": 292.97700445254526}, "8": {"start_sec": 295.95469673219634, "end_sec": 300.4444983726077}, "9": {"start_sec": 309.8661028511912, "end_sec": 313.91390329384194}, "10": {"start_sec": 314.91422179403725, "end_sec": 317.70580830621014}, "11": {"start_sec": 324.63824814477283, "end_sec": 325.2663551100117}, "12": {"start_sec": 365.60478021091, "end_sec": 368.60573571149587}, "13": {"start_sec": 375.39859622444993, "end_sec": 376.37565150371046}, "14": {"start_sec": 427.3686317927353, "end_sec": 436.69718338757974}, "15": {"start_sec": 440.0470872021872, "end_sec": 440.6984573883609}, "16": {"start_sec": 441.9314080979039, "end_sec": 446.81668449420647}, "17": {"start_sec": 447.56110756411925, "end_sec": 449.5617445645098}, "18": {"start_sec": 463.3800977997656, "end_sec": 466.26473719567764}, "19": {"start_sec": 473.6624414529358, "end_sec": 476.1516060929566}, "20": {"start_sec": 483.17709881525843, "end_sec": 484.7357346178883}, "21": {"start_sec": 519.58403957818, "end_sec": 522.142993881005}, "22": {"start_sec": 583.7672661372217, "end_sec": 585.0234800676996}, "23": {"start_sec": 590.2344415570889, "end_sec": 591.769814138784}, "24": {"start_sec": 604.9600604088009, "end_sec": 607.519014711626}, "25": {"start_sec": 650.1372354641322, "end_sec": 652.5798736622835}, "26": {"start_sec": 657.0231488608254, "end_sec": 661.0476860825413}, "27": {"start_sec": 797.8819516208827, "end_sec": 798.6496379117302}, "28": {"start_sec": 841.8727024085405, "end_sec": 842.849757687801}, "29": {"start_sec": 893.0983149069132, "end_sec": 896.4714819424554}, "30": {"start_sec": 1152.3669122249707, "end_sec": 1153.762705481057}, "31": {"start_sec": 1158.6712450982945, "end_sec": 1159.9041958078376}, "32": {"start_sec": 1162.1374650175758, "end_sec": 1163.9985226923577}, "33": {"start_sec": 1253.4921336284337, "end_sec": 1254.911190105455}, "34": {"start_sec": 1440.0631655253221, "end_sec": 1442.0638025257128}, "35": {"start_sec": 1536.675322067439, "end_sec": 1537.60585090483}, "36": {"start_sec": 1697.3078626220545, "end_sec": 1702.9375620882697}, "37": {"start_sec": 1717.128126858482, "end_sec": 1719.0357109751335}, "38": {"start_sec": 1721.2224537430022, "end_sec": 1723.6883551620883}, "39": {"start_sec": 1730.2253202447598, "end_sec": 1731.7839560473897}, "40": {"start_sec": 1732.8075377685198, "end_sec": 1737.6695509438875}, "41": {"start_sec": 1741.2753501887776, "end_sec": 1744.834622991798}, "42": {"start_sec": 1753.1395928655122, "end_sec": 1756.1870748079677}, "43": {"start_sec": 1767.4232105194635, "end_sec": 1768.3537393568545}, "44": {"start_sec": 1769.0516359848978, "end_sec": 1770.6335350084623}}