{"0": {"start_sec": 62.819855675104655, "end_sec": 64.16881962518096}, "1": {"start_sec": 266.97857211941, "end_sec": 269.37414603075234}, "2": {"start_sec": 337.7526635001369, "end_sec": 342.3112313314292}, "3": {"start_sec": 390.0831615634414, "end_sec": 395.24643737235414}, "4": {"start_sec": 568.5650469580187, "end_sec": 570.7280408779686}, "5": {"start_sec": 915.3883301224618, "end_sec": 919.5747699675261}, "6": {"start_sec": 922.4355038616534, "end_sec": 928.3197776438827}, "7": {"start_sec": 995.9540391408115, "end_sec": 1001.768538925623}, "8": {"start_sec": 1003.6291788567628, "end_sec": 1004.7688208145859}, "9": {"start_sec": 1005.7921727767126, "end_sec": 1006.8852987362573}, "10": {"start_sec": 1351.8246839704213, "end_sec": 1355.6389958292577}, "11": {"start_sec": 1356.987959779334, "end_sec": 1358.2904077311318}, "12": {"start_sec": 1437.111766814038, "end_sec": 1439.6003727219374}, "13": {"start_sec": 1474.952531413592, "end_sec": 1478.9529072655425}, "14": {"start_sec": 1587.451473250127, "end_sec": 1589.6609831683554}, "15": {"start_sec": 1623.4083399194021, "end_sec": 1625.3387538479597}, "16": {"start_sec": 1649.061912969991, "end_sec": 1651.4807448804727}, "17": {"start_sec": 1662.853906459564, "end_sec": 1664.3656764036152}, "18": {"start_sec": 1694.4382692906609, "end_sec": 1697.3455191830665}, "19": {"start_sec": 1791.7729956884073, "end_sec": 1793.2615076333188}, "20": {"start_sec": 1831.4046262216832, "end_sec": 1832.3814621855315}, "21": {"start_sec": 1845.638521694902, "end_sec": 1847.452645627763}, "22": {"start_sec": 1989.465988372002, "end_sec": 1992.6290762549395}, "23": {"start_sec": 2000.4205059665871, "end_sec": 2005.700071771196}, "24": {"start_sec": 2039.8428145076098, "end_sec": 2046.3550542665987}, "25": {"start_sec": 2083.8469488790643, "end_sec": 2084.1027868695955}, "26": {"start_sec": 2237.3730011972298, "end_sec": 2240.1407030948003}, "27": {"start_sec": 2259.2122623889823, "end_sec": 2262.8172522555656}, "28": {"start_sec": 2340.3826793849526, "end_sec": 2343.2201552799406}, "29": {"start_sec": 2359.0821106929066, "end_sec": 2360.9427506240463}, "30": {"start_sec": 2379.4328599397472, "end_sec": 2381.1539518760515}, "31": {"start_sec": 2384.317039758989, "end_sec": 2390.6897315231427}, "32": {"start_sec": 2399.783609186588, "end_sec": 2401.5279591220315}, "33": {"start_sec": 2403.4583730505888, "end_sec": 2407.923908885324}, "34": {"start_sec": 2487.094137955319, "end_sec": 2488.1872639148637}, "35": {"start_sec": 2552.7979855236904, "end_sec": 2556.286685394577}, "36": {"start_sec": 2558.8450652998945, "end_sec": 2559.4730312766537}, "37": {"start_sec": 2560.682447231895, "end_sec": 2563.7990191165536}, "38": {"start_sec": 2571.5904488282013, "end_sec": 2572.916154779138}, "39": {"start_sec": 2693.601912312688, "end_sec": 2695.276488250714}, "40": {"start_sec": 2723.1395712195313, "end_sec": 2724.0931491842402}}