{"0": {"start_sec": 166.98431413743145, "end_sec": 167.44951629410352}, "1": {"start_sec": 751.1386622705215, "end_sec": 754.0229156418883}, "2": {"start_sec": 866.6483577721909, "end_sec": 867.7881030560375}, "3": {"start_sec": 945.7094642986054, "end_sec": 947.0352904451207}, "4": {"start_sec": 1032.5161867336094, "end_sec": 1035.470220428477}, "5": {"start_sec": 1422.3090738091182, "end_sec": 1423.076657367627}, "6": {"start_sec": 1448.1975738279175, "end_sec": 1449.7327409449354}, "7": {"start_sec": 1485.2276654990126, "end_sec": 1486.4139309985262}, "8": {"start_sec": 1512.4652517721609, "end_sec": 1512.860673605332}, "9": {"start_sec": 1568.4058111119746, "end_sec": 1569.615336719322}, "10": {"start_sec": 1611.6230914668079, "end_sec": 1612.6465362114864}, "11": {"start_sec": 1647.6995187167252, "end_sec": 1648.4205820595669}, "12": {"start_sec": 1673.5182384120237, "end_sec": 1676.2396710285552}, "13": {"start_sec": 1686.7764998771772, "end_sec": 1688.893169690035}, "14": {"start_sec": 2293.9583547655334, "end_sec": 2296.214585225393}}