{"0": {"start_sec": 248.62802092487965, "end_sec": 250.7214367620243}, "1": {"start_sec": 319.89720009167087, "end_sec": 320.4787044908777}, "2": {"start_sec": 684.314376986618, "end_sec": 685.337824729222}, "3": {"start_sec": 1168.3353787104295, "end_sec": 1169.5914282127162}, "4": {"start_sec": 1329.6679592263772, "end_sec": 1330.9937892565688}, "5": {"start_sec": 1341.972592313594, "end_sec": 1342.8564790003884}, "6": {"start_sec": 1455.08682804731, "end_sec": 1458.2967323309317}, "7": {"start_sec": 1482.7896976255242, "end_sec": 1485.1157152223516}, "8": {"start_sec": 1885.5861648681232, "end_sec": 1887.423718769617}, "9": {"start_sec": 1897.286033380165, "end_sec": 1898.053619187118}, "10": {"start_sec": 2038.7544236192068, "end_sec": 2039.6848306579377}, "11": {"start_sec": 2083.2511402465148, "end_sec": 2084.0885065813727}, "12": {"start_sec": 2122.7236588646756, "end_sec": 2123.444724319692}, "13": {"start_sec": 2192.1087637780365, "end_sec": 2193.6206752159746}, "14": {"start_sec": 2298.221686545302, "end_sec": 2300.9663873095583}}