{"0": {"start_sec": 315.43476235029937, "end_sec": 318.06454899229317}, "1": {"start_sec": 358.2327945151364, "end_sec": 359.95495567891993}, "2": {"start_sec": 364.60944531076734, "end_sec": 366.75051054141716}, "3": {"start_sec": 381.7379671559658, "end_sec": 383.08776914920156}, "4": {"start_sec": 396.1436125665336, "end_sec": 398.7733992085274}, "5": {"start_sec": 404.7544183854513, "end_sec": 406.8722111679419}, "6": {"start_sec": 475.22339141162115, "end_sec": 476.5499209566977}, "7": {"start_sec": 481.6233146554114, "end_sec": 483.67129009342426}, "8": {"start_sec": 488.8145011366156, "end_sec": 491.14174595253934}, "9": {"start_sec": 501.8470721057884, "end_sec": 506.7342862192282}, "10": {"start_sec": 529.2852884855289, "end_sec": 530.2860037563761}, "11": {"start_sec": 654.1187004116766, "end_sec": 655.631409542027}, "12": {"start_sec": 780.3717316755377, "end_sec": 781.6982612206143}, "13": {"start_sec": 964.0146201000775, "end_sec": 965.0618802672433}, "14": {"start_sec": 971.2756239257595, "end_sec": 972.2297943002883}}