{"0": {"start_sec": 269.96206490673967, "end_sec": 270.63662116059936}, "1": {"start_sec": 690.071047698453, "end_sec": 690.5129983475334}, "2": {"start_sec": 767.8776224970954, "end_sec": 769.7152067748511}, "3": {"start_sec": 980.8047931119752, "end_sec": 981.3630465634453}, "4": {"start_sec": 1515.8907263460471, "end_sec": 1517.077014930421}, "5": {"start_sec": 1802.2747469501983, "end_sec": 1804.7171058003798}, "6": {"start_sec": 2135.62183915927, "end_sec": 2137.4594234370256}}