{"0": {"start_sec": 170.91458893968542, "end_sec": 172.10084969579918}, "1": {"start_sec": 321.10450466961856, "end_sec": 322.9653058556794}, "2": {"start_sec": 325.68672759029334, "end_sec": 327.19862855396775}, "3": {"start_sec": 850.1302818667069, "end_sec": 850.99090241526}, "4": {"start_sec": 860.690328597602, "end_sec": 862.3650496650567}, "5": {"start_sec": 864.8073512217616, "end_sec": 866.7379324522997}, "6": {"start_sec": 883.2990630082409, "end_sec": 883.7875233195819}, "7": {"start_sec": 887.7417258399611, "end_sec": 888.9512466109006}, "8": {"start_sec": 891.9052684937722, "end_sec": 892.4867688644161}, "9": {"start_sec": 906.5590778340011, "end_sec": 908.5129190793649}, "10": {"start_sec": 935.6806163958527, "end_sec": 938.0531379080802}, "11": {"start_sec": 956.8704899021202, "end_sec": 957.1961301096808}, "12": {"start_sec": 963.5926341867648, "end_sec": 965.0580151207878}, "13": {"start_sec": 1002.3903389161328, "end_sec": 1005.2978407693528}, "14": {"start_sec": 1009.8568036752017, "end_sec": 1010.3452639865427}, "15": {"start_sec": 1018.7421293386421, "end_sec": 1021.5333311177334}, "16": {"start_sec": 1029.2323960250599, "end_sec": 1031.837517685545}, "17": {"start_sec": 1165.466302859537, "end_sec": 1168.5598848313632}, "18": {"start_sec": 1182.9810940233344, "end_sec": 1185.7722958024256}, "19": {"start_sec": 1498.2240749568614, "end_sec": 1500.689636528392}, "20": {"start_sec": 1544.6278045342528, "end_sec": 1545.4186450383288}, "21": {"start_sec": 1597.7071583666375, "end_sec": 1599.4749194933952}, "22": {"start_sec": 1667.4872028439179, "end_sec": 1669.5806041782364}, "23": {"start_sec": 1728.1260614946746, "end_sec": 1729.149502147008}, "24": {"start_sec": 1742.337930553214, "end_sec": 1747.1760136369721}, "25": {"start_sec": 1767.9006868467243, "end_sec": 1768.7613073952775}, "26": {"start_sec": 1802.6744090112356, "end_sec": 1807.9544323766834}, "27": {"start_sec": 1842.1466541705506, "end_sec": 1844.5889557272556}, "28": {"start_sec": 2090.6101325393206, "end_sec": 2091.98247341404}, "29": {"start_sec": 2099.4256781582835, "end_sec": 2101.984279789117}, "30": {"start_sec": 2170.3454633620263, "end_sec": 2171.4852040884884}, "31": {"start_sec": 2202.769924029136, "end_sec": 2204.2585649779844}}