{"0": {"start_sec": 180.41333418546688, "end_sec": 182.87869623570015}, "1": {"start_sec": 203.55517607209052, "end_sec": 204.0203387230779}, "2": {"start_sec": 204.48550137406534, "end_sec": 206.8578308941011}, "3": {"start_sec": 259.53750111842527, "end_sec": 261.14231226433185}, "4": {"start_sec": 465.97668562663773, "end_sec": 467.60475490509367}, "5": {"start_sec": 486.4205841375344, "end_sec": 486.74619799322556}, "6": {"start_sec": 957.4210263948362, "end_sec": 958.1885447689654}, "7": {"start_sec": 1099.6910231993354, "end_sec": 1101.8772876589762}, "8": {"start_sec": 1125.8331641848279, "end_sec": 1126.1122617754204}, "9": {"start_sec": 1134.880577746533, "end_sec": 1135.9737099763533}, "10": {"start_sec": 1178.7454157346458, "end_sec": 1180.7921313989903}, "11": {"start_sec": 1338.3892375535247, "end_sec": 1340.0405649645302}, "12": {"start_sec": 1465.5647063334825, "end_sec": 1468.6580379625489}, "13": {"start_sec": 1482.6361756247206, "end_sec": 1484.0316635776828}, "14": {"start_sec": 1551.5267642359559, "end_sec": 1553.0152847191157}, "15": {"start_sec": 1687.8426791078164, "end_sec": 1688.4473905541}, "16": {"start_sec": 1881.5131488464244, "end_sec": 1882.7225717389917}, "17": {"start_sec": 1885.629838307663, "end_sec": 1887.9556515626}, "18": {"start_sec": 2071.090187256343, "end_sec": 2073.43925864383}, "19": {"start_sec": 2087.9290752220877, "end_sec": 2089.8129839585863}, "20": {"start_sec": 2122.793015913594, "end_sec": 2124.04895507126}, "21": {"start_sec": 2173.705068064166, "end_sec": 2175.03078161948}, "22": {"start_sec": 2342.7451754329904, "end_sec": 2345.72221639931}, "23": {"start_sec": 2464.1526273407044, "end_sec": 2466.013277944654}, "24": {"start_sec": 2574.628756950214, "end_sec": 2575.2102102639487}, "25": {"start_sec": 2713.898454655845, "end_sec": 2714.875296222918}, "26": {"start_sec": 2734.0167393110505, "end_sec": 2735.1563878059696}, "27": {"start_sec": 2766.4385760848727, "end_sec": 2770.718072473957}, "28": {"start_sec": 2881.984978590145, "end_sec": 2882.2873343132874}}