{"0": {"start_sec": 131.32729982965532, "end_sec": 132.8624754918511}, "1": {"start_sec": 190.26874116305004, "end_sec": 190.92002780761794}, "2": {"start_sec": 205.7135387342316, "end_sec": 206.5509072772475}, "3": {"start_sec": 563.3629475512313, "end_sec": 563.6885908735153}, "4": {"start_sec": 914.499489922552, "end_sec": 917.3372388738836}, "5": {"start_sec": 1086.299602664641, "end_sec": 1087.1602314449628}, "6": {"start_sec": 1388.7059478798994, "end_sec": 1390.241123542095}, "7": {"start_sec": 1433.2260420835764, "end_sec": 1435.7846681872359}, "8": {"start_sec": 1523.0338183220283, "end_sec": 1524.01074828888}, "9": {"start_sec": 1544.9914823388888, "end_sec": 1546.1544942041885}, "10": {"start_sec": 1691.2518545189937, "end_sec": 1692.5311675708235}, "11": {"start_sec": 1702.998274358522, "end_sec": 1703.4634791046417}, "12": {"start_sec": 1724.0255288831427, "end_sec": 1727.421523529818}, "13": {"start_sec": 1977.6086359931146, "end_sec": 1982.446765352762}, "14": {"start_sec": 2258.1038376661245, "end_sec": 2259.3831507179543}}