{"0": {"start_sec": 162.49919794282647, "end_sec": 162.70863411373946}, "1": {"start_sec": 172.59867551796418, "end_sec": 173.55277362990117}, "2": {"start_sec": 279.3413106266202, "end_sec": 282.62247730425713}, "3": {"start_sec": 289.39424683044393, "end_sec": 290.6974052272359}, "4": {"start_sec": 308.1969608412994, "end_sec": 311.9668119177333}, "5": {"start_sec": 349.40934513984524, "end_sec": 352.3647222182842}, "6": {"start_sec": 363.4182979053589, "end_sec": 365.6290130427738}, "7": {"start_sec": 386.47954739144524, "end_sec": 390.57518806707714}, "8": {"start_sec": 409.8200451054156, "end_sec": 410.9835793882655}, "9": {"start_sec": 429.60012791386504, "end_sec": 432.7183997919029}, "10": {"start_sec": 527.8256920720593, "end_sec": 528.8263315553103}, "11": {"start_sec": 618.1857644781878, "end_sec": 621.2574949849117}, "12": {"start_sec": 625.2135115466016, "end_sec": 627.1217077704755}, "13": {"start_sec": 658.5138627217676, "end_sec": 660.9107433444386}, "14": {"start_sec": 881.4470313158215, "end_sec": 883.0061672548404}, "15": {"start_sec": 899.574895442624, "end_sec": 900.4359108119329}}