{"0": {"start_sec": 269.1749573147166, "end_sec": 271.1755662792889}, "1": {"start_sec": 647.7320466226747, "end_sec": 648.7556139998977}, "2": {"start_sec": 653.6873477265177, "end_sec": 667.7381362683973}, "3": {"start_sec": 739.4576413588192, "end_sec": 743.4355963930268}, "4": {"start_sec": 947.9164428882614, "end_sec": 948.7306442110524}, "5": {"start_sec": 1011.0286768520351, "end_sec": 1011.7265637001417}, "6": {"start_sec": 1088.7034830463, "end_sec": 1090.6343033260616}, "7": {"start_sec": 1139.3235424289655, "end_sec": 1139.881851907451}, "8": {"start_sec": 1567.6864897967982, "end_sec": 1568.151747695536}, "9": {"start_sec": 1752.8823963893537, "end_sec": 1754.7899537741785}, "10": {"start_sec": 1769.8875725882178, "end_sec": 1774.8658321047117}}