{"0": {"start_sec": 65.45947530236508, "end_sec": 67.13434460647677}, "1": {"start_sec": 131.24461963608522, "end_sec": 134.850241054659}, "2": {"start_sec": 168.41741335789737, "end_sec": 169.81313777799045}, "3": {"start_sec": 393.8966934239332, "end_sec": 400.22397746168843}, "4": {"start_sec": 622.9583328348746, "end_sec": 627.8433683052003}, "5": {"start_sec": 658.8051883575982, "end_sec": 661.8059958607984}, "6": {"start_sec": 719.7052972209926, "end_sec": 721.0544974937493}, "7": {"start_sec": 786.9792142694787, "end_sec": 787.4211936691748}, "8": {"start_sec": 1231.0056764484214, "end_sec": 1232.5177112368556}, "9": {"start_sec": 1390.2113086337044, "end_sec": 1391.3976743907835}, "10": {"start_sec": 1393.3284265052457, "end_sec": 1395.6313717983992}, "11": {"start_sec": 1450.0181000346927, "end_sec": 1451.8092797071454}, "12": {"start_sec": 1515.4543132633896, "end_sec": 1521.1535213121028}, "13": {"start_sec": 1611.0846981134332, "end_sec": 1613.4574296275914}, "14": {"start_sec": 1784.5965056046703, "end_sec": 1788.0858166549028}, "15": {"start_sec": 1854.0105334306324, "end_sec": 1859.5003828163317}, "16": {"start_sec": 1862.5477144668682, "end_sec": 1865.9439772224282}}