{"0": {"start_sec": 249.03118571180795, "end_sec": 252.70915611211322}, "1": {"start_sec": 283.1804425298321, "end_sec": 284.6702533248925}, "2": {"start_sec": 307.2269198938532, "end_sec": 314.51302581344527}, "3": {"start_sec": 330.03964769321493, "end_sec": 331.1337274958374}, "4": {"start_sec": 337.81459777993615, "end_sec": 339.3044085749965}, "5": {"start_sec": 355.5992141459692, "end_sec": 359.3702977209657}, "6": {"start_sec": 361.37223097682806, "end_sec": 364.93380990876926}, "7": {"start_sec": 492.91786852192314, "end_sec": 493.9188351498543}, "8": {"start_sec": 500.46003567191616, "end_sec": 503.2534309126544}, "9": {"start_sec": 513.0768708425836, "end_sec": 516.2892753694325}, "10": {"start_sec": 551.1368809976411, "end_sec": 553.8604413573609}}