{"0": {"start_sec": 152.8276401537476, "end_sec": 156.20054849808452}, "1": {"start_sec": 275.7875953824706, "end_sec": 277.9741704470752}, "2": {"start_sec": 546.2715831614321, "end_sec": 547.2950863831619}, "3": {"start_sec": 719.5692877497761, "end_sec": 722.9189346572555}, "4": {"start_sec": 729.4786598510693, "end_sec": 730.734777441374}, "5": {"start_sec": 901.5202468491085, "end_sec": 903.9626977191456}, "6": {"start_sec": 1000.7767979200432, "end_sec": 1002.7540200529303}, "7": {"start_sec": 1022.8519014978067, "end_sec": 1023.0845158663817}, "8": {"start_sec": 1115.1532829483501, "end_sec": 1116.781583528375}, "9": {"start_sec": 1698.340766402628, "end_sec": 1700.4110342829454}, "10": {"start_sec": 1866.986183619473, "end_sec": 1867.823595346343}, "11": {"start_sec": 1980.5717797946252, "end_sec": 1981.1067928423474}}