{"0": {"start_sec": 328.28514490574764, "end_sec": 328.61084769284145}, "1": {"start_sec": 427.6244949693535, "end_sec": 429.78809205504797}, "2": {"start_sec": 488.1586843992136, "end_sec": 488.6239740950619}, "3": {"start_sec": 494.6727401410894, "end_sec": 497.53427177055624}, "4": {"start_sec": 699.2838838903666, "end_sec": 700.2842567364404}, "5": {"start_sec": 730.9933766624263, "end_sec": 731.9472205389152}, "6": {"start_sec": 732.947593384989, "end_sec": 735.3438353186076}, "7": {"start_sec": 778.7786284260437, "end_sec": 780.197761998381}, "8": {"start_sec": 803.32265988204, "end_sec": 803.8810075170579}, "9": {"start_sec": 834.8925657453452, "end_sec": 837.4981880420955}, "10": {"start_sec": 855.7840730889326, "end_sec": 857.9011412050422}, "11": {"start_sec": 867.4163154851393, "end_sec": 872.511237654678}, "12": {"start_sec": 917.5280157279982, "end_sec": 919.5054969353533}, "13": {"start_sec": 926.7872806753787, "end_sec": 927.531744188736}, "14": {"start_sec": 966.4997562160287, "end_sec": 967.360542153348}, "15": {"start_sec": 1329.472247947265, "end_sec": 1330.1236535214525}}