{"0": {"start_sec": 2341.198316436281, "end_sec": 2342.4309422560327}, "1": {"start_sec": 2482.5781722527054, "end_sec": 2484.7410817100053}}