{"0": {"start_sec": 32.42204855392318, "end_sec": 33.60822106199355}, "1": {"start_sec": 41.027613808551294, "end_sec": 42.12075317873378}, "2": {"start_sec": 149.20189488767377, "end_sec": 150.5741336715199}, "3": {"start_sec": 414.3230795836353, "end_sec": 414.8812784109625}, "4": {"start_sec": 422.8821282693195, "end_sec": 425.06840700968445}, "5": {"start_sec": 627.4619984847487, "end_sec": 631.7415228275908}, "6": {"start_sec": 785.013617497859, "end_sec": 786.1532734369854}, "7": {"start_sec": 834.9956708281179, "end_sec": 836.0422936293564}, "8": {"start_sec": 849.2297409249622, "end_sec": 854.7884709137625}, "9": {"start_sec": 945.7283631991568, "end_sec": 946.6121780090916}, "10": {"start_sec": 953.3803387904343, "end_sec": 953.8920210488175}, "11": {"start_sec": 998.3386026747481, "end_sec": 998.9433180710192}, "12": {"start_sec": 1069.183337176362, "end_sec": 1070.9277085117596}, "13": {"start_sec": 1072.2999472956058, "end_sec": 1076.0445310955927}, "14": {"start_sec": 1078.9750749390607, "end_sec": 1079.416982344028}, "15": {"start_sec": 1279.4614870874236, "end_sec": 1283.1828126029384}, "16": {"start_sec": 1527.0459252915214, "end_sec": 1528.3018726530076}, "17": {"start_sec": 1698.831614401476, "end_sec": 1700.0410451940181}, "18": {"start_sec": 1704.6461855194677, "end_sec": 1712.7400685157127}, "19": {"start_sec": 1826.682404143883, "end_sec": 1829.0780074444958}, "20": {"start_sec": 1986.3970436128864, "end_sec": 1991.5371244811913}, "21": {"start_sec": 1999.700782330852, "end_sec": 2001.0032462612821}, "22": {"start_sec": 2028.2154390934845, "end_sec": 2029.3085784636671}, "23": {"start_sec": 2333.1780650899273, "end_sec": 2334.806145002965}, "24": {"start_sec": 2410.8607352262998, "end_sec": 2413.3261133803285}, "25": {"start_sec": 2494.4510096185522, "end_sec": 2495.6139238421506}, "26": {"start_sec": 2805.7398889913698, "end_sec": 2808.6936911193097}}