{"0": {"start_sec": 1175.6901526577776, "end_sec": 1177.876660934721}, "1": {"start_sec": 2171.0166331940686, "end_sec": 2171.5516299001292}}