{"0": {"start_sec": 1715.447003118143, "end_sec": 1716.6564730338375}, "1": {"start_sec": 2017.3958193786812, "end_sec": 2019.6752049890288}, "2": {"start_sec": 2430.3600184778843, "end_sec": 2431.6160064672595}}