{"0": {"start_sec": 561.9607813374024, "end_sec": 564.4734816928069}, "1": {"start_sec": 802.7147005756007, "end_sec": 805.669450067604}, "2": {"start_sec": 1041.7702204994978, "end_sec": 1042.2122696360966}}