{"0": {"start_sec": 201.52129408033218, "end_sec": 202.4051594052459}, "1": {"start_sec": 227.50228271003337, "end_sec": 229.29327297367436}, "2": {"start_sec": 229.8515037051988, "end_sec": 231.34011898926406}, "3": {"start_sec": 378.9223686360447, "end_sec": 380.9459550378209}, "4": {"start_sec": 394.04111761483233, "end_sec": 400.01883836490686}, "5": {"start_sec": 447.3754120892324, "end_sec": 449.1198831252463}, "6": {"start_sec": 488.8007842911104, "end_sec": 490.3126591889892}, "7": {"start_sec": 654.5953115538767, "end_sec": 657.4795036667532}, "8": {"start_sec": 661.1777822631028, "end_sec": 661.8290514498814}, "9": {"start_sec": 889.6337091394904, "end_sec": 894.7275645646512}, "10": {"start_sec": 925.6395913228185, "end_sec": 928.1981488423056}, "11": {"start_sec": 1049.217919514047, "end_sec": 1051.055429005315}, "12": {"start_sec": 1087.410205395846, "end_sec": 1089.1779360456735}, "13": {"start_sec": 1115.717155406899, "end_sec": 1123.7184625587497}, "14": {"start_sec": 1133.6968368847497, "end_sec": 1137.4416347087263}, "15": {"start_sec": 2025.1447959016946, "end_sec": 2025.9821419989812}, "16": {"start_sec": 2030.308430168296, "end_sec": 2032.2157185010044}, "17": {"start_sec": 2034.6812375652376, "end_sec": 2037.1932758570977}, "18": {"start_sec": 2184.9616024143866, "end_sec": 2191.3114769854774}, "19": {"start_sec": 2241.2033486154764, "end_sec": 2244.6457714598773}, "20": {"start_sec": 2262.1602606614574, "end_sec": 2263.9977701527255}, "21": {"start_sec": 2318.9137183664448, "end_sec": 2319.518468325596}, "22": {"start_sec": 2325.0309967994003, "end_sec": 2328.031486981344}, "23": {"start_sec": 2365.0142729448403, "end_sec": 2366.6424459117866}, "24": {"start_sec": 2388.8553771036977, "end_sec": 2390.762665436406}, "25": {"start_sec": 2414.1618369328066, "end_sec": 2416.23194256221}}