{"0": {"start_sec": 2.226361031518625, "end_sec": 4.051575931232092}, "1": {"start_sec": 5.255014326647565, "end_sec": 5.896848137535817}, "2": {"start_sec": 6.825214899713467, "end_sec": 6.845272206303725}, "3": {"start_sec": 6.865329512893982, "end_sec": 6.885386819484241}, "4": {"start_sec": 6.945558739255015, "end_sec": 7.487106017191977}, "5": {"start_sec": 8.088825214899714, "end_sec": 8.97134670487106}, "6": {"start_sec": 9.07163323782235, "end_sec": 9.091690544412607}, "7": {"start_sec": 9.17191977077364, "end_sec": 9.191977077363898}, "8": {"start_sec": 9.412607449856733, "end_sec": 9.93409742120344}}