{"0": {"start_sec": 1.1232091690544412, "end_sec": 1.1633237822349571}, "1": {"start_sec": 1.2034383954154728, "end_sec": 4.051575931232092}, "2": {"start_sec": 4.252148997134671, "end_sec": 4.312320916905445}, "3": {"start_sec": 4.332378223495702, "end_sec": 5.054441260744986}, "4": {"start_sec": 5.862464183381089, "end_sec": 6.5243553008595985}, "5": {"start_sec": 6.604584527220631, "end_sec": 6.6647564469914045}, "6": {"start_sec": 6.724928366762178, "end_sec": 6.825214899713467}}