{"0": {"start_sec": 9.53295128939828, "end_sec": 10.034383954154729}}