{"0": {"start_sec": 1.0830945558739256, "end_sec": 1.1031518624641834}, "1": {"start_sec": 1.1432664756446993, "end_sec": 2.4269340974212037}, "2": {"start_sec": 4.091690544412608, "end_sec": 5.616045845272207}, "3": {"start_sec": 6.6647564469914045, "end_sec": 8.389684813753583}, "4": {"start_sec": 8.449856733524356, "end_sec": 8.830945558739256}}