{"0": {"start_sec": 0.4011461318051576, "end_sec": 0.48137535816618915}, "1": {"start_sec": 0.5214899713467049, "end_sec": 0.7020057306590258}, "2": {"start_sec": 0.7621776504297995, "end_sec": 0.7822349570200574}, "3": {"start_sec": 0.8825214899713467, "end_sec": 0.9025787965616047}, "4": {"start_sec": 0.9226361031518625, "end_sec": 0.9426934097421205}, "5": {"start_sec": 1.022922636103152, "end_sec": 1.0429799426934099}, "6": {"start_sec": 1.0630372492836677, "end_sec": 1.885386819484241}, "7": {"start_sec": 2.9684813753581665, "end_sec": 6.845272206303725}, "8": {"start_sec": 5.0, "end_sec": 6.845272206303725}, "9": {"start_sec": 9.813753581661892, "end_sec": 9.994269340974213}}