{"0": {"start_sec": 7.74785100286533, "end_sec": 7.767908309455588}, "1": {"start_sec": 7.787965616045845, "end_sec": 7.808022922636104}, "2": {"start_sec": 7.828080229226361, "end_sec": 7.908309455587393}, "3": {"start_sec": 7.928366762177651, "end_sec": 10.034383954154729}}