{"0": {"start_sec": 5.140401146131805, "end_sec": 5.361031518624642}, "1": {"start_sec": 5.762177650429799, "end_sec": 6.1833810888252145}, "2": {"start_sec": 6.203438395415473, "end_sec": 6.223495702005731}, "3": {"start_sec": 6.504297994269341, "end_sec": 7.928366762177651}, "4": {"start_sec": 7.948424068767908, "end_sec": 8.048710601719197}}