{"0": {"start_sec": 0.4212034383954155, "end_sec": 0.7621776504297995}, "1": {"start_sec": 1.1232091690544412, "end_sec": 1.1432664756446993}, "2": {"start_sec": 1.2234957020057307, "end_sec": 1.32378223495702}, "3": {"start_sec": 7.166189111747851, "end_sec": 7.26647564469914}, "4": {"start_sec": 8.10888252148997, "end_sec": 8.931232091690545}, "5": {"start_sec": 9.091690544412607, "end_sec": 9.412607449856733}}