{"0": {"start_sec": 6.157593123209169, "end_sec": 7.306590257879656}, "1": {"start_sec": 8.10888252148997, "end_sec": 8.349570200573066}}