{"0": {"start_sec": 6.163323782234957, "end_sec": 6.263610315186247}, "1": {"start_sec": 6.303724928366762, "end_sec": 6.383954154727794}, "2": {"start_sec": 6.404011461318052, "end_sec": 6.4240687679083095}, "3": {"start_sec": 6.444126074498568, "end_sec": 6.464183381088826}}