{"0": {"start_sec": 0.24068767908309457, "end_sec": 1.0429799426934099}, "1": {"start_sec": 1.0630372492836677, "end_sec": 1.4040114613180517}, "2": {"start_sec": 1.5845272206303727, "end_sec": 1.6045845272206305}, "3": {"start_sec": 1.6246418338108883, "end_sec": 1.6446991404011462}, "4": {"start_sec": 1.8252148997134672, "end_sec": 1.845272206303725}, "5": {"start_sec": 6.002865329512894, "end_sec": 6.464183381088826}}