{"0": {"start_sec": 8.530085959885387, "end_sec": 8.790830945558739}}