{"0": {"start_sec": 6.81948424068768, "end_sec": 6.939828080229227}}