{"0": {"start_sec": 4.793696275071634, "end_sec": 8.449856733524356}, "1": {"start_sec": 9.512893982808023, "end_sec": 10.01432664756447}}