{"0": {"start_sec": 0.66189111747851, "end_sec": 0.7020057306590258}, "1": {"start_sec": 0.8624641833810889, "end_sec": 0.9025787965616047}, "2": {"start_sec": 3.69054441260745, "end_sec": 3.7306590257879657}, "3": {"start_sec": 3.7507163323782238, "end_sec": 4.713467048710602}}