{"0": {"start_sec": 2.6876790830945563, "end_sec": 8.30945558739255}, "1": {"start_sec": 5.0, "end_sec": 8.30945558739255}, "2": {"start_sec": 8.851002865329512, "end_sec": 8.87106017191977}, "3": {"start_sec": 8.931232091690545, "end_sec": 8.97134670487106}, "4": {"start_sec": 8.991404011461318, "end_sec": 9.974212034383955}}