{"0": {"start_sec": 7.306590257879656, "end_sec": 7.326647564469914}, "1": {"start_sec": 7.426934097421204, "end_sec": 7.948424068767908}, "2": {"start_sec": 7.9684813753581665, "end_sec": 7.988538681948424}, "3": {"start_sec": 8.048710601719197, "end_sec": 8.088825214899714}, "4": {"start_sec": 8.148997134670488, "end_sec": 8.169054441260744}}