{"0": {"start_sec": 0.7220630372492838, "end_sec": 1.5444126074498568}, "1": {"start_sec": 1.7249283667621778, "end_sec": 1.8051575931232093}, "2": {"start_sec": 1.845272206303725, "end_sec": 1.8653295128939829}, "3": {"start_sec": 2.888252148997135, "end_sec": 2.9083094555873927}, "4": {"start_sec": 8.02865329512894, "end_sec": 8.911174785100286}, "5": {"start_sec": 8.931232091690545, "end_sec": 8.951289398280803}}