{"0": {"start_sec": 0.12034383954154729, "end_sec": 0.3610315186246419}, "1": {"start_sec": 0.38108882521489973, "end_sec": 1.6246418338108883}, "2": {"start_sec": 3.1088825214899716, "end_sec": 3.1289398280802296}, "3": {"start_sec": 3.1489971346704873, "end_sec": 4.1719197707736395}, "4": {"start_sec": 5.922636103151863, "end_sec": 8.830945558739256}, "5": {"start_sec": 5.922636103151863, "end_sec": 8.830945558739256}}