{"0": {"start_sec": 8.429799426934098, "end_sec": 8.469914040114613}, "1": {"start_sec": 8.530085959885387, "end_sec": 8.570200573065904}, "2": {"start_sec": 8.59025787965616, "end_sec": 8.630372492836676}}