{"0": {"start_sec": 0.7421203438395416, "end_sec": 3.1088825214899716}, "1": {"start_sec": 9.472779369627506, "end_sec": 9.994269340974213}}