{"0": {"start_sec": 1.9054441260744988, "end_sec": 3.830945558739255}, "1": {"start_sec": 4.793696275071634, "end_sec": 4.914040114613181}, "2": {"start_sec": 4.954154727793696, "end_sec": 5.074498567335244}}