{"0": {"start_sec": 2.3266475644699143, "end_sec": 2.346704871060172}, "1": {"start_sec": 5.802292263610315, "end_sec": 6.724928366762178}, "2": {"start_sec": 7.888252148997135, "end_sec": 7.908309455587393}}