{"0": {"start_sec": 5.4756446991404015, "end_sec": 5.495702005730659}, "1": {"start_sec": 5.501432664756447, "end_sec": 5.521489971346705}, "2": {"start_sec": 5.581661891117479, "end_sec": 5.6017191977077365}, "3": {"start_sec": 5.681948424068768, "end_sec": 5.922636103151863}, "4": {"start_sec": 5.681948424068768, "end_sec": 5.922636103151863}, "5": {"start_sec": 8.730659025787965, "end_sec": 9.17191977077364}, "6": {"start_sec": 9.593123209169054, "end_sec": 9.813753581661892}}