{"0": {"start_sec": 5.3753581661891126, "end_sec": 10.034383954154729}, "1": {"start_sec": 10.054441260744987, "end_sec": 10.074498567335244}}