{"0": {"start_sec": 8.209169054441261, "end_sec": 8.229226361031518}, "1": {"start_sec": 8.249283667621777, "end_sec": 8.269340974212035}, "2": {"start_sec": 8.550143266475645, "end_sec": 8.59025787965616}, "3": {"start_sec": 8.750716332378223, "end_sec": 8.89111747851003}, "4": {"start_sec": 8.911174785100286, "end_sec": 9.051575931232092}, "5": {"start_sec": 9.151862464183381, "end_sec": 9.212034383954155}, "6": {"start_sec": 9.252148997134672, "end_sec": 9.954154727793696}}