{"0": {"start_sec": 5.11461318051576, "end_sec": 5.174785100286534}, "1": {"start_sec": 5.194842406876791, "end_sec": 5.39541547277937}, "2": {"start_sec": 5.415472779369628, "end_sec": 5.876790830945559}, "3": {"start_sec": 5.997134670487107, "end_sec": 6.157593123209169}, "4": {"start_sec": 6.177650429799427, "end_sec": 6.1977077363896855}, "5": {"start_sec": 6.237822349570201, "end_sec": 6.959885386819485}, "6": {"start_sec": 7.26647564469914, "end_sec": 8.02865329512894}, "7": {"start_sec": 8.10888252148997, "end_sec": 8.209169054441261}, "8": {"start_sec": 8.229226361031518, "end_sec": 8.249283667621777}, "9": {"start_sec": 8.69054441260745, "end_sec": 8.710601719197708}, "10": {"start_sec": 8.730659025787965, "end_sec": 8.750716332378223}, "11": {"start_sec": 9.17191977077364, "end_sec": 9.232091690544413}, "12": {"start_sec": 9.412607449856733, "end_sec": 9.45272206303725}, "13": {"start_sec": 9.673352435530086, "end_sec": 9.693409742120345}}