{"0": {"start_sec": 4.011461318051576, "end_sec": 6.484240687679083}, "1": {"start_sec": 7.7277936962750715, "end_sec": 7.988538681948424}, "2": {"start_sec": 8.730659025787965, "end_sec": 10.01432664756447}}