{"0": {"start_sec": 5.621776504297994, "end_sec": 5.742120343839542}, "1": {"start_sec": 6.5243553008595985, "end_sec": 7.226361031518625}, "2": {"start_sec": 7.988538681948424, "end_sec": 8.068767908309455}, "3": {"start_sec": 8.12893982808023, "end_sec": 9.432664756446993}}