{"0": {"start_sec": 0.2808022922636103, "end_sec": 0.4212034383954155}, "1": {"start_sec": 0.44126074498567336, "end_sec": 0.7621776504297995}, "2": {"start_sec": 1.2636103151862466, "end_sec": 2.4068767908309456}, "3": {"start_sec": 2.4269340974212037, "end_sec": 2.4670487106017194}, "4": {"start_sec": 4.1719197707736395, "end_sec": 5.3753581661891126}, "5": {"start_sec": 5.415472779369628, "end_sec": 5.595988538681949}, "6": {"start_sec": 5.656160458452723, "end_sec": 6.097421203438396}, "7": {"start_sec": 6.137535816618912, "end_sec": 6.478510028653296}, "8": {"start_sec": 6.558739255014327, "end_sec": 6.679083094555875}}