{"0": {"start_sec": 0.0, "end_sec": 6.765042979942693}, "1": {"start_sec": 5.0, "end_sec": 6.765042979942693}, "2": {"start_sec": 6.81948424068768, "end_sec": 6.839541547277937}, "3": {"start_sec": 6.859598853868196, "end_sec": 6.879656160458453}, "4": {"start_sec": 6.919770773638969, "end_sec": 6.959885386819485}, "5": {"start_sec": 7.126074498567336, "end_sec": 9.051575931232092}}