{"0": {"start_sec": 4.392550143266476, "end_sec": 4.412607449856734}, "1": {"start_sec": 4.432664756446992, "end_sec": 6.959885386819485}, "2": {"start_sec": 8.630372492836676, "end_sec": 9.994269340974213}}