{"0": {"start_sec": 0.02005730659025788, "end_sec": 3.770773638968482}, "1": {"start_sec": 3.7908309455587395, "end_sec": 3.8108882521489975}, "2": {"start_sec": 4.492836676217765, "end_sec": 5.054441260744986}, "3": {"start_sec": 5.0945558739255015, "end_sec": 5.11461318051576}, "4": {"start_sec": 5.275071633237823, "end_sec": 5.355300859598854}, "5": {"start_sec": 5.882521489971347, "end_sec": 7.6275071633237825}, "6": {"start_sec": 7.64756446991404, "end_sec": 9.011461318051577}}