{"0": {"start_sec": 5.214899713467049, "end_sec": 5.656160458452723}, "1": {"start_sec": 8.389684813753583, "end_sec": 8.40974212034384}, "2": {"start_sec": 8.429799426934098, "end_sec": 10.034383954154729}}