{"0": {"start_sec": 5.742120343839542, "end_sec": 5.802292263610315}, "1": {"start_sec": 5.882521489971347, "end_sec": 5.962750716332378}}