{"0": {"start_sec": 0.6217765042979944, "end_sec": 1.504297994269341}, "1": {"start_sec": 4.974212034383955, "end_sec": 5.455587392550144}, "2": {"start_sec": 7.908309455587393, "end_sec": 7.948424068767908}}