{"0": {"start_sec": 6.679083094555875, "end_sec": 6.739255014326648}}