{"0": {"start_sec": 2.567335243553009, "end_sec": 3.3896848137535818}, "1": {"start_sec": 7.587392550143267, "end_sec": 7.8681948424068775}, "2": {"start_sec": 7.888252148997135, "end_sec": 10.01432664756447}}