{"0": {"start_sec": 5.054441260744986, "end_sec": 6.919770773638969}, "1": {"start_sec": 6.939828080229227, "end_sec": 6.979942693409742}}