{"0": {"start_sec": 0.46131805157593125, "end_sec": 2.4871060171919774}, "1": {"start_sec": 5.1203438395415475, "end_sec": 6.1833810888252145}, "2": {"start_sec": 6.203438395415473, "end_sec": 6.223495702005731}}