{"0": {"start_sec": 0.0, "end_sec": 2.4871060171919774}, "1": {"start_sec": 2.527220630372493, "end_sec": 3.710601719197708}}