{"0": {"start_sec": 5.1203438395415475, "end_sec": 5.782234957020058}, "1": {"start_sec": 6.6647564469914045, "end_sec": 7.487106017191977}, "2": {"start_sec": 7.9684813753581665, "end_sec": 8.449856733524356}}