{"0": {"start_sec": 0.6217765042979944, "end_sec": 5.3753581661891126}, "1": {"start_sec": 5.435530085959885, "end_sec": 5.636103151862464}, "2": {"start_sec": 5.656160458452723, "end_sec": 5.7163323782234965}, "3": {"start_sec": 5.736389684813754, "end_sec": 5.756446991404012}, "4": {"start_sec": 5.77650429799427, "end_sec": 5.8166189111747855}, "5": {"start_sec": 6.363896848137536, "end_sec": 6.404011461318052}, "6": {"start_sec": 6.4240687679083095, "end_sec": 10.034383954154729}}