{"0": {"start_sec": 5.140401146131805, "end_sec": 5.160458452722063}, "1": {"start_sec": 5.180515759312321, "end_sec": 6.584527220630372}, "2": {"start_sec": 5.461318051575931, "end_sec": 6.584527220630372}, "3": {"start_sec": 7.587392550143267, "end_sec": 7.808022922636104}, "4": {"start_sec": 7.848137535816619, "end_sec": 8.10888252148997}, "5": {"start_sec": 8.12893982808023, "end_sec": 8.148997134670488}, "6": {"start_sec": 8.229226361031518, "end_sec": 8.249283667621777}, "7": {"start_sec": 8.30945558739255, "end_sec": 8.349570200573066}}