{"0": {"start_sec": 1.70487106017192, "end_sec": 1.7650429799426934}, "1": {"start_sec": 1.8051575931232093, "end_sec": 2.0859598853868198}, "2": {"start_sec": 2.848137535816619, "end_sec": 2.928366762177651}, "3": {"start_sec": 2.988538681948424, "end_sec": 4.573065902578797}, "4": {"start_sec": 4.613180515759312, "end_sec": 4.633237822349571}, "5": {"start_sec": 4.713467048710602, "end_sec": 4.73352435530086}, "6": {"start_sec": 4.7535816618911175, "end_sec": 5.080229226361031}}