{"0": {"start_sec": 8.750716332378223, "end_sec": 8.770773638968482}, "1": {"start_sec": 8.790830945558739, "end_sec": 9.954154727793696}}