{"0": {"start_sec": 0.060171919770773644, "end_sec": 1.524355300859599}, "1": {"start_sec": 1.7249283667621778, "end_sec": 4.252148997134671}, "2": {"start_sec": 4.312320916905445, "end_sec": 4.332378223495702}, "3": {"start_sec": 4.553008595988539, "end_sec": 4.713467048710602}, "4": {"start_sec": 4.7535816618911175, "end_sec": 4.773638968481376}, "5": {"start_sec": 5.0, "end_sec": 10.034383954154729}, "6": {"start_sec": 5.0, "end_sec": 10.034383954154729}}