{"0": {"start_sec": 4.633237822349571, "end_sec": 4.6532951289398286}, "1": {"start_sec": 4.673352435530086, "end_sec": 6.71919770773639}, "2": {"start_sec": 7.206303724928366, "end_sec": 7.46704871060172}, "3": {"start_sec": 8.148997134670488, "end_sec": 9.613180515759312}}