{"0": {"start_sec": 0.0, "end_sec": 1.3839541547277938}, "1": {"start_sec": 1.5444126074498568, "end_sec": 1.6647564469914042}}