{"0": {"start_sec": 0.0, "end_sec": 1.4240687679083095}, "1": {"start_sec": 1.4441260744985676, "end_sec": 1.504297994269341}, "2": {"start_sec": 1.524355300859599, "end_sec": 1.6045845272206305}, "3": {"start_sec": 3.891117478510029, "end_sec": 4.35243553008596}, "4": {"start_sec": 6.9054441260744985, "end_sec": 7.767908309455588}, "5": {"start_sec": 7.988538681948424, "end_sec": 8.750716332378223}, "6": {"start_sec": 8.931232091690545, "end_sec": 10.01432664756447}}