{"0": {"start_sec": 1.7650429799426934, "end_sec": 4.45272206303725}, "1": {"start_sec": 7.54727793696275, "end_sec": 7.587392550143267}, "2": {"start_sec": 7.607449856733524, "end_sec": 8.89111747851003}, "3": {"start_sec": 9.031518624641834, "end_sec": 9.893982808022923}}