{"0": {"start_sec": 5.01432664756447, "end_sec": 5.39541547277937}, "1": {"start_sec": 5.67621776504298, "end_sec": 6.398280802292264}, "2": {"start_sec": 6.43839541547278, "end_sec": 6.558739255014327}, "3": {"start_sec": 6.699140401146132, "end_sec": 6.739255014326648}, "4": {"start_sec": 7.286532951289399, "end_sec": 8.469914040114613}, "5": {"start_sec": 8.489971346704872, "end_sec": 8.59025787965616}}