{"0": {"start_sec": 6.859598853868196, "end_sec": 6.979942693409742}}