{"0": {"start_sec": 2.2664756446991405, "end_sec": 3.6504297994269344}, "1": {"start_sec": 8.730659025787965, "end_sec": 8.770773638968482}, "2": {"start_sec": 8.810888252148997, "end_sec": 8.830945558739256}, "3": {"start_sec": 9.011461318051577, "end_sec": 9.191977077363898}, "4": {"start_sec": 9.252148997134672, "end_sec": 9.272206303724928}, "5": {"start_sec": 9.292263610315187, "end_sec": 9.512893982808023}, "6": {"start_sec": 9.693409742120345, "end_sec": 9.753581661891118}, "7": {"start_sec": 9.793696275071634, "end_sec": 9.833810888252149}}