{"0": {"start_sec": 1.4441260744985676, "end_sec": 3.229226361031519}}