{"0": {"start_sec": 0.6017191977077364, "end_sec": 2.5472779369627507}, "1": {"start_sec": 3.2893982808022924, "end_sec": 3.349570200573066}, "2": {"start_sec": 4.492836676217765, "end_sec": 5.234957020057307}, "3": {"start_sec": 5.275071633237823, "end_sec": 5.315186246418339}}