{"0": {"start_sec": 0.9627507163323783, "end_sec": 1.0429799426934099}, "1": {"start_sec": 1.0630372492836677, "end_sec": 1.1031518624641834}, "2": {"start_sec": 1.183381088825215, "end_sec": 1.2034383954154728}, "3": {"start_sec": 1.2234957020057307, "end_sec": 1.2836676217765044}, "4": {"start_sec": 1.363896848137536, "end_sec": 1.4240687679083095}}