{"0": {"start_sec": 1.002865329512894, "end_sec": 2.4469914040114613}, "1": {"start_sec": 4.432664756446992, "end_sec": 5.535816618911175}, "2": {"start_sec": 7.226361031518625, "end_sec": 8.650429799426934}, "3": {"start_sec": 8.670487106017193, "end_sec": 8.710601719197708}}