{"0": {"start_sec": 7.888252148997135, "end_sec": 8.12893982808023}, "1": {"start_sec": 8.148997134670488, "end_sec": 8.169054441260744}, "2": {"start_sec": 8.630372492836676, "end_sec": 8.69054441260745}}