{"0": {"start_sec": 1.504297994269341, "end_sec": 2.9083094555873927}, "1": {"start_sec": 4.292263610315187, "end_sec": 5.575931232091691}, "2": {"start_sec": 5.581661891117479, "end_sec": 6.464183381088826}, "3": {"start_sec": 5.581661891117479, "end_sec": 6.759312320916906}, "4": {"start_sec": 6.7793696275071635, "end_sec": 6.799426934097422}, "5": {"start_sec": 7.587392550143267, "end_sec": 7.607449856733524}, "6": {"start_sec": 7.667621776504298, "end_sec": 7.687679083094556}, "7": {"start_sec": 7.707736389684814, "end_sec": 7.74785100286533}, "8": {"start_sec": 7.767908309455588, "end_sec": 8.189111747851003}, "9": {"start_sec": 9.793696275071634, "end_sec": 10.01432664756447}}