{"0": {"start_sec": 1.0630372492836677, "end_sec": 1.70487106017192}}