{"0": {"start_sec": 4.35243553008596, "end_sec": 4.392550143266476}}