{"0": {"start_sec": 6.398280802292264, "end_sec": 6.81948424068768}}