{"0": {"start_sec": 3.5100286532951293, "end_sec": 10.01432664756447}}