{"0": {"start_sec": 1.002865329512894, "end_sec": 1.70487106017192}, "1": {"start_sec": 5.39541547277937, "end_sec": 5.4756446991404015}, "2": {"start_sec": 7.6275071633237825, "end_sec": 9.432664756446993}, "3": {"start_sec": 9.45272206303725, "end_sec": 9.472779369627506}, "4": {"start_sec": 9.553008595988539, "end_sec": 9.613180515759312}}