{"0": {"start_sec": 0.12034383954154729, "end_sec": 3.189111747851003}, "1": {"start_sec": 3.209169054441261, "end_sec": 4.593123209169055}, "2": {"start_sec": 5.361031518624642, "end_sec": 5.3810888252149}, "3": {"start_sec": 5.401146131805158, "end_sec": 9.753581661891118}, "4": {"start_sec": 5.401146131805158, "end_sec": 9.753581661891118}, "5": {"start_sec": 5.401146131805158, "end_sec": 9.753581661891118}, "6": {"start_sec": 9.853868194842407, "end_sec": 9.873925501432666}}