{"0": {"start_sec": 0.5415472779369628, "end_sec": 3.830945558739255}, "1": {"start_sec": 4.553008595988539, "end_sec": 5.355300859598854}, "2": {"start_sec": 5.896848137535817, "end_sec": 5.916905444126075}, "3": {"start_sec": 5.936962750716333, "end_sec": 6.05730659025788}}