{"0": {"start_sec": 5.320916905444126, "end_sec": 6.418338108882522}, "1": {"start_sec": 7.08595988538682, "end_sec": 7.36676217765043}, "2": {"start_sec": 7.64756446991404, "end_sec": 10.01432664756447}}