{"0": {"start_sec": 1.9856733524355303, "end_sec": 2.1461318051575935}, "1": {"start_sec": 2.166189111747851, "end_sec": 2.306590257879656}, "2": {"start_sec": 4.2722063037249285, "end_sec": 4.713467048710602}}