{"0": {"start_sec": 4.2722063037249285, "end_sec": 4.813753581661891}, "1": {"start_sec": 5.641833810888253, "end_sec": 6.464183381088826}, "2": {"start_sec": 6.484240687679083, "end_sec": 6.544412607449857}, "3": {"start_sec": 7.808022922636104, "end_sec": 8.30945558739255}, "4": {"start_sec": 8.329512893982809, "end_sec": 8.349570200573066}, "5": {"start_sec": 8.449856733524356, "end_sec": 8.51002865329513}}