{"0": {"start_sec": 1.3438395415472781, "end_sec": 4.633237822349571}, "1": {"start_sec": 5.3810888252149, "end_sec": 5.401146131805158}, "2": {"start_sec": 5.421203438395415, "end_sec": 5.521489971346705}, "3": {"start_sec": 5.541547277936963, "end_sec": 5.621776504297994}, "4": {"start_sec": 5.66189111747851, "end_sec": 5.7020057306590255}, "5": {"start_sec": 8.59025787965616, "end_sec": 9.492836676217765}}