{"0": {"start_sec": 3.770773638968482, "end_sec": 3.7908309455587395}, "1": {"start_sec": 3.8108882521489975, "end_sec": 4.713467048710602}}