{"0": {"start_sec": 8.670487106017193, "end_sec": 9.653295128939828}, "1": {"start_sec": 9.713467048710601, "end_sec": 9.974212034383955}}