{"0": {"start_sec": 7.64756446991404, "end_sec": 8.048710601719197}, "1": {"start_sec": 8.068767908309455, "end_sec": 8.289398280802292}, "2": {"start_sec": 8.329512893982809, "end_sec": 8.429799426934098}, "3": {"start_sec": 8.449856733524356, "end_sec": 8.469914040114613}}