{"0": {"start_sec": 1.4842406876790832, "end_sec": 1.9455587392550144}, "1": {"start_sec": 1.9656160458452723, "end_sec": 1.9856733524355303}, "2": {"start_sec": 2.005730659025788, "end_sec": 2.025787965616046}, "3": {"start_sec": 5.180515759312321, "end_sec": 5.28080229226361}, "4": {"start_sec": 6.785100286532952, "end_sec": 9.994269340974213}}