{"0": {"start_sec": 2.8080229226361033, "end_sec": 2.8280802292263614}, "1": {"start_sec": 2.988538681948424, "end_sec": 3.1489971346704873}, "2": {"start_sec": 3.2893982808022924, "end_sec": 3.4498567335243555}, "3": {"start_sec": 3.5100286532951293, "end_sec": 3.5902578796561606}, "4": {"start_sec": 3.6103151862464187, "end_sec": 4.412607449856734}, "5": {"start_sec": 4.432664756446992, "end_sec": 4.472779369627507}, "6": {"start_sec": 4.492836676217765, "end_sec": 4.613180515759312}, "7": {"start_sec": 4.633237822349571, "end_sec": 4.713467048710602}, "8": {"start_sec": 4.793696275071634, "end_sec": 4.873925501432665}, "9": {"start_sec": 6.9054441260744985, "end_sec": 6.945558739255015}, "10": {"start_sec": 7.005730659025788, "end_sec": 7.64756446991404}, "11": {"start_sec": 7.667621776504298, "end_sec": 7.7277936962750715}, "12": {"start_sec": 8.269340974212035, "end_sec": 10.01432664756447}}