{"0": {"start_sec": 3.830945558739255, "end_sec": 3.8710601719197713}, "1": {"start_sec": 3.891117478510029, "end_sec": 5.736389684813754}, "2": {"start_sec": 7.106017191977077, "end_sec": 7.2464183381088825}, "3": {"start_sec": 7.326647564469914, "end_sec": 7.426934097421204}, "4": {"start_sec": 7.808022922636104, "end_sec": 7.828080229226361}, "5": {"start_sec": 7.948424068767908, "end_sec": 7.9684813753581665}, "6": {"start_sec": 8.008595988538682, "end_sec": 8.02865329512894}, "7": {"start_sec": 8.048710601719197, "end_sec": 8.329512893982809}, "8": {"start_sec": 8.369627507163324, "end_sec": 8.389684813753583}, "9": {"start_sec": 8.429799426934098, "end_sec": 9.432664756446993}}