{"0": {"start_sec": 0.0, "end_sec": 1.1031518624641834}, "1": {"start_sec": 1.1232091690544412, "end_sec": 1.70487106017192}, "2": {"start_sec": 9.352435530085959, "end_sec": 10.01432664756447}}