{"0": {"start_sec": 1.6246418338108883, "end_sec": 2.9684813753581665}, "1": {"start_sec": 4.974212034383955, "end_sec": 6.638968481375358}, "2": {"start_sec": 7.065902578796562, "end_sec": 8.429799426934098}, "3": {"start_sec": 8.449856733524356, "end_sec": 8.469914040114613}, "4": {"start_sec": 9.53295128939828, "end_sec": 9.593123209169054}, "5": {"start_sec": 9.693409742120345, "end_sec": 9.753581661891118}}