{"0": {"start_sec": 1.1432664756446993, "end_sec": 1.1633237822349571}, "1": {"start_sec": 1.8653295128939829, "end_sec": 2.386819484240688}, "2": {"start_sec": 4.212034383954155, "end_sec": 4.312320916905445}, "3": {"start_sec": 4.372492836676218, "end_sec": 4.472779369627507}, "4": {"start_sec": 6.865329512893982, "end_sec": 6.885386819484241}, "5": {"start_sec": 6.945558739255015, "end_sec": 7.005730659025788}, "6": {"start_sec": 7.487106017191977, "end_sec": 8.449856733524356}}