{"0": {"start_sec": 4.35243553008596, "end_sec": 6.338108882521491}}