{"0": {"start_sec": 3.3094555873925504, "end_sec": 6.724928366762178}, "1": {"start_sec": 5.0, "end_sec": 6.724928366762178}, "2": {"start_sec": 6.825214899713467, "end_sec": 6.845272206303725}}