{"0": {"start_sec": 7.607449856733524, "end_sec": 7.667621776504298}, "1": {"start_sec": 8.189111747851003, "end_sec": 9.37249283667622}}