{"0": {"start_sec": 7.7277936962750715, "end_sec": 7.74785100286533}, "1": {"start_sec": 7.988538681948424, "end_sec": 8.02865329512894}, "2": {"start_sec": 8.088825214899714, "end_sec": 8.12893982808023}}