{"0": {"start_sec": 0.2005730659025788, "end_sec": 1.4842406876790832}, "1": {"start_sec": 1.504297994269341, "end_sec": 1.5444126074498568}, "2": {"start_sec": 6.925501432664756, "end_sec": 7.005730659025788}, "3": {"start_sec": 7.025787965616046, "end_sec": 7.065902578796562}, "4": {"start_sec": 7.08595988538682, "end_sec": 8.550143266475645}, "5": {"start_sec": 8.570200573065904, "end_sec": 8.61031518624642}}