{"0": {"start_sec": 3.530085959885387, "end_sec": 7.166189111747851}, "1": {"start_sec": 7.26647564469914, "end_sec": 7.346704871060172}, "2": {"start_sec": 7.667621776504298, "end_sec": 7.687679083094556}, "3": {"start_sec": 7.928366762177651, "end_sec": 8.088825214899714}, "4": {"start_sec": 8.10888252148997, "end_sec": 8.12893982808023}, "5": {"start_sec": 8.189111747851003, "end_sec": 10.074498567335244}}