{"0": {"start_sec": 5.300859598853868, "end_sec": 5.461318051575931}}