{"0": {"start_sec": 1.2435530085959887, "end_sec": 1.2636103151862466}, "1": {"start_sec": 1.3839541547277938, "end_sec": 1.4040114613180517}, "2": {"start_sec": 1.4641833810888254, "end_sec": 1.504297994269341}, "3": {"start_sec": 1.5644699140401148, "end_sec": 1.684813753581662}, "4": {"start_sec": 1.845272206303725, "end_sec": 1.9054441260744988}, "5": {"start_sec": 1.9255014326647566, "end_sec": 1.9455587392550144}, "6": {"start_sec": 1.9856733524355303, "end_sec": 2.045845272206304}, "7": {"start_sec": 2.0659025787965617, "end_sec": 2.0859598853868198}, "8": {"start_sec": 2.527220630372493, "end_sec": 3.02865329512894}, "9": {"start_sec": 3.048710601719198, "end_sec": 3.0888252148997135}, "10": {"start_sec": 3.229226361031519, "end_sec": 3.2492836676217767}, "11": {"start_sec": 3.2693409742120347, "end_sec": 3.3094555873925504}, "12": {"start_sec": 3.3295128939828085, "end_sec": 3.349570200573066}, "13": {"start_sec": 5.020057306590258, "end_sec": 5.040114613180516}, "14": {"start_sec": 5.060171919770774, "end_sec": 5.401146131805158}, "15": {"start_sec": 5.421203438395415, "end_sec": 5.541547277936963}, "16": {"start_sec": 5.56160458452722, "end_sec": 5.581661891117479}, "17": {"start_sec": 5.6017191977077365, "end_sec": 5.7020057306590255}, "18": {"start_sec": 5.762177650429799, "end_sec": 5.782234957020058}, "19": {"start_sec": 5.902578796561604, "end_sec": 6.263610315186247}, "20": {"start_sec": 6.303724928366762, "end_sec": 6.3237822349570205}, "21": {"start_sec": 6.343839541547278, "end_sec": 6.363896848137536}, "22": {"start_sec": 6.504297994269341, "end_sec": 6.644699140401146}, "23": {"start_sec": 6.70487106017192, "end_sec": 7.908309455587393}}