{"0": {"start_sec": 4.773638968481376, "end_sec": 5.842406876790831}, "1": {"start_sec": 8.710601719197708, "end_sec": 9.954154727793696}}