{"0": {"start_sec": 1.2836676217765044, "end_sec": 1.4441260744985676}, "1": {"start_sec": 1.4641833810888254, "end_sec": 1.504297994269341}, "2": {"start_sec": 1.6045845272206305, "end_sec": 1.6647564469914042}, "3": {"start_sec": 1.70487106017192, "end_sec": 1.7851002865329515}, "4": {"start_sec": 5.134670487106018, "end_sec": 5.455587392550144}, "5": {"start_sec": 7.286532951289399, "end_sec": 9.232091690544413}, "6": {"start_sec": 9.753581661891118, "end_sec": 9.914040114613181}}