{"0": {"start_sec": 0.0, "end_sec": 0.1002865329512894}, "1": {"start_sec": 0.12034383954154729, "end_sec": 2.0859598853868198}, "2": {"start_sec": 2.527220630372493, "end_sec": 2.587392550143267}, "3": {"start_sec": 2.667621776504298, "end_sec": 2.6876790830945563}, "4": {"start_sec": 2.868194842406877, "end_sec": 2.928366762177651}, "5": {"start_sec": 2.9484240687679084, "end_sec": 2.9684813753581665}, "6": {"start_sec": 3.068767908309456, "end_sec": 3.1088825214899716}, "7": {"start_sec": 4.111747851002866, "end_sec": 4.1719197707736395}, "8": {"start_sec": 4.191977077363897, "end_sec": 4.252148997134671}, "9": {"start_sec": 8.329512893982809, "end_sec": 10.01432664756447}}