{"0": {"start_sec": 3.6303724928366763, "end_sec": 4.031518624641834}, "1": {"start_sec": 6.343839541547278, "end_sec": 8.429799426934098}, "2": {"start_sec": 8.87106017191977, "end_sec": 9.252148997134672}}