{"0": {"start_sec": 5.9426934097421205, "end_sec": 6.002865329512894}, "1": {"start_sec": 7.326647564469914, "end_sec": 10.01432664756447}}