{"0": {"start_sec": 0.0, "end_sec": 0.46131805157593125}, "1": {"start_sec": 0.6217765042979944, "end_sec": 1.022922636103152}, "2": {"start_sec": 5.4756446991404015, "end_sec": 5.495702005730659}, "3": {"start_sec": 5.555873925501433, "end_sec": 5.656160458452723}, "4": {"start_sec": 5.9426934097421205, "end_sec": 5.962750716332378}, "5": {"start_sec": 6.017191977077364, "end_sec": 6.037249283667622}, "6": {"start_sec": 6.05730659025788, "end_sec": 8.710601719197708}}