{"0": {"start_sec": 3.69054441260745, "end_sec": 4.673352435530086}, "1": {"start_sec": 5.4756446991404015, "end_sec": 5.555873925501433}, "2": {"start_sec": 5.636103151862464, "end_sec": 6.584527220630372}, "3": {"start_sec": 5.802292263610315, "end_sec": 6.584527220630372}, "4": {"start_sec": 7.607449856733524, "end_sec": 8.40974212034384}}