{"0": {"start_sec": 5.194842406876791, "end_sec": 6.303724928366762}, "1": {"start_sec": 6.624641833810888, "end_sec": 8.209169054441261}, "2": {"start_sec": 8.790830945558739, "end_sec": 9.292263610315187}}