{"0": {"start_sec": 1.9054441260744988, "end_sec": 1.9455587392550144}, "1": {"start_sec": 4.051575931232092, "end_sec": 4.07163323782235}, "2": {"start_sec": 4.532951289398281, "end_sec": 4.613180515759312}, "3": {"start_sec": 4.6532951289398286, "end_sec": 4.713467048710602}, "4": {"start_sec": 4.73352435530086, "end_sec": 4.813753581661891}, "5": {"start_sec": 4.83381088825215, "end_sec": 4.853868194842407}, "6": {"start_sec": 4.873925501432665, "end_sec": 4.9942693409742125}, "7": {"start_sec": 5.0, "end_sec": 9.93409742120344}, "8": {"start_sec": 5.0, "end_sec": 9.93409742120344}, "9": {"start_sec": 5.0, "end_sec": 9.93409742120344}, "10": {"start_sec": 5.0, "end_sec": 9.93409742120344}}