{"0": {"start_sec": 0.0, "end_sec": 0.14040114613180515}, "1": {"start_sec": 0.16045845272206305, "end_sec": 0.8624641833810889}, "2": {"start_sec": 0.8825214899713467, "end_sec": 3.429799426934098}, "3": {"start_sec": 3.4699140401146136, "end_sec": 3.550143266475645}, "4": {"start_sec": 3.6303724928366763, "end_sec": 3.6704871060171924}, "5": {"start_sec": 8.008595988538682, "end_sec": 8.289398280802292}, "6": {"start_sec": 8.349570200573066, "end_sec": 9.974212034383955}}