{"0": {"start_sec": 1.9255014326647566, "end_sec": 5.034383954154729}}