{"0": {"start_sec": 8.810888252148997, "end_sec": 8.830945558739256}, "1": {"start_sec": 8.851002865329512, "end_sec": 8.89111747851003}, "2": {"start_sec": 8.951289398280803, "end_sec": 9.994269340974213}}