{"0": {"start_sec": 4.9942693409742125, "end_sec": 5.421203438395415}, "1": {"start_sec": 5.020057306590258, "end_sec": 5.421203438395415}, "2": {"start_sec": 5.020057306590258, "end_sec": 5.421203438395415}, "3": {"start_sec": 5.020057306590258, "end_sec": 5.421203438395415}, "4": {"start_sec": 5.501432664756447, "end_sec": 5.541547277936963}, "5": {"start_sec": 5.56160458452722, "end_sec": 5.7020057306590255}, "6": {"start_sec": 6.444126074498568, "end_sec": 7.005730659025788}, "7": {"start_sec": 7.045845272206304, "end_sec": 7.065902578796562}, "8": {"start_sec": 7.908309455587393, "end_sec": 9.553008595988539}}