{"0": {"start_sec": 0.26074498567335247, "end_sec": 3.0888252148997135}, "1": {"start_sec": 3.1690544412607453, "end_sec": 4.773638968481376}, "2": {"start_sec": 5.782234957020058, "end_sec": 7.446991404011461}, "3": {"start_sec": 7.908309455587393, "end_sec": 9.553008595988539}}