{"0": {"start_sec": 8.951289398280803, "end_sec": 9.17191977077364}, "1": {"start_sec": 9.191977077363898, "end_sec": 9.232091690544413}}