{"0": {"start_sec": 2.7679083094555876, "end_sec": 5.11461318051576}, "1": {"start_sec": 6.584527220630372, "end_sec": 7.045845272206304}, "2": {"start_sec": 6.584527220630372, "end_sec": 7.045845272206304}}