{"0": {"start_sec": 4.934097421203439, "end_sec": 5.636103151862464}}