{"0": {"start_sec": 5.361031518624642, "end_sec": 6.203438395415473}, "1": {"start_sec": 6.243553008595988, "end_sec": 6.263610315186247}}