{"0": {"start_sec": 7.226361031518625, "end_sec": 7.326647564469914}, "1": {"start_sec": 7.346704871060172, "end_sec": 8.670487106017193}}