{"0": {"start_sec": 1.9455587392550144, "end_sec": 2.848137535816619}, "1": {"start_sec": 2.868194842406877, "end_sec": 2.888252148997135}}