{"0": {"start_sec": 6.418338108882522, "end_sec": 6.979942693409742}, "1": {"start_sec": 8.10888252148997, "end_sec": 9.091690544412607}}