{"0": {"start_sec": 1.6446991404011462, "end_sec": 2.587392550143267}, "1": {"start_sec": 3.2492836676217767, "end_sec": 4.131805157593123}}