{"0": {"start_sec": 9.392550143266476, "end_sec": 10.134670487106018}}