{"0": {"start_sec": 0.1002865329512894, "end_sec": 3.008595988538682}, "1": {"start_sec": 3.2492836676217767, "end_sec": 3.2693409742120347}, "2": {"start_sec": 3.3295128939828085, "end_sec": 3.349570200573066}, "3": {"start_sec": 3.550143266475645, "end_sec": 3.570200573065903}, "4": {"start_sec": 3.5902578796561606, "end_sec": 9.472779369627506}}