{"0": {"start_sec": 6.04297994269341, "end_sec": 6.283667621776504}, "1": {"start_sec": 8.289398280802292, "end_sec": 8.449856733524356}, "2": {"start_sec": 8.469914040114613, "end_sec": 8.650429799426934}, "3": {"start_sec": 8.670487106017193, "end_sec": 8.69054441260745}, "4": {"start_sec": 8.830945558739256, "end_sec": 8.87106017191977}, "5": {"start_sec": 8.911174785100286, "end_sec": 9.031518624641834}}