{"0": {"start_sec": 9.773638968481375, "end_sec": 10.01432664756447}}