{"0": {"start_sec": 0.0, "end_sec": 0.6017191977077364}, "1": {"start_sec": 0.8223495702005731, "end_sec": 0.842406876790831}, "2": {"start_sec": 0.8825214899713467, "end_sec": 0.9025787965616047}, "3": {"start_sec": 0.9828080229226361, "end_sec": 1.002865329512894}, "4": {"start_sec": 7.08595988538682, "end_sec": 7.2464183381088825}, "5": {"start_sec": 7.26647564469914, "end_sec": 9.613180515759312}, "6": {"start_sec": 9.773638968481375, "end_sec": 9.793696275071634}, "7": {"start_sec": 9.974212034383955, "end_sec": 9.994269340974213}}