{"0": {"start_sec": 0.0, "end_sec": 7.166189111747851}, "1": {"start_sec": 5.0, "end_sec": 7.166189111747851}, "2": {"start_sec": 5.0, "end_sec": 7.166189111747851}, "3": {"start_sec": 5.0, "end_sec": 7.166189111747851}, "4": {"start_sec": 8.550143266475645, "end_sec": 9.111747851002866}}