{"0": {"start_sec": 5.782234957020058, "end_sec": 6.444126074498568}, "1": {"start_sec": 6.464183381088826, "end_sec": 6.504297994269341}, "2": {"start_sec": 6.544412607449857, "end_sec": 6.684813753581662}, "3": {"start_sec": 7.025787965616046, "end_sec": 7.08595988538682}, "4": {"start_sec": 7.487106017191977, "end_sec": 7.527220630372494}, "5": {"start_sec": 8.750716332378223, "end_sec": 9.954154727793696}}