{"0": {"start_sec": 2.8080229226361033, "end_sec": 3.068767908309456}, "1": {"start_sec": 5.140401146131805, "end_sec": 5.300859598853868}, "2": {"start_sec": 5.3810888252149, "end_sec": 6.223495702005731}, "3": {"start_sec": 8.61031518624642, "end_sec": 8.69054441260745}, "4": {"start_sec": 8.730659025787965, "end_sec": 9.051575931232092}}