{"0": {"start_sec": 0.16045845272206305, "end_sec": 0.18051575931232094}, "1": {"start_sec": 0.22063037249283668, "end_sec": 0.24068767908309457}, "2": {"start_sec": 5.361031518624642, "end_sec": 10.034383954154729}}