{"0": {"start_sec": 2.005730659025788, "end_sec": 2.4871060171919774}, "1": {"start_sec": 2.507163323782235, "end_sec": 2.587392550143267}, "2": {"start_sec": 2.6074498567335245, "end_sec": 2.6275071633237825}, "3": {"start_sec": 2.727793696275072, "end_sec": 2.7679083094555876}}