{"0": {"start_sec": 1.504297994269341, "end_sec": 3.891117478510029}, "1": {"start_sec": 6.744985673352436, "end_sec": 8.931232091690545}, "2": {"start_sec": 8.951289398280803, "end_sec": 9.051575931232092}}