{"0": {"start_sec": 5.842406876790831, "end_sec": 7.18624641833811}, "1": {"start_sec": 7.206303724928366, "end_sec": 7.226361031518625}}