{"0": {"start_sec": 1.3839541547277938, "end_sec": 1.4240687679083095}, "1": {"start_sec": 2.848137535816619, "end_sec": 3.7507163323782238}, "2": {"start_sec": 3.770773638968482, "end_sec": 3.911174785100287}, "3": {"start_sec": 5.154727793696275, "end_sec": 5.535816618911175}}