{"0": {"start_sec": 0.681948424068768, "end_sec": 0.7822349570200574}, "1": {"start_sec": 1.0830945558739256, "end_sec": 5.034383954154729}}