{"0": {"start_sec": 8.730659025787965, "end_sec": 10.01432664756447}}