{"0": {"start_sec": 2.1260744985673354, "end_sec": 2.226361031518625}, "1": {"start_sec": 3.6303724928366763, "end_sec": 3.9512893982808026}, "2": {"start_sec": 4.432664756446992, "end_sec": 7.988538681948424}, "3": {"start_sec": 5.0, "end_sec": 7.988538681948424}, "4": {"start_sec": 5.0, "end_sec": 7.988538681948424}}