{"0": {"start_sec": 0.5616045845272206, "end_sec": 2.848137535816619}}