{"0": {"start_sec": 6.478510028653296, "end_sec": 7.025787965616046}, "1": {"start_sec": 7.045845272206304, "end_sec": 7.1461318051575935}, "2": {"start_sec": 7.18624641833811, "end_sec": 7.206303724928366}, "3": {"start_sec": 7.26647564469914, "end_sec": 7.306590257879656}}