{"0": {"start_sec": 3.1088825214899716, "end_sec": 3.1690544412607453}, "1": {"start_sec": 3.2492836676217767, "end_sec": 3.3295128939828085}, "2": {"start_sec": 3.369627507163324, "end_sec": 3.4498567335243555}, "3": {"start_sec": 3.4699140401146136, "end_sec": 3.5100286532951293}, "4": {"start_sec": 7.426934097421204, "end_sec": 9.914040114613181}}