{"0": {"start_sec": 3.0888252148997135, "end_sec": 5.234957020057307}, "1": {"start_sec": 5.240687679083095, "end_sec": 6.383954154727794}, "2": {"start_sec": 5.421203438395415, "end_sec": 6.383954154727794}, "3": {"start_sec": 8.169054441260744, "end_sec": 9.613180515759312}}