{"0": {"start_sec": 7.948424068767908, "end_sec": 8.550143266475645}}