{"0": {"start_sec": 6.644699140401146, "end_sec": 6.845272206303725}, "1": {"start_sec": 6.9054441260744985, "end_sec": 7.507163323782235}, "2": {"start_sec": 7.527220630372494, "end_sec": 7.54727793696275}}