{"0": {"start_sec": 5.6017191977077365, "end_sec": 8.449856733524356}}