{"0": {"start_sec": 9.512893982808023, "end_sec": 9.633237822349571}, "1": {"start_sec": 9.673352435530086, "end_sec": 9.994269340974213}}