{"0": {"start_sec": 5.0, "end_sec": 5.300859598853868}, "1": {"start_sec": 8.169054441260744, "end_sec": 8.750716332378223}}