{"0": {"start_sec": 0.6017191977077364, "end_sec": 0.6217765042979944}, "1": {"start_sec": 0.6418338108882522, "end_sec": 0.7220630372492838}, "2": {"start_sec": 0.7621776504297995, "end_sec": 1.504297994269341}, "3": {"start_sec": 1.6246418338108883, "end_sec": 1.6647564469914042}, "4": {"start_sec": 2.1060171919770774, "end_sec": 2.1260744985673354}, "5": {"start_sec": 2.2865329512893986, "end_sec": 2.6275071633237825}, "6": {"start_sec": 2.667621776504298, "end_sec": 2.6876790830945563}}