{"0": {"start_sec": 0.16045845272206305, "end_sec": 1.70487106017192}, "1": {"start_sec": 2.848137535816619, "end_sec": 2.868194842406877}, "2": {"start_sec": 2.888252148997135, "end_sec": 2.9684813753581665}, "3": {"start_sec": 5.957020057306591, "end_sec": 7.988538681948424}, "4": {"start_sec": 8.02865329512894, "end_sec": 8.048710601719197}, "5": {"start_sec": 8.59025787965616, "end_sec": 8.61031518624642}, "6": {"start_sec": 8.730659025787965, "end_sec": 8.750716332378223}, "7": {"start_sec": 8.770773638968482, "end_sec": 9.833810888252149}, "8": {"start_sec": 9.873925501432666, "end_sec": 9.954154727793696}}