{"0": {"start_sec": 2.8080229226361033, "end_sec": 2.8280802292263614}, "1": {"start_sec": 5.3810888252149, "end_sec": 5.441260744985673}, "2": {"start_sec": 5.481375358166189, "end_sec": 5.501432664756447}, "3": {"start_sec": 5.822349570200573, "end_sec": 6.564469914040115}}