{"0": {"start_sec": 0.26074498567335247, "end_sec": 0.3610315186246419}, "1": {"start_sec": 0.4212034383954155, "end_sec": 0.44126074498567336}, "2": {"start_sec": 0.501432664756447, "end_sec": 0.5616045845272206}, "3": {"start_sec": 0.5816618911174786, "end_sec": 0.9226361031518625}, "4": {"start_sec": 0.9426934097421205, "end_sec": 1.022922636103152}, "5": {"start_sec": 1.0630372492836677, "end_sec": 1.1232091690544412}, "6": {"start_sec": 1.2034383954154728, "end_sec": 1.2234957020057307}}