{"0": {"start_sec": 3.209169054441261, "end_sec": 3.229226361031519}, "1": {"start_sec": 3.2492836676217767, "end_sec": 3.6103151862464187}}