{"0": {"start_sec": 5.962750716332378, "end_sec": 10.11461318051576}, "1": {"start_sec": 5.962750716332378, "end_sec": 10.11461318051576}, "2": {"start_sec": 5.962750716332378, "end_sec": 10.11461318051576}}