{"0": {"start_sec": 7.386819484240688, "end_sec": 8.830945558739256}, "1": {"start_sec": 8.851002865329512, "end_sec": 8.87106017191977}}