{"0": {"start_sec": 0.24068767908309457, "end_sec": 0.5616045845272206}, "1": {"start_sec": 4.011461318051576, "end_sec": 6.097421203438396}, "2": {"start_sec": 6.117478510028654, "end_sec": 6.1977077363896855}}