{"0": {"start_sec": 0.842406876790831, "end_sec": 1.4441260744985676}, "1": {"start_sec": 2.1260744985673354, "end_sec": 4.492836676217765}, "2": {"start_sec": 5.977077363896848, "end_sec": 6.017191977077364}, "3": {"start_sec": 6.739255014326648, "end_sec": 6.759312320916906}, "4": {"start_sec": 9.111747851002866, "end_sec": 10.01432664756447}}