{"0": {"start_sec": 1.7449856733524356, "end_sec": 3.068767908309456}, "1": {"start_sec": 6.223495702005731, "end_sec": 7.487106017191977}, "2": {"start_sec": 6.223495702005731, "end_sec": 7.487106017191977}}