{"0": {"start_sec": 2.64756446991404, "end_sec": 3.550143266475645}, "1": {"start_sec": 3.5902578796561606, "end_sec": 3.6303724928366763}}