{"0": {"start_sec": 0.9828080229226361, "end_sec": 2.346704871060172}}