{"0": {"start_sec": 4.2722063037249285, "end_sec": 4.292263610315187}, "1": {"start_sec": 4.73352435530086, "end_sec": 5.822349570200573}}