{"0": {"start_sec": 0.12034383954154729, "end_sec": 1.7449856733524356}, "1": {"start_sec": 1.7650429799426934, "end_sec": 1.7851002865329515}, "2": {"start_sec": 1.8252148997134672, "end_sec": 1.845272206303725}, "3": {"start_sec": 1.8653295128939829, "end_sec": 1.9255014326647566}, "4": {"start_sec": 5.0, "end_sec": 7.446991404011461}, "5": {"start_sec": 7.707736389684814, "end_sec": 8.02865329512894}, "6": {"start_sec": 8.169054441260744, "end_sec": 8.229226361031518}, "7": {"start_sec": 8.249283667621777, "end_sec": 9.553008595988539}}