{"0": {"start_sec": 0.1002865329512894, "end_sec": 4.633237822349571}, "1": {"start_sec": 4.693409742120344, "end_sec": 4.7535816618911175}, "2": {"start_sec": 4.934097421203439, "end_sec": 4.954154727793696}, "3": {"start_sec": 6.223495702005731, "end_sec": 6.343839541547278}, "4": {"start_sec": 6.404011461318052, "end_sec": 7.54727793696275}, "5": {"start_sec": 7.567335243553009, "end_sec": 7.587392550143267}}