{"0": {"start_sec": 1.6446991404011462, "end_sec": 2.567335243553009}, "1": {"start_sec": 3.1690544412607453, "end_sec": 3.209169054441261}, "2": {"start_sec": 4.713467048710602, "end_sec": 6.444126074498568}, "3": {"start_sec": 6.5243553008595985, "end_sec": 6.564469914040115}}