{"0": {"start_sec": 3.02865329512894, "end_sec": 4.573065902578797}, "1": {"start_sec": 4.9942693409742125, "end_sec": 8.469914040114613}, "2": {"start_sec": 8.489971346704872, "end_sec": 8.991404011461318}}