{"0": {"start_sec": 5.882521489971347, "end_sec": 7.587392550143267}, "1": {"start_sec": 7.6275071633237825, "end_sec": 7.64756446991404}}