{"0": {"start_sec": 5.0945558739255015, "end_sec": 7.46704871060172}, "1": {"start_sec": 7.487106017191977, "end_sec": 7.507163323782235}}