{"0": {"start_sec": 1.4240687679083095, "end_sec": 2.4469914040114613}, "1": {"start_sec": 2.4871060171919774, "end_sec": 2.507163323782235}, "2": {"start_sec": 2.6074498567335245, "end_sec": 2.6275071633237825}, "3": {"start_sec": 2.6876790830945563, "end_sec": 2.707736389684814}, "4": {"start_sec": 4.492836676217765, "end_sec": 6.965616045845272}, "5": {"start_sec": 8.550143266475645, "end_sec": 9.873925501432666}}