{"0": {"start_sec": 6.464183381088826, "end_sec": 6.9054441260744985}, "1": {"start_sec": 7.667621776504298, "end_sec": 7.74785100286533}, "2": {"start_sec": 7.787965616045845, "end_sec": 7.888252148997135}, "3": {"start_sec": 7.908309455587393, "end_sec": 9.994269340974213}}