{"0": {"start_sec": 7.446991404011461, "end_sec": 9.031518624641834}, "1": {"start_sec": 9.051575931232092, "end_sec": 9.07163323782235}}