{"0": {"start_sec": 0.9226361031518625, "end_sec": 2.4871060171919774}, "1": {"start_sec": 2.9684813753581665, "end_sec": 3.770773638968482}, "2": {"start_sec": 5.100286532951289, "end_sec": 5.4756446991404015}, "3": {"start_sec": 5.501432664756447, "end_sec": 5.581661891117479}, "4": {"start_sec": 5.621776504297994, "end_sec": 5.641833810888253}, "5": {"start_sec": 6.243553008595988, "end_sec": 6.383954154727794}, "6": {"start_sec": 6.404011461318052, "end_sec": 6.4240687679083095}}