{"0": {"start_sec": 5.756446991404012, "end_sec": 5.77650429799427}}