{"0": {"start_sec": 3.2492836676217767, "end_sec": 6.5386819484240695}, "1": {"start_sec": 6.558739255014327, "end_sec": 6.98567335243553}, "2": {"start_sec": 7.005730659025788, "end_sec": 8.670487106017193}, "3": {"start_sec": 9.232091690544413, "end_sec": 9.994269340974213}}