{"0": {"start_sec": 3.550143266475645, "end_sec": 3.570200573065903}, "1": {"start_sec": 3.7306590257879657, "end_sec": 3.7507163323782238}, "2": {"start_sec": 3.830945558739255, "end_sec": 4.111747851002866}, "3": {"start_sec": 5.982808022922637, "end_sec": 8.289398280802292}}