{"0": {"start_sec": 0.6217765042979944, "end_sec": 0.66189111747851}, "1": {"start_sec": 0.8022922636103152, "end_sec": 0.8223495702005731}, "2": {"start_sec": 0.842406876790831, "end_sec": 0.8825214899713467}, "3": {"start_sec": 5.174785100286534, "end_sec": 6.1977077363896855}, "4": {"start_sec": 7.306590257879656, "end_sec": 7.36676217765043}}