{"0": {"start_sec": 2.567335243553009, "end_sec": 3.1690544412607453}, "1": {"start_sec": 4.191977077363897, "end_sec": 4.232091690544413}}