{"0": {"start_sec": 8.12893982808023, "end_sec": 8.148997134670488}, "1": {"start_sec": 8.329512893982809, "end_sec": 8.349570200573066}, "2": {"start_sec": 8.369627507163324, "end_sec": 8.469914040114613}}