{"0": {"start_sec": 2.587392550143267, "end_sec": 5.435530085959885}}