{"0": {"start_sec": 7.767908309455588, "end_sec": 8.40974212034384}, "1": {"start_sec": 9.272206303724928, "end_sec": 9.73352435530086}}