{"0": {"start_sec": 4.853868194842407, "end_sec": 6.017191977077364}}