{"0": {"start_sec": 4.031518624641834, "end_sec": 4.633237822349571}, "1": {"start_sec": 5.621776504297994, "end_sec": 9.893982808022923}}