{"0": {"start_sec": 0.9226361031518625, "end_sec": 2.6876790830945563}, "1": {"start_sec": 2.707736389684814, "end_sec": 2.7679083094555876}, "2": {"start_sec": 3.2693409742120347, "end_sec": 3.2893982808022924}, "3": {"start_sec": 3.530085959885387, "end_sec": 3.570200573065903}, "4": {"start_sec": 4.974212034383955, "end_sec": 5.736389684813754}, "5": {"start_sec": 7.346704871060172, "end_sec": 9.954154727793696}}