{"0": {"start_sec": 2.507163323782235, "end_sec": 2.707736389684814}, "1": {"start_sec": 2.8080229226361033, "end_sec": 3.008595988538682}, "2": {"start_sec": 4.412607449856734, "end_sec": 4.532951289398281}, "3": {"start_sec": 4.553008595988539, "end_sec": 4.633237822349571}, "4": {"start_sec": 4.6532951289398286, "end_sec": 6.865329512893982}}