{"0": {"start_sec": 1.4641833810888254, "end_sec": 3.349570200573066}}