{"0": {"start_sec": 8.670487106017193, "end_sec": 9.392550143266476}, "1": {"start_sec": 9.45272206303725, "end_sec": 9.472779369627506}}