{"0": {"start_sec": 3.1088825214899716, "end_sec": 3.1289398280802296}, "1": {"start_sec": 8.048710601719197, "end_sec": 8.289398280802292}, "2": {"start_sec": 9.212034383954155, "end_sec": 10.034383954154729}}