{"0": {"start_sec": 0.26074498567335247, "end_sec": 1.363896848137536}, "1": {"start_sec": 1.3839541547277938, "end_sec": 1.4040114613180517}, "2": {"start_sec": 1.4240687679083095, "end_sec": 1.4441260744985676}}