{"0": {"start_sec": 2.4269340974212037, "end_sec": 2.4871060171919774}, "1": {"start_sec": 2.587392550143267, "end_sec": 2.6074498567335245}, "2": {"start_sec": 5.200573065902579, "end_sec": 5.501432664756447}, "3": {"start_sec": 5.521489971346705, "end_sec": 5.541547277936963}, "4": {"start_sec": 5.621776504297994, "end_sec": 5.882521489971347}, "5": {"start_sec": 6.002865329512894, "end_sec": 6.04297994269341}, "6": {"start_sec": 6.083094555873926, "end_sec": 6.143266475644699}, "7": {"start_sec": 6.404011461318052, "end_sec": 6.744985673352436}, "8": {"start_sec": 8.550143266475645, "end_sec": 9.091690544412607}, "9": {"start_sec": 9.412607449856733, "end_sec": 10.034383954154729}}