{"0": {"start_sec": 6.04297994269341, "end_sec": 6.444126074498568}, "1": {"start_sec": 6.04297994269341, "end_sec": 6.444126074498568}}