{"0": {"start_sec": 4.633237822349571, "end_sec": 5.3753581661891126}, "1": {"start_sec": 9.312320916905446, "end_sec": 9.633237822349571}}