{"0": {"start_sec": 0.060171919770773644, "end_sec": 0.9226361031518625}}