{"0": {"start_sec": 3.8710601719197713, "end_sec": 4.292263610315187}, "1": {"start_sec": 7.206303724928366, "end_sec": 8.670487106017193}, "2": {"start_sec": 8.710601719197708, "end_sec": 8.750716332378223}}