{"0": {"start_sec": 0.2005730659025788, "end_sec": 0.26074498567335247}, "1": {"start_sec": 0.2808022922636103, "end_sec": 0.38108882521489973}, "2": {"start_sec": 0.6017191977077364, "end_sec": 0.6217765042979944}, "3": {"start_sec": 0.66189111747851, "end_sec": 0.681948424068768}, "4": {"start_sec": 0.7421203438395416, "end_sec": 0.7822349570200574}, "5": {"start_sec": 1.4040114613180517, "end_sec": 1.4240687679083095}, "6": {"start_sec": 1.4842406876790832, "end_sec": 2.6074498567335245}}