{"0": {"start_sec": 1.7650429799426934, "end_sec": 2.3266475644699143}}