{"0": {"start_sec": 0.5816618911174786, "end_sec": 0.681948424068768}, "1": {"start_sec": 1.845272206303725, "end_sec": 2.005730659025788}, "2": {"start_sec": 2.0659025787965617, "end_sec": 2.0859598853868198}, "3": {"start_sec": 2.4871060171919774, "end_sec": 3.02865329512894}, "4": {"start_sec": 3.048710601719198, "end_sec": 3.6103151862464187}, "5": {"start_sec": 4.332378223495702, "end_sec": 5.275071633237823}}