{"0": {"start_sec": 7.587392550143267, "end_sec": 9.031518624641834}}