{"0": {"start_sec": 0.7822349570200574, "end_sec": 3.02865329512894}, "1": {"start_sec": 5.1203438395415475, "end_sec": 7.54727793696275}, "2": {"start_sec": 5.1203438395415475, "end_sec": 7.54727793696275}, "3": {"start_sec": 8.790830945558739, "end_sec": 10.01432664756447}}