{"0": {"start_sec": 1.7851002865329515, "end_sec": 1.885386819484241}, "1": {"start_sec": 6.598853868194843, "end_sec": 6.618911174785101}, "2": {"start_sec": 7.487106017191977, "end_sec": 9.091690544412607}}