{"0": {"start_sec": 0.6217765042979944, "end_sec": 1.183381088825215}, "1": {"start_sec": 1.2034383954154728, "end_sec": 1.32378223495702}, "2": {"start_sec": 1.3438395415472781, "end_sec": 1.363896848137536}, "3": {"start_sec": 3.830945558739255, "end_sec": 7.507163323782235}, "4": {"start_sec": 9.37249283667622, "end_sec": 9.813753581661892}, "5": {"start_sec": 9.833810888252149, "end_sec": 9.954154727793696}}