{"0": {"start_sec": 0.04011461318051576, "end_sec": 0.7220630372492838}, "1": {"start_sec": 0.7421203438395416, "end_sec": 1.32378223495702}, "2": {"start_sec": 1.3438395415472781, "end_sec": 1.3839541547277938}, "3": {"start_sec": 1.4040114613180517, "end_sec": 1.504297994269341}, "4": {"start_sec": 3.429799426934098, "end_sec": 3.6504297994269344}, "5": {"start_sec": 4.312320916905445, "end_sec": 4.9942693409742125}, "6": {"start_sec": 5.034383954154729, "end_sec": 5.074498567335244}, "7": {"start_sec": 5.441260744985673, "end_sec": 6.70487106017192}, "8": {"start_sec": 7.54727793696275, "end_sec": 7.567335243553009}, "9": {"start_sec": 8.369627507163324, "end_sec": 8.931232091690545}}