{"0": {"start_sec": 6.6647564469914045, "end_sec": 6.724928366762178}, "1": {"start_sec": 7.908309455587393, "end_sec": 8.389684813753583}, "2": {"start_sec": 8.469914040114613, "end_sec": 8.489971346704872}}