{"0": {"start_sec": 0.44126074498567336, "end_sec": 0.46131805157593125}, "1": {"start_sec": 0.48137535816618915, "end_sec": 0.5214899713467049}, "2": {"start_sec": 0.5415472779369628, "end_sec": 1.9054441260744988}, "3": {"start_sec": 1.9656160458452723, "end_sec": 2.045845272206304}, "4": {"start_sec": 2.0859598853868198, "end_sec": 2.1461318051575935}}