{"0": {"start_sec": 0.9226361031518625, "end_sec": 0.9426934097421205}, "1": {"start_sec": 2.7679083094555876, "end_sec": 3.9512893982808026}, "2": {"start_sec": 5.0, "end_sec": 6.644699140401146}, "3": {"start_sec": 5.0, "end_sec": 6.644699140401146}}