{"0": {"start_sec": 0.0, "end_sec": 0.66189111747851}, "1": {"start_sec": 4.091690544412608, "end_sec": 5.335243553008596}, "2": {"start_sec": 6.865329512893982, "end_sec": 9.45272206303725}}