{"0": {"start_sec": 3.69054441260745, "end_sec": 4.713467048710602}, "1": {"start_sec": 5.77650429799427, "end_sec": 5.796561604584528}, "2": {"start_sec": 5.896848137535817, "end_sec": 5.997134670487107}, "3": {"start_sec": 8.630372492836676, "end_sec": 9.873925501432666}}