{"0": {"start_sec": 2.7478510028653296, "end_sec": 5.174785100286534}, "1": {"start_sec": 5.535816618911175, "end_sec": 5.756446991404012}}