{"0": {"start_sec": 3.048710601719198, "end_sec": 5.074498567335244}, "1": {"start_sec": 6.277936962750717, "end_sec": 7.988538681948424}}