{"0": {"start_sec": 0.0, "end_sec": 4.853868194842407}, "1": {"start_sec": 8.329512893982809, "end_sec": 10.01432664756447}}