{"0": {"start_sec": 0.0, "end_sec": 1.1633237822349571}, "1": {"start_sec": 1.363896848137536, "end_sec": 1.885386819484241}, "2": {"start_sec": 2.045845272206304, "end_sec": 2.7879656160458457}, "3": {"start_sec": 2.8080229226361033, "end_sec": 6.979942693409742}, "4": {"start_sec": 7.7277936962750715, "end_sec": 8.40974212034384}, "5": {"start_sec": 8.97134670487106, "end_sec": 8.991404011461318}, "6": {"start_sec": 9.713467048710601, "end_sec": 9.793696275071634}}