{"0": {"start_sec": 0.842406876790831, "end_sec": 1.1432664756446993}, "1": {"start_sec": 1.363896848137536, "end_sec": 1.4040114613180517}, "2": {"start_sec": 2.7879656160458457, "end_sec": 9.693409742120345}}