{"0": {"start_sec": 0.9226361031518625, "end_sec": 2.6074498567335245}, "1": {"start_sec": 4.292263610315187, "end_sec": 5.435530085959885}}