{"0": {"start_sec": 1.5845272206303727, "end_sec": 1.684813753581662}, "1": {"start_sec": 9.553008595988539, "end_sec": 10.01432664756447}}