{"0": {"start_sec": 8.790830945558739, "end_sec": 8.931232091690545}}