{"0": {"start_sec": 0.4011461318051576, "end_sec": 1.022922636103152}, "1": {"start_sec": 1.0830945558739256, "end_sec": 1.1432664756446993}, "2": {"start_sec": 1.1633237822349571, "end_sec": 1.2234957020057307}, "3": {"start_sec": 3.6504297994269344, "end_sec": 4.9942693409742125}, "4": {"start_sec": 6.584527220630372, "end_sec": 6.604584527220631}, "5": {"start_sec": 6.6647564469914045, "end_sec": 6.684813753581662}, "6": {"start_sec": 6.70487106017192, "end_sec": 6.724928366762178}, "7": {"start_sec": 6.744985673352436, "end_sec": 10.01432664756447}}