{"0": {"start_sec": 0.0, "end_sec": 0.02005730659025788}, "1": {"start_sec": 0.04011461318051576, "end_sec": 0.060171919770773644}, "2": {"start_sec": 0.08022922636103152, "end_sec": 0.12034383954154729}, "3": {"start_sec": 0.14040114613180515, "end_sec": 3.7908309455587395}, "4": {"start_sec": 3.891117478510029, "end_sec": 3.911174785100287}, "5": {"start_sec": 3.9312320916905446, "end_sec": 3.9512893982808026}, "6": {"start_sec": 4.532951289398281, "end_sec": 5.335243553008596}, "7": {"start_sec": 8.429799426934098, "end_sec": 10.01432664756447}}