{"0": {"start_sec": 1.4040114613180517, "end_sec": 2.4670487106017194}, "1": {"start_sec": 2.4871060171919774, "end_sec": 3.2492836676217767}, "2": {"start_sec": 3.40974212034384, "end_sec": 5.4756446991404015}, "3": {"start_sec": 5.595988538681949, "end_sec": 5.916905444126075}, "4": {"start_sec": 6.077363896848138, "end_sec": 6.117478510028654}, "5": {"start_sec": 6.137535816618912, "end_sec": 6.1977077363896855}, "6": {"start_sec": 6.203438395415473, "end_sec": 6.358166189111748}, "7": {"start_sec": 6.584527220630372, "end_sec": 7.326647564469914}, "8": {"start_sec": 9.412607449856733, "end_sec": 9.432664756446993}}