{"0": {"start_sec": 5.66189111747851, "end_sec": 7.667621776504298}, "1": {"start_sec": 7.687679083094556, "end_sec": 7.74785100286533}, "2": {"start_sec": 9.091690544412607, "end_sec": 9.813753581661892}}