{"0": {"start_sec": 1.3438395415472781, "end_sec": 1.8051575931232093}}