{"0": {"start_sec": 2.707736389684814, "end_sec": 2.727793696275072}, "1": {"start_sec": 2.7679083094555876, "end_sec": 2.7879656160458457}, "2": {"start_sec": 2.8080229226361033, "end_sec": 2.9083094555873927}, "3": {"start_sec": 2.928366762177651, "end_sec": 3.048710601719198}, "4": {"start_sec": 8.931232091690545, "end_sec": 10.01432664756447}}