{"0": {"start_sec": 7.2464183381088825, "end_sec": 7.26647564469914}, "1": {"start_sec": 7.36676217765043, "end_sec": 8.148997134670488}, "2": {"start_sec": 8.169054441260744, "end_sec": 8.229226361031518}}