{"0": {"start_sec": 2.206303724928367, "end_sec": 3.2893982808022924}, "1": {"start_sec": 4.773638968481376, "end_sec": 5.335243553008596}}