{"0": {"start_sec": 3.4498567335243555, "end_sec": 7.527220630372494}}