{"0": {"start_sec": 0.7621776504297995, "end_sec": 1.9656160458452723}, "1": {"start_sec": 2.988538681948424, "end_sec": 3.40974212034384}, "2": {"start_sec": 4.131805157593123, "end_sec": 4.151862464183381}, "3": {"start_sec": 4.1719197707736395, "end_sec": 4.793696275071634}, "4": {"start_sec": 4.813753581661891, "end_sec": 5.621776504297994}, "5": {"start_sec": 5.0, "end_sec": 5.621776504297994}, "6": {"start_sec": 6.04297994269341, "end_sec": 8.710601719197708}, "7": {"start_sec": 8.790830945558739, "end_sec": 10.01432664756447}}