{"0": {"start_sec": 1.8653295128939829, "end_sec": 6.598853868194843}, "1": {"start_sec": 8.931232091690545, "end_sec": 10.01432664756447}}