{"0": {"start_sec": 0.12034383954154729, "end_sec": 0.9226361031518625}, "1": {"start_sec": 3.7507163323782238, "end_sec": 4.151862464183381}}