{"0": {"start_sec": 5.922636103151863, "end_sec": 5.9426934097421205}, "1": {"start_sec": 6.3237822349570205, "end_sec": 7.045845272206304}, "2": {"start_sec": 7.065902578796562, "end_sec": 7.1461318051575935}, "3": {"start_sec": 8.97134670487106, "end_sec": 9.593123209169054}}