{"0": {"start_sec": 1.6246418338108883, "end_sec": 1.6446991404011462}, "1": {"start_sec": 3.4699140401146136, "end_sec": 3.550143266475645}, "2": {"start_sec": 3.570200573065903, "end_sec": 3.6303724928366763}, "3": {"start_sec": 4.914040114613181, "end_sec": 8.329512893982809}, "4": {"start_sec": 5.0, "end_sec": 8.329512893982809}, "5": {"start_sec": 5.0, "end_sec": 8.329512893982809}}