{"0": {"start_sec": 2.186246418338109, "end_sec": 3.048710601719198}}