{"0": {"start_sec": 2.1260744985673354, "end_sec": 2.186246418338109}, "1": {"start_sec": 2.2865329512893986, "end_sec": 2.346704871060172}, "2": {"start_sec": 2.36676217765043, "end_sec": 2.386819484240688}, "3": {"start_sec": 2.4068767908309456, "end_sec": 2.4269340974212037}, "4": {"start_sec": 2.527220630372493, "end_sec": 2.567335243553009}, "5": {"start_sec": 2.587392550143267, "end_sec": 2.667621776504298}, "6": {"start_sec": 7.08595988538682, "end_sec": 7.587392550143267}, "7": {"start_sec": 8.489971346704872, "end_sec": 10.034383954154729}}