{"0": {"start_sec": 5.1203438395415475, "end_sec": 5.481375358166189}, "1": {"start_sec": 5.581661891117479, "end_sec": 5.6017191977077365}, "2": {"start_sec": 5.856733524355302, "end_sec": 5.876790830945559}, "3": {"start_sec": 5.977077363896848, "end_sec": 6.398280802292264}}