{"0": {"start_sec": 1.684813753581662, "end_sec": 2.166189111747851}, "1": {"start_sec": 2.186246418338109, "end_sec": 2.206303724928367}}