{"0": {"start_sec": 3.710601719197708, "end_sec": 3.7306590257879657}, "1": {"start_sec": 3.7507163323782238, "end_sec": 4.773638968481376}, "2": {"start_sec": 7.26647564469914, "end_sec": 9.512893982808023}, "3": {"start_sec": 9.53295128939828, "end_sec": 9.633237822349571}, "4": {"start_sec": 9.713467048710601, "end_sec": 9.73352435530086}}