{"0": {"start_sec": 1.1232091690544412, "end_sec": 3.4699140401146136}}