{"0": {"start_sec": 8.10888252148997, "end_sec": 8.229226361031518}, "1": {"start_sec": 8.630372492836676, "end_sec": 9.893982808022923}}