{"0": {"start_sec": 3.9713467048710607, "end_sec": 5.214899713467049}, "1": {"start_sec": 5.315186246418339, "end_sec": 5.335243553008596}, "2": {"start_sec": 6.177650429799427, "end_sec": 6.979942693409742}, "3": {"start_sec": 8.249283667621777, "end_sec": 8.30945558739255}, "4": {"start_sec": 8.40974212034384, "end_sec": 8.429799426934098}, "5": {"start_sec": 8.469914040114613, "end_sec": 8.530085959885387}, "6": {"start_sec": 8.570200573065904, "end_sec": 8.61031518624642}, "7": {"start_sec": 8.630372492836676, "end_sec": 8.650429799426934}, "8": {"start_sec": 8.670487106017193, "end_sec": 8.730659025787965}, "9": {"start_sec": 8.750716332378223, "end_sec": 8.830945558739256}, "10": {"start_sec": 8.911174785100286, "end_sec": 8.951289398280803}, "11": {"start_sec": 8.97134670487106, "end_sec": 9.031518624641834}}