{"0": {"start_sec": 1.1633237822349571, "end_sec": 1.183381088825215}, "1": {"start_sec": 1.2234957020057307, "end_sec": 2.64756446991404}, "2": {"start_sec": 2.667621776504298, "end_sec": 2.707736389684814}}