{"0": {"start_sec": 5.194842406876791, "end_sec": 5.335243553008596}, "1": {"start_sec": 5.355300859598854, "end_sec": 5.435530085959885}}