{"0": {"start_sec": 1.8252148997134672, "end_sec": 1.845272206303725}, "1": {"start_sec": 1.8653295128939829, "end_sec": 2.64756446991404}, "2": {"start_sec": 4.472779369627507, "end_sec": 8.289398280802292}, "3": {"start_sec": 5.0, "end_sec": 8.289398280802292}, "4": {"start_sec": 5.0, "end_sec": 8.289398280802292}, "5": {"start_sec": 8.30945558739255, "end_sec": 10.01432664756447}}