{"0": {"start_sec": 0.18051575931232094, "end_sec": 0.2005730659025788}, "1": {"start_sec": 0.340974212034384, "end_sec": 0.38108882521489973}, "2": {"start_sec": 0.4011461318051576, "end_sec": 0.44126074498567336}, "3": {"start_sec": 0.46131805157593125, "end_sec": 1.885386819484241}, "4": {"start_sec": 2.6275071633237825, "end_sec": 2.667621776504298}, "5": {"start_sec": 2.707736389684814, "end_sec": 3.189111747851003}, "6": {"start_sec": 3.7908309455587395, "end_sec": 3.8108882521489975}, "7": {"start_sec": 3.8710601719197713, "end_sec": 3.9512893982808026}, "8": {"start_sec": 4.252148997134671, "end_sec": 7.8681948424068775}, "9": {"start_sec": 5.0, "end_sec": 7.8681948424068775}, "10": {"start_sec": 5.0, "end_sec": 7.8681948424068775}, "11": {"start_sec": 8.048710601719197, "end_sec": 10.034383954154729}}