{"0": {"start_sec": 1.7851002865329515, "end_sec": 2.186246418338109}, "1": {"start_sec": 5.260744985673353, "end_sec": 7.446991404011461}, "2": {"start_sec": 7.587392550143267, "end_sec": 7.8681948424068775}, "3": {"start_sec": 7.928366762177651, "end_sec": 8.068767908309455}, "4": {"start_sec": 8.148997134670488, "end_sec": 8.189111747851003}, "5": {"start_sec": 8.630372492836676, "end_sec": 8.650429799426934}, "6": {"start_sec": 8.670487106017193, "end_sec": 9.853868194842407}}