{"0": {"start_sec": 0.7421203438395416, "end_sec": 0.7621776504297995}, "1": {"start_sec": 0.8022922636103152, "end_sec": 0.9627507163323783}, "2": {"start_sec": 1.002865329512894, "end_sec": 1.0830945558739256}, "3": {"start_sec": 7.587392550143267, "end_sec": 8.630372492836676}}