{"0": {"start_sec": 0.501432664756447, "end_sec": 0.5415472779369628}, "1": {"start_sec": 0.9025787965616047, "end_sec": 1.1432664756446993}}