{"0": {"start_sec": 1.2636103151862466, "end_sec": 1.32378223495702}, "1": {"start_sec": 1.3438395415472781, "end_sec": 1.7249283667621778}, "2": {"start_sec": 6.404011461318052, "end_sec": 8.369627507163324}, "3": {"start_sec": 8.911174785100286, "end_sec": 9.593123209169054}}