{"0": {"start_sec": 1.363896848137536, "end_sec": 1.3839541547277938}, "1": {"start_sec": 1.4040114613180517, "end_sec": 1.5644699140401148}, "2": {"start_sec": 1.5845272206303727, "end_sec": 5.575931232091691}, "3": {"start_sec": 5.616045845272207, "end_sec": 5.656160458452723}}