{"0": {"start_sec": 1.7650429799426934, "end_sec": 1.9455587392550144}, "1": {"start_sec": 4.73352435530086, "end_sec": 5.421203438395415}, "2": {"start_sec": 5.461318051575931, "end_sec": 5.541547277936963}, "3": {"start_sec": 5.722063037249284, "end_sec": 6.80515759312321}, "4": {"start_sec": 9.753581661891118, "end_sec": 9.773638968481375}, "5": {"start_sec": 9.793696275071634, "end_sec": 9.974212034383955}}