{"0": {"start_sec": 0.04011461318051576, "end_sec": 2.4068767908309456}, "1": {"start_sec": 4.492836676217765, "end_sec": 6.584527220630372}, "2": {"start_sec": 7.607449856733524, "end_sec": 7.667621776504298}, "3": {"start_sec": 7.74785100286533, "end_sec": 7.767908309455588}}