{"0": {"start_sec": 0.060171919770773644, "end_sec": 0.12034383954154729}, "1": {"start_sec": 1.1232091690544412, "end_sec": 1.6045845272206305}, "2": {"start_sec": 1.6246418338108883, "end_sec": 1.684813753581662}, "3": {"start_sec": 1.70487106017192, "end_sec": 1.7249283667621778}, "4": {"start_sec": 1.7449856733524356, "end_sec": 1.7851002865329515}, "5": {"start_sec": 1.845272206303725, "end_sec": 1.8653295128939829}, "6": {"start_sec": 3.550143266475645, "end_sec": 3.9713467048710607}, "7": {"start_sec": 6.825214899713467, "end_sec": 10.01432664756447}}