{"0": {"start_sec": 0.02005730659025788, "end_sec": 0.9226361031518625}, "1": {"start_sec": 6.4240687679083095, "end_sec": 6.444126074498568}, "2": {"start_sec": 6.504297994269341, "end_sec": 6.644699140401146}}