{"0": {"start_sec": 8.97134670487106, "end_sec": 9.252148997134672}, "1": {"start_sec": 9.492836676217765, "end_sec": 9.553008595988539}, "2": {"start_sec": 9.573065902578797, "end_sec": 9.693409742120345}, "3": {"start_sec": 9.713467048710601, "end_sec": 10.01432664756447}}