{"0": {"start_sec": 7.928366762177651, "end_sec": 8.389684813753583}, "1": {"start_sec": 8.40974212034384, "end_sec": 8.469914040114613}, "2": {"start_sec": 9.573065902578797, "end_sec": 9.994269340974213}}