{"0": {"start_sec": 7.206303724928366, "end_sec": 9.37249283667622}, "1": {"start_sec": 9.773638968481375, "end_sec": 9.833810888252149}}