{"0": {"start_sec": 4.031518624641834, "end_sec": 6.097421203438396}}