{"0": {"start_sec": 6.1833810888252145, "end_sec": 7.005730659025788}, "1": {"start_sec": 7.08595988538682, "end_sec": 7.166189111747851}}