{"0": {"start_sec": 0.48137535816618915, "end_sec": 0.501432664756447}, "1": {"start_sec": 0.5214899713467049, "end_sec": 6.418338108882522}, "2": {"start_sec": 8.650429799426934, "end_sec": 10.01432664756447}}