{"0": {"start_sec": 2.4670487106017194, "end_sec": 2.4871060171919774}, "1": {"start_sec": 4.011461318051576, "end_sec": 6.263610315186247}, "2": {"start_sec": 6.3237822349570205, "end_sec": 6.343839541547278}, "3": {"start_sec": 6.624641833810888, "end_sec": 6.644699140401146}, "4": {"start_sec": 6.684813753581662, "end_sec": 7.767908309455588}, "5": {"start_sec": 7.908309455587393, "end_sec": 7.928366762177651}, "6": {"start_sec": 8.489971346704872, "end_sec": 8.51002865329513}, "7": {"start_sec": 8.550143266475645, "end_sec": 8.570200573065904}, "8": {"start_sec": 8.61031518624642, "end_sec": 9.332378223495702}}