{"0": {"start_sec": 8.449856733524356, "end_sec": 9.793696275071634}}