{"0": {"start_sec": 4.031518624641834, "end_sec": 4.07163323782235}, "1": {"start_sec": 4.091690544412608, "end_sec": 4.432664756446992}, "2": {"start_sec": 5.0, "end_sec": 5.28080229226361}, "3": {"start_sec": 6.022922636103152, "end_sec": 9.111747851002866}, "4": {"start_sec": 9.131805157593124, "end_sec": 9.292263610315187}}