{"0": {"start_sec": 3.710601719197708, "end_sec": 3.7306590257879657}, "1": {"start_sec": 3.7507163323782238, "end_sec": 7.08595988538682}, "2": {"start_sec": 5.0, "end_sec": 7.08595988538682}}