{"0": {"start_sec": 0.501432664756447, "end_sec": 1.0429799426934099}, "1": {"start_sec": 1.70487106017192, "end_sec": 2.6876790830945563}, "2": {"start_sec": 2.727793696275072, "end_sec": 2.7478510028653296}, "3": {"start_sec": 2.848137535816619, "end_sec": 3.02865329512894}, "4": {"start_sec": 3.911174785100287, "end_sec": 4.011461318051576}, "5": {"start_sec": 4.031518624641834, "end_sec": 4.051575931232092}, "6": {"start_sec": 4.07163323782235, "end_sec": 4.1719197707736395}, "7": {"start_sec": 5.722063037249284, "end_sec": 5.922636103151863}, "8": {"start_sec": 5.9426934097421205, "end_sec": 6.022922636103152}, "9": {"start_sec": 6.243553008595988, "end_sec": 6.4240687679083095}, "10": {"start_sec": 8.02865329512894, "end_sec": 9.813753581661892}}