{"0": {"start_sec": 6.618911174785101, "end_sec": 6.638968481375358}, "1": {"start_sec": 6.679083094555875, "end_sec": 6.699140401146132}, "2": {"start_sec": 6.71919770773639, "end_sec": 6.959885386819485}}