{"0": {"start_sec": 3.5902578796561606, "end_sec": 3.6504297994269344}, "1": {"start_sec": 3.6704871060171924, "end_sec": 4.673352435530086}, "2": {"start_sec": 4.693409742120344, "end_sec": 4.73352435530086}, "3": {"start_sec": 6.865329512893982, "end_sec": 6.925501432664756}, "4": {"start_sec": 6.965616045845272, "end_sec": 8.530085959885387}}