{"0": {"start_sec": 6.063037249283668, "end_sec": 8.229226361031518}, "1": {"start_sec": 8.249283667621777, "end_sec": 8.289398280802292}, "2": {"start_sec": 8.790830945558739, "end_sec": 8.810888252148997}, "3": {"start_sec": 8.830945558739256, "end_sec": 9.974212034383955}}