{"0": {"start_sec": 0.48137535816618915, "end_sec": 0.9226361031518625}, "1": {"start_sec": 1.002865329512894, "end_sec": 1.022922636103152}, "2": {"start_sec": 1.3839541547277938, "end_sec": 3.008595988538682}, "3": {"start_sec": 3.02865329512894, "end_sec": 3.048710601719198}, "4": {"start_sec": 6.925501432664756, "end_sec": 6.965616045845272}, "5": {"start_sec": 7.005730659025788, "end_sec": 7.025787965616046}, "6": {"start_sec": 7.045845272206304, "end_sec": 9.994269340974213}}