{"0": {"start_sec": 2.1260744985673354, "end_sec": 2.226361031518625}, "1": {"start_sec": 2.2664756446991405, "end_sec": 2.36676217765043}, "2": {"start_sec": 2.4068767908309456, "end_sec": 2.507163323782235}, "3": {"start_sec": 2.527220630372493, "end_sec": 2.5472779369627507}, "4": {"start_sec": 5.656160458452723, "end_sec": 5.936962750716333}}