{"0": {"start_sec": 1.504297994269341, "end_sec": 1.524355300859599}, "1": {"start_sec": 1.6446991404011462, "end_sec": 7.988538681948424}, "2": {"start_sec": 8.349570200573066, "end_sec": 10.01432664756447}}