{"0": {"start_sec": 0.08022922636103152, "end_sec": 0.8022922636103152}, "1": {"start_sec": 4.252148997134671, "end_sec": 8.369627507163324}, "2": {"start_sec": 9.512893982808023, "end_sec": 10.01432664756447}}