{"0": {"start_sec": 5.0, "end_sec": 7.808022922636104}, "1": {"start_sec": 5.0, "end_sec": 7.808022922636104}, "2": {"start_sec": 5.0, "end_sec": 7.808022922636104}, "3": {"start_sec": 5.0, "end_sec": 7.808022922636104}, "4": {"start_sec": 5.0, "end_sec": 7.808022922636104}, "5": {"start_sec": 8.02865329512894, "end_sec": 8.048710601719197}}