{"0": {"start_sec": 6.137535816618912, "end_sec": 6.979942693409742}}