{"0": {"start_sec": 0.0, "end_sec": 2.6876790830945563}, "1": {"start_sec": 6.98567335243553, "end_sec": 8.12893982808023}}