{"0": {"start_sec": 1.5644699140401148, "end_sec": 2.4269340974212037}, "1": {"start_sec": 2.4670487106017194, "end_sec": 2.527220630372493}, "2": {"start_sec": 4.011461318051576, "end_sec": 4.07163323782235}, "3": {"start_sec": 4.472779369627507, "end_sec": 4.492836676217765}, "4": {"start_sec": 7.54727793696275, "end_sec": 8.931232091690545}, "5": {"start_sec": 9.553008595988539, "end_sec": 9.974212034383955}}