{"0": {"start_sec": 3.2693409742120347, "end_sec": 4.432664756446992}, "1": {"start_sec": 4.773638968481376, "end_sec": 6.363896848137536}, "2": {"start_sec": 5.0, "end_sec": 6.363896848137536}, "3": {"start_sec": 6.383954154727794, "end_sec": 6.404011461318052}, "4": {"start_sec": 7.587392550143267, "end_sec": 8.289398280802292}, "5": {"start_sec": 8.30945558739255, "end_sec": 8.329512893982809}}