{"0": {"start_sec": 2.9684813753581665, "end_sec": 3.9914040114613183}, "1": {"start_sec": 4.111747851002866, "end_sec": 4.6532951289398286}, "2": {"start_sec": 4.673352435530086, "end_sec": 4.893982808022923}, "3": {"start_sec": 5.240687679083095, "end_sec": 5.862464183381089}}