{"0": {"start_sec": 5.882521489971347, "end_sec": 6.759312320916906}, "1": {"start_sec": 8.169054441260744, "end_sec": 8.229226361031518}, "2": {"start_sec": 8.269340974212035, "end_sec": 8.30945558739255}, "3": {"start_sec": 9.111747851002866, "end_sec": 9.53295128939828}}