{"0": {"start_sec": 4.312320916905445, "end_sec": 4.853868194842407}, "1": {"start_sec": 4.873925501432665, "end_sec": 4.954154727793696}, "2": {"start_sec": 4.974212034383955, "end_sec": 5.074498567335244}, "3": {"start_sec": 5.194842406876791, "end_sec": 5.275071633237823}, "4": {"start_sec": 5.315186246418339, "end_sec": 5.335243553008596}, "5": {"start_sec": 5.355300859598854, "end_sec": 5.535816618911175}, "6": {"start_sec": 5.696275071633238, "end_sec": 5.736389684813754}}