{"0": {"start_sec": 3.6103151862464187, "end_sec": 10.01432664756447}}