{"0": {"start_sec": 5.0, "end_sec": 5.180515759312321}, "1": {"start_sec": 5.200573065902579, "end_sec": 5.300859598853868}, "2": {"start_sec": 8.810888252148997, "end_sec": 8.89111747851003}, "3": {"start_sec": 8.911174785100286, "end_sec": 9.633237822349571}}