{"0": {"start_sec": 0.16045845272206305, "end_sec": 0.18051575931232094}, "1": {"start_sec": 0.2005730659025788, "end_sec": 0.26074498567335247}, "2": {"start_sec": 0.3008595988538682, "end_sec": 7.888252148997135}}