{"0": {"start_sec": 0.22063037249283668, "end_sec": 0.3008595988538682}, "1": {"start_sec": 0.3610315186246419, "end_sec": 0.4212034383954155}, "2": {"start_sec": 0.44126074498567336, "end_sec": 0.5214899713467049}, "3": {"start_sec": 0.6217765042979944, "end_sec": 0.9627507163323783}, "4": {"start_sec": 5.0, "end_sec": 6.363896848137536}, "5": {"start_sec": 5.0, "end_sec": 6.363896848137536}, "6": {"start_sec": 9.492836676217765, "end_sec": 9.53295128939828}, "7": {"start_sec": 9.553008595988539, "end_sec": 9.573065902578797}, "8": {"start_sec": 9.753581661891118, "end_sec": 9.853868194842407}}