{"0": {"start_sec": 1.022922636103152, "end_sec": 1.6446991404011462}}