{"0": {"start_sec": 7.9684813753581665, "end_sec": 9.974212034383955}}