{"0": {"start_sec": 6.243553008595988, "end_sec": 7.045845272206304}}