{"0": {"start_sec": 0.7621776504297995, "end_sec": 1.7650429799426934}, "1": {"start_sec": 3.851002865329513, "end_sec": 5.29512893982808}, "2": {"start_sec": 6.71919770773639, "end_sec": 6.739255014326648}, "3": {"start_sec": 9.753581661891118, "end_sec": 9.994269340974213}}