{"0": {"start_sec": 2.988538681948424, "end_sec": 3.1690544412607453}, "1": {"start_sec": 3.189111747851003, "end_sec": 3.3094555873925504}, "2": {"start_sec": 6.404011461318052, "end_sec": 6.98567335243553}, "3": {"start_sec": 9.212034383954155, "end_sec": 10.034383954154729}}