{"0": {"start_sec": 0.02005730659025788, "end_sec": 0.24068767908309457}, "1": {"start_sec": 0.26074498567335247, "end_sec": 0.2808022922636103}, "2": {"start_sec": 0.3209169054441261, "end_sec": 0.340974212034384}, "3": {"start_sec": 0.38108882521489973, "end_sec": 0.44126074498567336}, "4": {"start_sec": 1.1432664756446993, "end_sec": 1.1633237822349571}, "5": {"start_sec": 1.183381088825215, "end_sec": 1.3037249283667622}, "6": {"start_sec": 2.507163323782235, "end_sec": 2.5472779369627507}, "7": {"start_sec": 2.64756446991404, "end_sec": 2.868194842406877}, "8": {"start_sec": 4.051575931232092, "end_sec": 8.750716332378223}}