{"0": {"start_sec": 0.5214899713467049, "end_sec": 1.0429799426934099}, "1": {"start_sec": 5.842406876790831, "end_sec": 5.922636103151863}}