{"0": {"start_sec": 0.0, "end_sec": 0.9426934097421205}, "1": {"start_sec": 0.9627507163323783, "end_sec": 5.1203438395415475}, "2": {"start_sec": 6.885386819484241, "end_sec": 6.965616045845272}, "3": {"start_sec": 7.166189111747851, "end_sec": 9.773638968481375}}