{"0": {"start_sec": 0.16045845272206305, "end_sec": 0.2005730659025788}, "1": {"start_sec": 0.38108882521489973, "end_sec": 0.5616045845272206}, "2": {"start_sec": 0.5816618911174786, "end_sec": 0.6017191977077364}, "3": {"start_sec": 0.7020057306590258, "end_sec": 1.70487106017192}, "4": {"start_sec": 1.7449856733524356, "end_sec": 1.8252148997134672}, "5": {"start_sec": 1.9656160458452723, "end_sec": 2.025787965616046}, "6": {"start_sec": 2.045845272206304, "end_sec": 3.349570200573066}, "7": {"start_sec": 4.73352435530086, "end_sec": 4.934097421203439}, "8": {"start_sec": 5.160458452722063, "end_sec": 6.504297994269341}, "9": {"start_sec": 6.564469914040115, "end_sec": 9.994269340974213}, "10": {"start_sec": 10.01432664756447, "end_sec": 10.034383954154729}}