{"0": {"start_sec": 3.4498567335243555, "end_sec": 6.638968481375358}}