{"0": {"start_sec": 0.6017191977077364, "end_sec": 1.3438395415472781}, "1": {"start_sec": 2.206303724928367, "end_sec": 2.888252148997135}, "2": {"start_sec": 4.6532951289398286, "end_sec": 5.916905444126075}, "3": {"start_sec": 7.828080229226361, "end_sec": 7.8681948424068775}, "4": {"start_sec": 7.888252148997135, "end_sec": 9.232091690544413}}