{"0": {"start_sec": 2.4670487106017194, "end_sec": 9.633237822349571}, "1": {"start_sec": 9.673352435530086, "end_sec": 9.693409742120345}, "2": {"start_sec": 9.713467048710601, "end_sec": 9.994269340974213}}