{"0": {"start_sec": 1.4441260744985676, "end_sec": 1.504297994269341}, "1": {"start_sec": 1.5444126074498568, "end_sec": 1.5644699140401148}, "2": {"start_sec": 1.885386819484241, "end_sec": 4.312320916905445}, "3": {"start_sec": 4.332378223495702, "end_sec": 4.35243553008596}, "4": {"start_sec": 5.756446991404012, "end_sec": 6.598853868194843}}