{"0": {"start_sec": 5.441260744985673, "end_sec": 5.56160458452722}, "1": {"start_sec": 6.9054441260744985, "end_sec": 7.045845272206304}, "2": {"start_sec": 7.18624641833811, "end_sec": 7.2464183381088825}}