{"0": {"start_sec": 0.22063037249283668, "end_sec": 0.24068767908309457}, "1": {"start_sec": 0.44126074498567336, "end_sec": 10.034383954154729}}