{"0": {"start_sec": 2.2464183381088825, "end_sec": 3.1489971346704873}}