{"0": {"start_sec": 6.338108882521491, "end_sec": 6.358166189111748}, "1": {"start_sec": 6.659025787965617, "end_sec": 6.71919770773639}, "2": {"start_sec": 6.739255014326648, "end_sec": 6.959885386819485}}