{"0": {"start_sec": 6.845272206303725, "end_sec": 7.46704871060172}, "1": {"start_sec": 7.507163323782235, "end_sec": 7.74785100286533}}