{"0": {"start_sec": 3.3295128939828085, "end_sec": 4.392550143266476}, "1": {"start_sec": 5.842406876790831, "end_sec": 7.18624641833811}, "2": {"start_sec": 7.26647564469914, "end_sec": 7.286532951289399}, "3": {"start_sec": 7.306590257879656, "end_sec": 7.346704871060172}}