{"0": {"start_sec": 0.24068767908309457, "end_sec": 1.1031518624641834}, "1": {"start_sec": 1.5444126074498568, "end_sec": 2.4469914040114613}, "2": {"start_sec": 2.4670487106017194, "end_sec": 2.4871060171919774}, "3": {"start_sec": 2.868194842406877, "end_sec": 3.7507163323782238}, "4": {"start_sec": 3.770773638968482, "end_sec": 3.7908309455587395}, "5": {"start_sec": 3.851002865329513, "end_sec": 3.8710601719197713}, "6": {"start_sec": 4.1719197707736395, "end_sec": 5.340974212034384}, "7": {"start_sec": 5.361031518624642, "end_sec": 10.11461318051576}, "8": {"start_sec": 5.361031518624642, "end_sec": 10.11461318051576}, "9": {"start_sec": 5.361031518624642, "end_sec": 10.11461318051576}, "10": {"start_sec": 5.361031518624642, "end_sec": 10.11461318051576}}