{"0": {"start_sec": 1.8252148997134672, "end_sec": 2.64756446991404}}