{"0": {"start_sec": 0.5616045845272206, "end_sec": 0.9828080229226361}, "1": {"start_sec": 1.5845272206303727, "end_sec": 1.6446991404011462}, "2": {"start_sec": 1.7249283667621778, "end_sec": 1.9455587392550144}, "3": {"start_sec": 3.1088825214899716, "end_sec": 4.35243553008596}, "4": {"start_sec": 4.372492836676218, "end_sec": 4.412607449856734}, "5": {"start_sec": 5.0, "end_sec": 6.644699140401146}, "6": {"start_sec": 5.0, "end_sec": 6.644699140401146}, "7": {"start_sec": 5.0, "end_sec": 6.644699140401146}, "8": {"start_sec": 6.80515759312321, "end_sec": 6.865329512893982}, "9": {"start_sec": 6.965616045845272, "end_sec": 7.025787965616046}}