{"0": {"start_sec": 4.111747851002866, "end_sec": 4.151862464183381}, "1": {"start_sec": 4.1719197707736395, "end_sec": 4.5128939828080235}, "2": {"start_sec": 4.593123209169055, "end_sec": 4.633237822349571}, "3": {"start_sec": 4.6532951289398286, "end_sec": 4.713467048710602}, "4": {"start_sec": 4.773638968481376, "end_sec": 4.793696275071634}}