{"0": {"start_sec": 0.0, "end_sec": 3.068767908309456}, "1": {"start_sec": 3.0888252148997135, "end_sec": 3.3295128939828085}, "2": {"start_sec": 3.429799426934098, "end_sec": 9.994269340974213}}