{"0": {"start_sec": 6.4240687679083095, "end_sec": 6.80515759312321}, "1": {"start_sec": 6.825214899713467, "end_sec": 6.945558739255015}}