{"0": {"start_sec": 1.1633237822349571, "end_sec": 2.186246418338109}, "1": {"start_sec": 2.226361031518625, "end_sec": 2.2464183381088825}, "2": {"start_sec": 3.550143266475645, "end_sec": 8.650429799426934}, "3": {"start_sec": 8.730659025787965, "end_sec": 8.750716332378223}, "4": {"start_sec": 8.810888252148997, "end_sec": 10.01432664756447}}