{"0": {"start_sec": 3.6103151862464187, "end_sec": 4.1719197707736395}, "1": {"start_sec": 4.191977077363897, "end_sec": 4.5128939828080235}, "2": {"start_sec": 4.532951289398281, "end_sec": 4.593123209169055}, "3": {"start_sec": 9.011461318051577, "end_sec": 9.031518624641834}}