{"0": {"start_sec": 0.04011461318051576, "end_sec": 1.7449856733524356}, "1": {"start_sec": 1.7851002865329515, "end_sec": 1.8252148997134672}}