{"0": {"start_sec": 1.7449856733524356, "end_sec": 3.7507163323782238}, "1": {"start_sec": 3.770773638968482, "end_sec": 3.8108882521489975}}