{"0": {"start_sec": 6.398280802292264, "end_sec": 6.478510028653296}, "1": {"start_sec": 6.81948424068768, "end_sec": 6.879656160458453}, "2": {"start_sec": 7.908309455587393, "end_sec": 9.111747851002866}}