{"0": {"start_sec": 2.4469914040114613, "end_sec": 4.773638968481376}, "1": {"start_sec": 4.793696275071634, "end_sec": 6.839541547277937}, "2": {"start_sec": 6.859598853868196, "end_sec": 7.0}}