{"0": {"start_sec": 4.312320916905445, "end_sec": 5.255014326647565}}