{"0": {"start_sec": 9.53295128939828, "end_sec": 9.573065902578797}, "1": {"start_sec": 9.633237822349571, "end_sec": 9.73352435530086}}