{"0": {"start_sec": 1.002865329512894, "end_sec": 2.8280802292263614}, "1": {"start_sec": 2.988538681948424, "end_sec": 3.02865329512894}, "2": {"start_sec": 3.1088825214899716, "end_sec": 3.189111747851003}, "3": {"start_sec": 4.793696275071634, "end_sec": 6.624641833810888}}