{"0": {"start_sec": 3.7908309455587395, "end_sec": 4.392550143266476}}