{"0": {"start_sec": 0.3008595988538682, "end_sec": 0.44126074498567336}, "1": {"start_sec": 0.46131805157593125, "end_sec": 0.5616045845272206}}