{"0": {"start_sec": 0.02005730659025788, "end_sec": 0.6418338108882522}, "1": {"start_sec": 1.1633237822349571, "end_sec": 1.2234957020057307}, "2": {"start_sec": 1.2636103151862466, "end_sec": 1.3438395415472781}, "3": {"start_sec": 1.4040114613180517, "end_sec": 2.64756446991404}, "4": {"start_sec": 3.189111747851003, "end_sec": 3.229226361031519}, "5": {"start_sec": 3.3094555873925504, "end_sec": 3.3295128939828085}, "6": {"start_sec": 3.40974212034384, "end_sec": 4.6532951289398286}, "7": {"start_sec": 5.060171919770774, "end_sec": 7.025787965616046}, "8": {"start_sec": 5.060171919770774, "end_sec": 7.025787965616046}, "9": {"start_sec": 5.060171919770774, "end_sec": 7.025787965616046}}