{"0": {"start_sec": 0.0, "end_sec": 0.5616045845272206}, "1": {"start_sec": 0.5816618911174786, "end_sec": 0.66189111747851}, "2": {"start_sec": 5.822349570200573, "end_sec": 6.98567335243553}, "3": {"start_sec": 5.822349570200573, "end_sec": 6.98567335243553}, "4": {"start_sec": 7.005730659025788, "end_sec": 7.106017191977077}, "5": {"start_sec": 7.9684813753581665, "end_sec": 8.008595988538682}, "6": {"start_sec": 8.02865329512894, "end_sec": 8.068767908309455}, "7": {"start_sec": 8.148997134670488, "end_sec": 8.169054441260744}}