{"0": {"start_sec": 0.1002865329512894, "end_sec": 10.034383954154729}}