{"0": {"start_sec": 2.868194842406877, "end_sec": 2.928366762177651}, "1": {"start_sec": 2.988538681948424, "end_sec": 3.209169054441261}, "2": {"start_sec": 8.30945558739255, "end_sec": 8.750716332378223}, "3": {"start_sec": 8.770773638968482, "end_sec": 8.790830945558739}, "4": {"start_sec": 8.810888252148997, "end_sec": 8.830945558739256}}