{"0": {"start_sec": 4.593123209169055, "end_sec": 5.054441260744986}, "1": {"start_sec": 6.097421203438396, "end_sec": 6.7793696275071635}, "2": {"start_sec": 8.389684813753583, "end_sec": 8.40974212034384}, "3": {"start_sec": 8.429799426934098, "end_sec": 8.449856733524356}, "4": {"start_sec": 8.469914040114613, "end_sec": 9.392550143266476}}