{"0": {"start_sec": 0.9226361031518625, "end_sec": 2.667621776504298}, "1": {"start_sec": 3.209169054441261, "end_sec": 3.2492836676217767}, "2": {"start_sec": 6.083094555873926, "end_sec": 6.765042979942693}, "3": {"start_sec": 9.553008595988539, "end_sec": 9.914040114613181}, "4": {"start_sec": 9.93409742120344, "end_sec": 9.954154727793696}}