{"0": {"start_sec": 7.848137535816619, "end_sec": 7.888252148997135}, "1": {"start_sec": 8.148997134670488, "end_sec": 8.169054441260744}, "2": {"start_sec": 8.189111747851003, "end_sec": 8.269340974212035}, "3": {"start_sec": 8.369627507163324, "end_sec": 9.011461318051577}, "4": {"start_sec": 9.232091690544413, "end_sec": 9.252148997134672}}