{"0": {"start_sec": 0.66189111747851, "end_sec": 0.681948424068768}, "1": {"start_sec": 0.7220630372492838, "end_sec": 1.8653295128939829}, "2": {"start_sec": 1.9255014326647566, "end_sec": 1.9656160458452723}, "3": {"start_sec": 2.507163323782235, "end_sec": 2.527220630372493}, "4": {"start_sec": 2.8280802292263614, "end_sec": 2.868194842406877}, "5": {"start_sec": 3.048710601719198, "end_sec": 3.229226361031519}, "6": {"start_sec": 3.2693409742120347, "end_sec": 3.3094555873925504}, "7": {"start_sec": 6.70487106017192, "end_sec": 6.724928366762178}, "8": {"start_sec": 6.845272206303725, "end_sec": 7.005730659025788}, "9": {"start_sec": 7.106017191977077, "end_sec": 7.126074498567336}, "10": {"start_sec": 8.249283667621777, "end_sec": 8.570200573065904}, "11": {"start_sec": 8.730659025787965, "end_sec": 9.793696275071634}}