{"0": {"start_sec": 0.26074498567335247, "end_sec": 3.008595988538682}, "1": {"start_sec": 4.9942693409742125, "end_sec": 6.885386819484241}, "2": {"start_sec": 5.0, "end_sec": 6.885386819484241}, "3": {"start_sec": 8.931232091690545, "end_sec": 9.07163323782235}, "4": {"start_sec": 9.131805157593124, "end_sec": 9.914040114613181}, "5": {"start_sec": 9.974212034383955, "end_sec": 10.01432664756447}}