{"0": {"start_sec": 0.38108882521489973, "end_sec": 0.4212034383954155}, "1": {"start_sec": 0.44126074498567336, "end_sec": 3.2693409742120347}}