{"0": {"start_sec": 0.26074498567335247, "end_sec": 0.3008595988538682}, "1": {"start_sec": 0.3209169054441261, "end_sec": 0.8022922636103152}, "2": {"start_sec": 1.9255014326647566, "end_sec": 3.4498567335243555}, "3": {"start_sec": 3.570200573065903, "end_sec": 3.6303724928366763}, "4": {"start_sec": 3.6504297994269344, "end_sec": 3.6704871060171924}, "5": {"start_sec": 3.9914040114613183, "end_sec": 4.011461318051576}, "6": {"start_sec": 5.080229226361031, "end_sec": 5.641833810888253}, "7": {"start_sec": 5.080229226361031, "end_sec": 5.641833810888253}, "8": {"start_sec": 5.080229226361031, "end_sec": 5.641833810888253}, "9": {"start_sec": 5.66189111747851, "end_sec": 5.782234957020058}, "10": {"start_sec": 5.862464183381089, "end_sec": 6.464183381088826}, "11": {"start_sec": 6.484240687679083, "end_sec": 6.5243553008595985}, "12": {"start_sec": 6.544412607449857, "end_sec": 6.765042979942693}, "13": {"start_sec": 7.446991404011461, "end_sec": 7.808022922636104}, "14": {"start_sec": 7.888252148997135, "end_sec": 7.908309455587393}, "15": {"start_sec": 8.189111747851003, "end_sec": 10.01432664756447}}