{"0": {"start_sec": 0.0, "end_sec": 0.16045845272206305}, "1": {"start_sec": 1.2034383954154728, "end_sec": 1.6246418338108883}, "2": {"start_sec": 6.363896848137536, "end_sec": 6.404011461318052}, "3": {"start_sec": 6.4240687679083095, "end_sec": 6.444126074498568}, "4": {"start_sec": 6.464183381088826, "end_sec": 6.544412607449857}, "5": {"start_sec": 6.945558739255015, "end_sec": 7.687679083094556}}