{"0": {"start_sec": 1.6446991404011462, "end_sec": 3.40974212034384}, "1": {"start_sec": 3.9914040114613183, "end_sec": 4.573065902578797}, "2": {"start_sec": 7.74785100286533, "end_sec": 10.01432664756447}}