{"0": {"start_sec": 3.9312320916905446, "end_sec": 8.008595988538682}, "1": {"start_sec": 9.07163323782235, "end_sec": 9.131805157593124}, "2": {"start_sec": 9.252148997134672, "end_sec": 9.412607449856733}, "3": {"start_sec": 9.492836676217765, "end_sec": 9.512893982808023}, "4": {"start_sec": 9.53295128939828, "end_sec": 10.01432664756447}}