{"0": {"start_sec": 0.08022922636103152, "end_sec": 1.1432664756446993}}