{"0": {"start_sec": 0.9025787965616047, "end_sec": 1.9255014326647566}, "1": {"start_sec": 3.9713467048710607, "end_sec": 5.435530085959885}, "2": {"start_sec": 6.825214899713467, "end_sec": 6.865329512893982}, "3": {"start_sec": 6.98567335243553, "end_sec": 7.2464183381088825}, "4": {"start_sec": 7.26647564469914, "end_sec": 7.326647564469914}, "5": {"start_sec": 7.587392550143267, "end_sec": 8.148997134670488}}