{"0": {"start_sec": 0.12034383954154729, "end_sec": 0.3008595988538682}, "1": {"start_sec": 0.340974212034384, "end_sec": 0.501432664756447}, "2": {"start_sec": 0.5816618911174786, "end_sec": 0.7421203438395416}, "3": {"start_sec": 3.1088825214899716, "end_sec": 3.851002865329513}}