{"0": {"start_sec": 1.504297994269341, "end_sec": 1.7449856733524356}, "1": {"start_sec": 1.7650429799426934, "end_sec": 1.8051575931232093}, "2": {"start_sec": 1.9656160458452723, "end_sec": 2.1461318051575935}, "3": {"start_sec": 2.7679083094555876, "end_sec": 7.607449856733524}, "4": {"start_sec": 5.0, "end_sec": 7.607449856733524}, "5": {"start_sec": 7.6275071633237825, "end_sec": 7.64756446991404}, "6": {"start_sec": 7.667621776504298, "end_sec": 7.7277936962750715}, "7": {"start_sec": 7.808022922636104, "end_sec": 9.653295128939828}}