{"0": {"start_sec": 0.0, "end_sec": 2.2664756446991405}, "1": {"start_sec": 6.103151862464183, "end_sec": 6.6647564469914045}, "2": {"start_sec": 6.103151862464183, "end_sec": 6.6647564469914045}, "3": {"start_sec": 6.103151862464183, "end_sec": 6.6647564469914045}, "4": {"start_sec": 6.103151862464183, "end_sec": 6.6647564469914045}, "5": {"start_sec": 6.684813753581662, "end_sec": 6.724928366762178}, "6": {"start_sec": 6.845272206303725, "end_sec": 7.005730659025788}, "7": {"start_sec": 7.507163323782235, "end_sec": 7.527220630372494}, "8": {"start_sec": 7.54727793696275, "end_sec": 7.8681948424068775}}