{"0": {"start_sec": 1.9856733524355303, "end_sec": 2.206303724928367}, "1": {"start_sec": 2.226361031518625, "end_sec": 3.5100286532951293}, "2": {"start_sec": 3.530085959885387, "end_sec": 3.6103151862464187}, "3": {"start_sec": 3.6504297994269344, "end_sec": 3.7507163323782238}, "4": {"start_sec": 3.9713467048710607, "end_sec": 4.051575931232092}, "5": {"start_sec": 4.1719197707736395, "end_sec": 4.392550143266476}, "6": {"start_sec": 5.461318051575931, "end_sec": 5.481375358166189}, "7": {"start_sec": 5.501432664756447, "end_sec": 7.948424068767908}, "8": {"start_sec": 7.9684813753581665, "end_sec": 8.02865329512894}, "9": {"start_sec": 8.87106017191977, "end_sec": 8.89111747851003}, "10": {"start_sec": 8.97134670487106, "end_sec": 9.111747851002866}}