{"0": {"start_sec": 4.793696275071634, "end_sec": 6.358166189111748}, "1": {"start_sec": 6.418338108882522, "end_sec": 6.458452722063038}, "2": {"start_sec": 6.478510028653296, "end_sec": 6.5386819484240695}}