{"0": {"start_sec": 0.7421203438395416, "end_sec": 4.873925501432665}, "1": {"start_sec": 4.893982808022923, "end_sec": 4.914040114613181}}