{"0": {"start_sec": 3.048710601719198, "end_sec": 3.851002865329513}, "1": {"start_sec": 5.275071633237823, "end_sec": 5.595988538681949}, "2": {"start_sec": 5.756446991404012, "end_sec": 10.01432664756447}}