{"0": {"start_sec": 1.2435530085959887, "end_sec": 10.01432664756447}}