{"0": {"start_sec": 2.045845272206304, "end_sec": 2.1260744985673354}, "1": {"start_sec": 2.186246418338109, "end_sec": 3.1690544412607453}}