{"0": {"start_sec": 1.5444126074498568, "end_sec": 3.6103151862464187}, "1": {"start_sec": 3.6303724928366763, "end_sec": 3.830945558739255}, "2": {"start_sec": 5.862464183381089, "end_sec": 5.936962750716333}, "3": {"start_sec": 7.406876790830946, "end_sec": 7.808022922636104}, "4": {"start_sec": 8.931232091690545, "end_sec": 9.994269340974213}}