{"0": {"start_sec": 0.6017191977077364, "end_sec": 2.206303724928367}, "1": {"start_sec": 3.7507163323782238, "end_sec": 4.372492836676218}, "2": {"start_sec": 5.495702005730659, "end_sec": 6.077363896848138}, "3": {"start_sec": 7.908309455587393, "end_sec": 7.928366762177651}, "4": {"start_sec": 7.948424068767908, "end_sec": 8.951289398280803}}