{"0": {"start_sec": 1.2234957020057307, "end_sec": 2.8280802292263614}, "1": {"start_sec": 3.1489971346704873, "end_sec": 3.349570200573066}, "2": {"start_sec": 3.69054441260745, "end_sec": 4.1719197707736395}, "3": {"start_sec": 4.232091690544413, "end_sec": 4.2722063037249285}, "4": {"start_sec": 4.633237822349571, "end_sec": 4.6532951289398286}, "5": {"start_sec": 4.773638968481376, "end_sec": 4.793696275071634}, "6": {"start_sec": 4.914040114613181, "end_sec": 4.934097421203439}, "7": {"start_sec": 5.481375358166189, "end_sec": 6.404011461318052}, "8": {"start_sec": 6.644699140401146, "end_sec": 6.70487106017192}, "9": {"start_sec": 6.724928366762178, "end_sec": 10.034383954154729}}