{"0": {"start_sec": 6.4240687679083095, "end_sec": 6.444126074498568}, "1": {"start_sec": 6.464183381088826, "end_sec": 6.564469914040115}, "2": {"start_sec": 6.604584527220631, "end_sec": 6.684813753581662}, "3": {"start_sec": 6.70487106017192, "end_sec": 6.785100286532952}, "4": {"start_sec": 6.825214899713467, "end_sec": 6.845272206303725}, "5": {"start_sec": 6.945558739255015, "end_sec": 7.106017191977077}, "6": {"start_sec": 7.166189111747851, "end_sec": 7.18624641833811}}