{"0": {"start_sec": 4.312320916905445, "end_sec": 4.793696275071634}, "1": {"start_sec": 4.813753581661891, "end_sec": 7.1461318051575935}, "2": {"start_sec": 7.346704871060172, "end_sec": 8.69054441260745}, "3": {"start_sec": 8.810888252148997, "end_sec": 8.830945558739256}}