{"0": {"start_sec": 7.226361031518625, "end_sec": 9.17191977077364}}