{"0": {"start_sec": 1.4842406876790832, "end_sec": 2.507163323782235}, "1": {"start_sec": 3.369627507163324, "end_sec": 6.558739255014327}, "2": {"start_sec": 6.604584527220631, "end_sec": 6.644699140401146}}