{"0": {"start_sec": 6.243553008595988, "end_sec": 6.277936962750717}, "1": {"start_sec": 6.2979942693409745, "end_sec": 7.005730659025788}, "2": {"start_sec": 7.025787965616046, "end_sec": 7.045845272206304}, "3": {"start_sec": 7.065902578796562, "end_sec": 7.426934097421204}}