{"0": {"start_sec": 0.02005730659025788, "end_sec": 1.5644699140401148}, "1": {"start_sec": 1.6246418338108883, "end_sec": 1.7249283667621778}, "2": {"start_sec": 1.7449856733524356, "end_sec": 2.4670487106017194}, "3": {"start_sec": 2.4871060171919774, "end_sec": 2.507163323782235}, "4": {"start_sec": 3.9914040114613183, "end_sec": 4.813753581661891}}