{"0": {"start_sec": 2.5472779369627507, "end_sec": 3.2693409742120347}}