{"0": {"start_sec": 1.70487106017192, "end_sec": 1.7449856733524356}, "1": {"start_sec": 1.7650429799426934, "end_sec": 2.64756446991404}, "2": {"start_sec": 2.667621776504298, "end_sec": 2.6876790830945563}}