{"0": {"start_sec": 1.524355300859599, "end_sec": 1.5444126074498568}, "1": {"start_sec": 1.6246418338108883, "end_sec": 1.6446991404011462}, "2": {"start_sec": 1.885386819484241, "end_sec": 1.9054441260744988}, "3": {"start_sec": 1.9255014326647566, "end_sec": 2.005730659025788}, "4": {"start_sec": 2.0659025787965617, "end_sec": 2.0859598853868198}, "5": {"start_sec": 2.36676217765043, "end_sec": 3.69054441260745}, "6": {"start_sec": 4.091690544412608, "end_sec": 4.151862464183381}, "7": {"start_sec": 4.212034383954155, "end_sec": 4.35243553008596}, "8": {"start_sec": 4.412607449856734, "end_sec": 4.432664756446992}, "9": {"start_sec": 4.573065902578797, "end_sec": 4.613180515759312}, "10": {"start_sec": 4.773638968481376, "end_sec": 4.83381088825215}, "11": {"start_sec": 4.893982808022923, "end_sec": 6.022922636103152}, "12": {"start_sec": 5.0, "end_sec": 6.022922636103152}, "13": {"start_sec": 5.0, "end_sec": 6.022922636103152}, "14": {"start_sec": 5.0, "end_sec": 6.022922636103152}, "15": {"start_sec": 5.0, "end_sec": 6.022922636103152}, "16": {"start_sec": 5.0, "end_sec": 6.037249283667622}, "17": {"start_sec": 6.464183381088826, "end_sec": 6.484240687679083}, "18": {"start_sec": 6.604584527220631, "end_sec": 8.008595988538682}, "19": {"start_sec": 8.02865329512894, "end_sec": 8.068767908309455}, "20": {"start_sec": 8.088825214899714, "end_sec": 8.10888252148997}}