{"0": {"start_sec": 5.521489971346705, "end_sec": 5.722063037249284}, "1": {"start_sec": 5.521489971346705, "end_sec": 5.736389684813754}, "2": {"start_sec": 5.742120343839542, "end_sec": 7.065902578796562}, "3": {"start_sec": 5.742120343839542, "end_sec": 7.065902578796562}}