{"0": {"start_sec": 4.773638968481376, "end_sec": 4.793696275071634}, "1": {"start_sec": 7.306590257879656, "end_sec": 10.01432664756447}}