{"0": {"start_sec": 6.2979942693409745, "end_sec": 6.979942693409742}}