{"0": {"start_sec": 4.051575931232092, "end_sec": 5.555873925501433}, "1": {"start_sec": 5.595988538681949, "end_sec": 5.616045845272207}, "2": {"start_sec": 8.329512893982809, "end_sec": 9.151862464183381}, "3": {"start_sec": 9.17191977077364, "end_sec": 9.292263610315187}}