{"0": {"start_sec": 0.9426934097421205, "end_sec": 4.633237822349571}, "1": {"start_sec": 6.363896848137536, "end_sec": 8.008595988538682}, "2": {"start_sec": 8.02865329512894, "end_sec": 9.713467048710601}}