{"0": {"start_sec": 9.272206303724928, "end_sec": 9.813753581661892}}