{"0": {"start_sec": 0.0, "end_sec": 0.9828080229226361}, "1": {"start_sec": 8.429799426934098, "end_sec": 8.51002865329513}, "2": {"start_sec": 8.550143266475645, "end_sec": 8.570200573065904}, "3": {"start_sec": 8.61031518624642, "end_sec": 9.994269340974213}}