{"0": {"start_sec": 4.974212034383955, "end_sec": 5.957020057306591}, "1": {"start_sec": 5.997134670487107, "end_sec": 6.037249283667622}, "2": {"start_sec": 6.117478510028654, "end_sec": 6.137535816618912}, "3": {"start_sec": 6.177650429799427, "end_sec": 6.1977077363896855}, "4": {"start_sec": 6.383954154727794, "end_sec": 6.404011461318052}, "5": {"start_sec": 7.6275071633237825, "end_sec": 10.01432664756447}}