{"0": {"start_sec": 0.8223495702005731, "end_sec": 1.1031518624641834}, "1": {"start_sec": 2.4269340974212037, "end_sec": 3.229226361031519}}