{"0": {"start_sec": 0.16045845272206305, "end_sec": 1.4842406876790832}, "1": {"start_sec": 2.025787965616046, "end_sec": 2.386819484240688}, "2": {"start_sec": 2.4068767908309456, "end_sec": 2.5472779369627507}, "3": {"start_sec": 2.567335243553009, "end_sec": 5.174785100286534}, "4": {"start_sec": 5.214899713467049, "end_sec": 5.29512893982808}, "5": {"start_sec": 5.315186246418339, "end_sec": 5.335243553008596}, "6": {"start_sec": 5.3753581661891126, "end_sec": 5.39541547277937}, "7": {"start_sec": 5.455587392550144, "end_sec": 5.4756446991404015}, "8": {"start_sec": 5.616045845272207, "end_sec": 5.636103151862464}, "9": {"start_sec": 5.67621776504298, "end_sec": 9.432664756446993}, "10": {"start_sec": 5.681948424068768, "end_sec": 9.432664756446993}}