{"0": {"start_sec": 0.3008595988538682, "end_sec": 0.9627507163323783}, "1": {"start_sec": 0.9828080229226361, "end_sec": 1.002865329512894}, "2": {"start_sec": 5.962750716332378, "end_sec": 6.765042979942693}, "3": {"start_sec": 7.226361031518625, "end_sec": 7.2464183381088825}, "4": {"start_sec": 7.306590257879656, "end_sec": 7.326647564469914}, "5": {"start_sec": 7.346704871060172, "end_sec": 8.068767908309455}, "6": {"start_sec": 9.512893982808023, "end_sec": 9.53295128939828}}