{"0": {"start_sec": 6.4240687679083095, "end_sec": 7.928366762177651}}