{"0": {"start_sec": 3.550143266475645, "end_sec": 3.570200573065903}, "1": {"start_sec": 3.5902578796561606, "end_sec": 3.6103151862464187}, "2": {"start_sec": 3.6303724928366763, "end_sec": 3.6704871060171924}, "3": {"start_sec": 3.7908309455587395, "end_sec": 3.891117478510029}, "4": {"start_sec": 3.911174785100287, "end_sec": 4.673352435530086}}