{"0": {"start_sec": 0.08022922636103152, "end_sec": 0.14040114613180515}, "1": {"start_sec": 0.2005730659025788, "end_sec": 0.24068767908309457}, "2": {"start_sec": 0.681948424068768, "end_sec": 0.7621776504297995}, "3": {"start_sec": 0.8022922636103152, "end_sec": 0.842406876790831}, "4": {"start_sec": 0.8825214899713467, "end_sec": 0.9226361031518625}, "5": {"start_sec": 1.1232091690544412, "end_sec": 1.1432664756446993}, "6": {"start_sec": 5.0, "end_sec": 6.04297994269341}}