{"0": {"start_sec": 5.2206303724928365, "end_sec": 7.607449856733524}, "1": {"start_sec": 7.828080229226361, "end_sec": 7.848137535816619}, "2": {"start_sec": 8.289398280802292, "end_sec": 8.851002865329512}, "3": {"start_sec": 8.89111747851003, "end_sec": 8.931232091690545}}