{"0": {"start_sec": 5.355300859598854, "end_sec": 5.435530085959885}, "1": {"start_sec": 5.515759312320918, "end_sec": 5.616045845272207}, "2": {"start_sec": 7.18624641833811, "end_sec": 8.429799426934098}}