{"0": {"start_sec": 0.340974212034384, "end_sec": 0.48137535816618915}, "1": {"start_sec": 0.501432664756447, "end_sec": 0.6017191977077364}, "2": {"start_sec": 0.6217765042979944, "end_sec": 0.7621776504297995}, "3": {"start_sec": 5.0, "end_sec": 9.974212034383955}}