{"0": {"start_sec": 0.3610315186246419, "end_sec": 0.44126074498567336}, "1": {"start_sec": 0.46131805157593125, "end_sec": 0.5616045845272206}, "2": {"start_sec": 0.6217765042979944, "end_sec": 2.8080229226361033}, "3": {"start_sec": 4.1719197707736395, "end_sec": 4.232091690544413}, "4": {"start_sec": 4.252148997134671, "end_sec": 4.472779369627507}, "5": {"start_sec": 4.773638968481376, "end_sec": 4.853868194842407}, "6": {"start_sec": 6.083094555873926, "end_sec": 6.163323782234957}, "7": {"start_sec": 6.564469914040115, "end_sec": 6.584527220630372}, "8": {"start_sec": 7.306590257879656, "end_sec": 7.326647564469914}, "9": {"start_sec": 7.36676217765043, "end_sec": 9.994269340974213}}