{"0": {"start_sec": 7.08595988538682, "end_sec": 9.332378223495702}}