{"0": {"start_sec": 3.9312320916905446, "end_sec": 4.73352435530086}, "1": {"start_sec": 4.853868194842407, "end_sec": 4.873925501432665}}