{"0": {"start_sec": 0.48137535816618915, "end_sec": 0.9627507163323783}, "1": {"start_sec": 1.885386819484241, "end_sec": 1.9054441260744988}, "2": {"start_sec": 1.9455587392550144, "end_sec": 3.369627507163324}, "3": {"start_sec": 3.3896848137535818, "end_sec": 3.40974212034384}, "4": {"start_sec": 4.312320916905445, "end_sec": 4.472779369627507}, "5": {"start_sec": 4.532951289398281, "end_sec": 4.613180515759312}, "6": {"start_sec": 8.530085959885387, "end_sec": 9.573065902578797}, "7": {"start_sec": 9.593123209169054, "end_sec": 9.653295128939828}}