{"0": {"start_sec": 5.575931232091691, "end_sec": 6.277936962750717}, "1": {"start_sec": 6.338108882521491, "end_sec": 6.358166189111748}, "2": {"start_sec": 6.518624641833811, "end_sec": 6.81948424068768}, "3": {"start_sec": 6.825214899713467, "end_sec": 6.939828080229227}, "4": {"start_sec": 6.965616045845272, "end_sec": 7.005730659025788}}