{"0": {"start_sec": 1.9054441260744988, "end_sec": 1.9255014326647566}, "1": {"start_sec": 5.194842406876791, "end_sec": 9.93409742120344}}