{"0": {"start_sec": 2.025787965616046, "end_sec": 2.0659025787965617}, "1": {"start_sec": 2.186246418338109, "end_sec": 2.226361031518625}, "2": {"start_sec": 2.36676217765043, "end_sec": 2.386819484240688}, "3": {"start_sec": 2.4068767908309456, "end_sec": 2.4871060171919774}, "4": {"start_sec": 2.5472779369627507, "end_sec": 2.64756446991404}, "5": {"start_sec": 2.7478510028653296, "end_sec": 2.848137535816619}, "6": {"start_sec": 4.954154727793696, "end_sec": 5.074498567335244}, "7": {"start_sec": 5.100286532951289, "end_sec": 5.641833810888253}, "8": {"start_sec": 5.100286532951289, "end_sec": 5.656160458452723}, "9": {"start_sec": 5.742120343839542, "end_sec": 5.762177650429799}, "10": {"start_sec": 6.504297994269341, "end_sec": 6.544412607449857}, "11": {"start_sec": 6.945558739255015, "end_sec": 7.226361031518625}, "12": {"start_sec": 7.948424068767908, "end_sec": 9.212034383954155}, "13": {"start_sec": 9.272206303724928, "end_sec": 9.292263610315187}, "14": {"start_sec": 9.312320916905446, "end_sec": 9.332378223495702}, "15": {"start_sec": 9.352435530085959, "end_sec": 9.37249283667622}, "16": {"start_sec": 9.512893982808023, "end_sec": 9.994269340974213}}