{"0": {"start_sec": 2.507163323782235, "end_sec": 4.593123209169055}, "1": {"start_sec": 4.613180515759312, "end_sec": 4.633237822349571}, "2": {"start_sec": 4.6532951289398286, "end_sec": 4.673352435530086}, "3": {"start_sec": 5.200573065902579, "end_sec": 6.097421203438396}, "4": {"start_sec": 6.103151862464183, "end_sec": 6.163323782234957}, "5": {"start_sec": 9.833810888252149, "end_sec": 10.01432664756447}}