{"0": {"start_sec": 5.842406876790831, "end_sec": 5.882521489971347}, "1": {"start_sec": 5.902578796561604, "end_sec": 5.922636103151863}, "2": {"start_sec": 5.962750716332378, "end_sec": 7.406876790830946}}