{"0": {"start_sec": 4.051575931232092, "end_sec": 4.392550143266476}, "1": {"start_sec": 4.492836676217765, "end_sec": 4.5128939828080235}, "2": {"start_sec": 6.945558739255015, "end_sec": 7.54727793696275}, "3": {"start_sec": 8.40974212034384, "end_sec": 8.429799426934098}, "4": {"start_sec": 8.449856733524356, "end_sec": 8.51002865329513}}