{"0": {"start_sec": 5.28080229226361, "end_sec": 5.300859598853868}, "1": {"start_sec": 5.340974212034384, "end_sec": 5.722063037249284}, "2": {"start_sec": 7.08595988538682, "end_sec": 7.908309455587393}}