{"0": {"start_sec": 5.0, "end_sec": 5.060171919770774}, "1": {"start_sec": 5.080229226361031, "end_sec": 5.140401146131805}}