{"0": {"start_sec": 0.340974212034384, "end_sec": 0.3610315186246419}, "1": {"start_sec": 0.38108882521489973, "end_sec": 0.4011461318051576}, "2": {"start_sec": 0.4212034383954155, "end_sec": 1.1031518624641834}, "3": {"start_sec": 1.1432664756446993, "end_sec": 2.386819484240688}, "4": {"start_sec": 2.7879656160458457, "end_sec": 3.1289398280802296}}