{"0": {"start_sec": 0.0, "end_sec": 2.7679083094555876}, "1": {"start_sec": 5.240687679083095, "end_sec": 5.641833810888253}, "2": {"start_sec": 5.66189111747851, "end_sec": 8.008595988538682}}