{"0": {"start_sec": 0.060171919770773644, "end_sec": 0.08022922636103152}, "1": {"start_sec": 0.1002865329512894, "end_sec": 0.2005730659025788}, "2": {"start_sec": 0.22063037249283668, "end_sec": 0.2808022922636103}, "3": {"start_sec": 0.3209169054441261, "end_sec": 0.38108882521489973}, "4": {"start_sec": 2.527220630372493, "end_sec": 3.189111747851003}, "5": {"start_sec": 3.2893982808022924, "end_sec": 3.40974212034384}, "6": {"start_sec": 3.4498567335243555, "end_sec": 3.489971346704871}, "7": {"start_sec": 3.6504297994269344, "end_sec": 3.69054441260745}, "8": {"start_sec": 3.7908309455587395, "end_sec": 3.891117478510029}, "9": {"start_sec": 3.9713467048710607, "end_sec": 7.828080229226361}}