{"0": {"start_sec": 0.0, "end_sec": 0.14040114613180515}, "1": {"start_sec": 0.16045845272206305, "end_sec": 0.18051575931232094}, "2": {"start_sec": 0.2005730659025788, "end_sec": 0.8223495702005731}, "3": {"start_sec": 8.51002865329513, "end_sec": 8.530085959885387}, "4": {"start_sec": 8.550143266475645, "end_sec": 10.01432664756447}}