{"0": {"start_sec": 8.570200573065904, "end_sec": 8.630372492836676}}