{"0": {"start_sec": 2.4269340974212037, "end_sec": 2.727793696275072}, "1": {"start_sec": 3.9312320916905446, "end_sec": 5.054441260744986}, "2": {"start_sec": 5.060171919770774, "end_sec": 5.160458452722063}, "3": {"start_sec": 5.200573065902579, "end_sec": 5.2206303724928365}, "4": {"start_sec": 5.56160458452722, "end_sec": 5.581661891117479}, "5": {"start_sec": 5.6017191977077365, "end_sec": 6.223495702005731}}