{"0": {"start_sec": 1.5644699140401148, "end_sec": 1.9255014326647566}, "1": {"start_sec": 2.527220630372493, "end_sec": 2.6275071633237825}, "2": {"start_sec": 2.7879656160458457, "end_sec": 2.9083094555873927}, "3": {"start_sec": 4.252148997134671, "end_sec": 5.29512893982808}, "4": {"start_sec": 5.320916905444126, "end_sec": 5.340974212034384}, "5": {"start_sec": 5.6017191977077365, "end_sec": 6.063037249283668}, "6": {"start_sec": 8.770773638968482, "end_sec": 8.87106017191977}}