{"0": {"start_sec": 4.332378223495702, "end_sec": 4.693409742120344}, "1": {"start_sec": 5.595988538681949, "end_sec": 5.876790830945559}, "2": {"start_sec": 5.896848137535817, "end_sec": 5.916905444126075}}