{"0": {"start_sec": 3.429799426934098, "end_sec": 6.05730659025788}}