{"0": {"start_sec": 0.3610315186246419, "end_sec": 0.501432664756447}, "1": {"start_sec": 0.5214899713467049, "end_sec": 0.9025787965616047}, "2": {"start_sec": 0.9226361031518625, "end_sec": 1.002865329512894}, "3": {"start_sec": 1.022922636103152, "end_sec": 1.2234957020057307}, "4": {"start_sec": 1.3438395415472781, "end_sec": 1.4842406876790832}, "5": {"start_sec": 1.6446991404011462, "end_sec": 1.7249283667621778}, "6": {"start_sec": 1.9455587392550144, "end_sec": 1.9856733524355303}, "7": {"start_sec": 2.1461318051575935, "end_sec": 4.5128939828080235}, "8": {"start_sec": 5.160458452722063, "end_sec": 5.401146131805158}}