{"0": {"start_sec": 4.7535816618911175, "end_sec": 4.793696275071634}, "1": {"start_sec": 5.1203438395415475, "end_sec": 5.200573065902579}, "2": {"start_sec": 5.315186246418339, "end_sec": 5.335243553008596}, "3": {"start_sec": 5.421203438395415, "end_sec": 6.04297994269341}, "4": {"start_sec": 5.421203438395415, "end_sec": 6.04297994269341}, "5": {"start_sec": 7.065902578796562, "end_sec": 8.30945558739255}, "6": {"start_sec": 9.191977077363898, "end_sec": 10.034383954154729}}