{"0": {"start_sec": 4.091690544412608, "end_sec": 5.194842406876791}, "1": {"start_sec": 9.111747851002866, "end_sec": 9.131805157593124}}