{"0": {"start_sec": 9.512893982808023, "end_sec": 9.53295128939828}, "1": {"start_sec": 9.633237822349571, "end_sec": 9.893982808022923}}