{"0": {"start_sec": 2.8280802292263614, "end_sec": 4.713467048710602}, "1": {"start_sec": 4.73352435530086, "end_sec": 5.054441260744986}}