{"0": {"start_sec": 3.229226361031519, "end_sec": 3.5100286532951293}, "1": {"start_sec": 3.570200573065903, "end_sec": 3.69054441260745}, "2": {"start_sec": 3.710601719197708, "end_sec": 3.7507163323782238}, "3": {"start_sec": 8.008595988538682, "end_sec": 9.914040114613181}}