{"0": {"start_sec": 0.16045845272206305, "end_sec": 0.22063037249283668}, "1": {"start_sec": 0.26074498567335247, "end_sec": 0.842406876790831}, "2": {"start_sec": 0.8624641833810889, "end_sec": 1.524355300859599}, "3": {"start_sec": 1.5444126074498568, "end_sec": 1.5644699140401148}, "4": {"start_sec": 1.6045845272206305, "end_sec": 1.6647564469914042}, "5": {"start_sec": 5.902578796561604, "end_sec": 5.922636103151863}, "6": {"start_sec": 5.982808022922637, "end_sec": 6.544412607449857}, "7": {"start_sec": 6.564469914040115, "end_sec": 10.01432664756447}}