{"0": {"start_sec": 7.707736389684814, "end_sec": 8.02865329512894}, "1": {"start_sec": 8.068767908309455, "end_sec": 8.088825214899714}, "2": {"start_sec": 8.30945558739255, "end_sec": 8.329512893982809}, "3": {"start_sec": 8.349570200573066, "end_sec": 10.034383954154729}}