{"0": {"start_sec": 2.306590257879656, "end_sec": 3.5902578796561606}, "1": {"start_sec": 4.7535816618911175, "end_sec": 4.773638968481376}, "2": {"start_sec": 4.793696275071634, "end_sec": 5.896848137535817}, "3": {"start_sec": 6.002865329512894, "end_sec": 6.022922636103152}, "4": {"start_sec": 8.02865329512894, "end_sec": 10.01432664756447}}