{"0": {"start_sec": 6.017191977077364, "end_sec": 7.045845272206304}}