{"0": {"start_sec": 7.18624641833811, "end_sec": 9.833810888252149}, "1": {"start_sec": 9.93409742120344, "end_sec": 9.954154727793696}}