{"0": {"start_sec": 1.845272206303725, "end_sec": 1.9054441260744988}, "1": {"start_sec": 1.9656160458452723, "end_sec": 2.507163323782235}, "2": {"start_sec": 3.048710601719198, "end_sec": 3.1289398280802296}, "3": {"start_sec": 3.1489971346704873, "end_sec": 3.1690544412607453}, "4": {"start_sec": 3.209169054441261, "end_sec": 3.2893982808022924}, "5": {"start_sec": 3.3094555873925504, "end_sec": 3.3295128939828085}, "6": {"start_sec": 3.349570200573066, "end_sec": 3.40974212034384}, "7": {"start_sec": 3.429799426934098, "end_sec": 3.4498567335243555}, "8": {"start_sec": 4.252148997134671, "end_sec": 4.292263610315187}, "9": {"start_sec": 4.392550143266476, "end_sec": 6.363896848137536}, "10": {"start_sec": 7.346704871060172, "end_sec": 10.01432664756447}}