{"0": {"start_sec": 0.7220630372492838, "end_sec": 1.7650429799426934}, "1": {"start_sec": 3.8108882521489975, "end_sec": 5.29512893982808}, "2": {"start_sec": 5.335243553008596, "end_sec": 5.355300859598854}, "3": {"start_sec": 5.39541547277937, "end_sec": 5.415472779369628}, "4": {"start_sec": 5.435530085959885, "end_sec": 5.455587392550144}, "5": {"start_sec": 6.659025787965617, "end_sec": 6.759312320916906}, "6": {"start_sec": 6.925501432664756, "end_sec": 7.005730659025788}, "7": {"start_sec": 7.46704871060172, "end_sec": 7.507163323782235}, "8": {"start_sec": 7.527220630372494, "end_sec": 7.767908309455588}, "9": {"start_sec": 7.787965616045845, "end_sec": 7.888252148997135}, "10": {"start_sec": 7.948424068767908, "end_sec": 7.9684813753581665}}