{"0": {"start_sec": 4.893982808022923, "end_sec": 6.037249283667622}, "1": {"start_sec": 6.077363896848138, "end_sec": 6.157593123209169}, "2": {"start_sec": 6.177650429799427, "end_sec": 6.217765042979943}, "3": {"start_sec": 6.277936962750717, "end_sec": 6.839541547277937}}