{"0": {"start_sec": 6.137535816618912, "end_sec": 8.650429799426934}}