{"0": {"start_sec": 0.060171919770773644, "end_sec": 0.08022922636103152}, "1": {"start_sec": 0.1002865329512894, "end_sec": 2.6275071633237825}, "2": {"start_sec": 2.64756446991404, "end_sec": 2.667621776504298}}