{"0": {"start_sec": 0.22063037249283668, "end_sec": 0.5214899713467049}, "1": {"start_sec": 0.5415472779369628, "end_sec": 0.5616045845272206}, "2": {"start_sec": 4.974212034383955, "end_sec": 5.756446991404012}, "3": {"start_sec": 6.484240687679083, "end_sec": 7.08595988538682}, "4": {"start_sec": 6.484240687679083, "end_sec": 7.08595988538682}, "5": {"start_sec": 7.166189111747851, "end_sec": 7.26647564469914}}