{"0": {"start_sec": 5.100286532951289, "end_sec": 5.1203438395415475}, "1": {"start_sec": 5.2206303724928365, "end_sec": 5.240687679083095}, "2": {"start_sec": 6.343839541547278, "end_sec": 6.404011461318052}}