{"0": {"start_sec": 7.18624641833811, "end_sec": 9.793696275071634}}