{"0": {"start_sec": 0.08022922636103152, "end_sec": 0.22063037249283668}, "1": {"start_sec": 0.24068767908309457, "end_sec": 0.5214899713467049}, "2": {"start_sec": 0.5415472779369628, "end_sec": 0.7220630372492838}, "3": {"start_sec": 0.7421203438395416, "end_sec": 1.0630372492836677}, "4": {"start_sec": 1.2836676217765044, "end_sec": 1.3037249283667622}, "5": {"start_sec": 1.32378223495702, "end_sec": 1.3438395415472781}, "6": {"start_sec": 1.4040114613180517, "end_sec": 1.4441260744985676}, "7": {"start_sec": 1.6446991404011462, "end_sec": 1.684813753581662}, "8": {"start_sec": 7.54727793696275, "end_sec": 10.01432664756447}}