{"0": {"start_sec": 1.002865329512894, "end_sec": 1.3839541547277938}, "1": {"start_sec": 7.2464183381088825, "end_sec": 7.74785100286533}}