{"0": {"start_sec": 8.851002865329512, "end_sec": 9.73352435530086}, "1": {"start_sec": 9.793696275071634, "end_sec": 9.833810888252149}}