{"0": {"start_sec": 0.18051575931232094, "end_sec": 0.3209169054441261}, "1": {"start_sec": 0.3610315186246419, "end_sec": 0.38108882521489973}, "2": {"start_sec": 0.44126074498567336, "end_sec": 0.5816618911174786}, "3": {"start_sec": 0.8825214899713467, "end_sec": 0.9025787965616047}, "4": {"start_sec": 1.7249283667621778, "end_sec": 5.255014326647565}, "5": {"start_sec": 5.29512893982808, "end_sec": 5.481375358166189}, "6": {"start_sec": 5.421203438395415, "end_sec": 5.535816618911175}, "7": {"start_sec": 7.326647564469914, "end_sec": 7.36676217765043}, "8": {"start_sec": 7.386819484240688, "end_sec": 7.426934097421204}, "9": {"start_sec": 7.507163323782235, "end_sec": 7.54727793696275}, "10": {"start_sec": 7.667621776504298, "end_sec": 10.034383954154729}}