{"0": {"start_sec": 6.002865329512894, "end_sec": 6.404011461318052}}