{"0": {"start_sec": 0.48137535816618915, "end_sec": 2.206303724928367}, "1": {"start_sec": 2.226361031518625, "end_sec": 2.346704871060172}}