{"0": {"start_sec": 0.0, "end_sec": 1.183381088825215}, "1": {"start_sec": 3.7507163323782238, "end_sec": 4.031518624641834}}