{"0": {"start_sec": 6.1977077363896855, "end_sec": 6.277936962750717}, "1": {"start_sec": 6.544412607449857, "end_sec": 7.106017191977077}, "2": {"start_sec": 7.1461318051575935, "end_sec": 7.406876790830946}, "3": {"start_sec": 7.507163323782235, "end_sec": 7.707736389684814}, "4": {"start_sec": 7.928366762177651, "end_sec": 7.948424068767908}, "5": {"start_sec": 7.9684813753581665, "end_sec": 8.048710601719197}, "6": {"start_sec": 8.830945558739256, "end_sec": 8.87106017191977}, "7": {"start_sec": 9.07163323782235, "end_sec": 9.693409742120345}, "8": {"start_sec": 9.73352435530086, "end_sec": 9.793696275071634}}