{"0": {"start_sec": 5.100286532951289, "end_sec": 5.501432664756447}, "1": {"start_sec": 5.521489971346705, "end_sec": 5.581661891117479}, "2": {"start_sec": 7.286532951289399, "end_sec": 7.46704871060172}, "3": {"start_sec": 7.487106017191977, "end_sec": 7.587392550143267}}