{"0": {"start_sec": 3.7908309455587395, "end_sec": 3.9312320916905446}, "1": {"start_sec": 4.051575931232092, "end_sec": 4.392550143266476}, "2": {"start_sec": 8.148997134670488, "end_sec": 8.69054441260745}, "3": {"start_sec": 8.730659025787965, "end_sec": 8.790830945558739}}