{"0": {"start_sec": 3.209169054441261, "end_sec": 8.10888252148997}, "1": {"start_sec": 9.352435530085959, "end_sec": 9.392550143266476}, "2": {"start_sec": 9.412607449856733, "end_sec": 10.01432664756447}}