{"0": {"start_sec": 5.39541547277937, "end_sec": 7.286532951289399}, "1": {"start_sec": 8.931232091690545, "end_sec": 10.034383954154729}}