{"0": {"start_sec": 5.962750716332378, "end_sec": 5.982808022922637}, "1": {"start_sec": 7.306590257879656, "end_sec": 8.389684813753583}, "2": {"start_sec": 9.713467048710601, "end_sec": 9.873925501432666}}