{"0": {"start_sec": 5.060171919770774, "end_sec": 6.464183381088826}, "1": {"start_sec": 6.604584527220631, "end_sec": 6.684813753581662}}