{"0": {"start_sec": 0.04011461318051576, "end_sec": 0.060171919770773644}, "1": {"start_sec": 0.08022922636103152, "end_sec": 2.7478510028653296}, "2": {"start_sec": 6.739255014326648, "end_sec": 6.81948424068768}, "3": {"start_sec": 6.859598853868196, "end_sec": 6.939828080229227}}