{"0": {"start_sec": 5.9426934097421205, "end_sec": 6.418338108882522}, "1": {"start_sec": 6.444126074498568, "end_sec": 8.02865329512894}, "2": {"start_sec": 6.444126074498568, "end_sec": 8.02865329512894}, "3": {"start_sec": 6.444126074498568, "end_sec": 8.02865329512894}, "4": {"start_sec": 6.444126074498568, "end_sec": 8.02865329512894}, "5": {"start_sec": 6.444126074498568, "end_sec": 8.02865329512894}, "6": {"start_sec": 8.048710601719197, "end_sec": 8.068767908309455}, "7": {"start_sec": 8.329512893982809, "end_sec": 9.17191977077364}, "8": {"start_sec": 9.191977077363898, "end_sec": 9.252148997134672}}