{"0": {"start_sec": 5.020057306590258, "end_sec": 5.796561604584528}}