{"0": {"start_sec": 2.8080229226361033, "end_sec": 3.349570200573066}, "1": {"start_sec": 5.0, "end_sec": 6.103151862464183}, "2": {"start_sec": 5.0, "end_sec": 6.103151862464183}, "3": {"start_sec": 8.169054441260744, "end_sec": 8.289398280802292}, "4": {"start_sec": 8.30945558739255, "end_sec": 9.332378223495702}}