{"0": {"start_sec": 0.24068767908309457, "end_sec": 2.6275071633237825}, "1": {"start_sec": 7.46704871060172, "end_sec": 7.487106017191977}, "2": {"start_sec": 7.507163323782235, "end_sec": 8.911174785100286}}