{"0": {"start_sec": 7.206303724928366, "end_sec": 7.64756446991404}}