{"0": {"start_sec": 1.7650429799426934, "end_sec": 1.8051575931232093}, "1": {"start_sec": 1.8653295128939829, "end_sec": 2.1060171919770774}, "2": {"start_sec": 2.1461318051575935, "end_sec": 2.386819484240688}, "3": {"start_sec": 2.4068767908309456, "end_sec": 2.4871060171919774}, "4": {"start_sec": 2.7879656160458457, "end_sec": 2.8280802292263614}, "5": {"start_sec": 3.770773638968482, "end_sec": 7.08595988538682}, "6": {"start_sec": 5.100286532951289, "end_sec": 7.08595988538682}, "7": {"start_sec": 5.100286532951289, "end_sec": 7.08595988538682}, "8": {"start_sec": 7.106017191977077, "end_sec": 7.988538681948424}, "9": {"start_sec": 8.008595988538682, "end_sec": 8.048710601719197}, "10": {"start_sec": 8.730659025787965, "end_sec": 9.292263610315187}, "11": {"start_sec": 9.37249283667622, "end_sec": 9.45272206303725}, "12": {"start_sec": 9.472779369627506, "end_sec": 9.492836676217765}, "13": {"start_sec": 9.512893982808023, "end_sec": 9.713467048710601}, "14": {"start_sec": 9.73352435530086, "end_sec": 9.753581661891118}, "15": {"start_sec": 9.773638968481375, "end_sec": 9.813753581661892}}