{"0": {"start_sec": 0.02005730659025788, "end_sec": 5.034383954154729}}