{"0": {"start_sec": 9.292263610315187, "end_sec": 9.53295128939828}, "1": {"start_sec": 9.573065902578797, "end_sec": 9.773638968481375}, "2": {"start_sec": 9.853868194842407, "end_sec": 9.873925501432666}}