{"0": {"start_sec": 0.66189111747851, "end_sec": 2.1461318051575935}, "1": {"start_sec": 2.5472779369627507, "end_sec": 2.567335243553009}, "2": {"start_sec": 2.7478510028653296, "end_sec": 2.7679083094555876}, "3": {"start_sec": 2.7879656160458457, "end_sec": 2.8080229226361033}}