{"0": {"start_sec": 0.5214899713467049, "end_sec": 0.5415472779369628}, "1": {"start_sec": 0.5816618911174786, "end_sec": 1.524355300859599}, "2": {"start_sec": 1.70487106017192, "end_sec": 4.492836676217765}, "3": {"start_sec": 6.203438395415473, "end_sec": 6.6647564469914045}, "4": {"start_sec": 8.650429799426934, "end_sec": 9.73352435530086}}