{"0": {"start_sec": 3.710601719197708, "end_sec": 3.8108882521489975}, "1": {"start_sec": 3.830945558739255, "end_sec": 4.191977077363897}, "2": {"start_sec": 4.2722063037249285, "end_sec": 4.292263610315187}, "3": {"start_sec": 5.074498567335244, "end_sec": 5.0945558739255015}, "4": {"start_sec": 5.140401146131805, "end_sec": 6.464183381088826}, "5": {"start_sec": 5.140401146131805, "end_sec": 6.464183381088826}, "6": {"start_sec": 5.140401146131805, "end_sec": 6.464183381088826}, "7": {"start_sec": 5.140401146131805, "end_sec": 6.464183381088826}, "8": {"start_sec": 6.785100286532952, "end_sec": 7.025787965616046}, "9": {"start_sec": 7.045845272206304, "end_sec": 7.065902578796562}}