{"0": {"start_sec": 5.0, "end_sec": 7.908309455587393}, "1": {"start_sec": 5.0, "end_sec": 7.908309455587393}, "2": {"start_sec": 8.048710601719197, "end_sec": 8.10888252148997}}