{"0": {"start_sec": 8.710601719197708, "end_sec": 8.730659025787965}, "1": {"start_sec": 8.750716332378223, "end_sec": 9.813753581661892}}