{"0": {"start_sec": 0.501432664756447, "end_sec": 0.5214899713467049}, "1": {"start_sec": 0.7621776504297995, "end_sec": 0.8223495702005731}, "2": {"start_sec": 1.022922636103152, "end_sec": 1.1232091690544412}, "3": {"start_sec": 3.3295128939828085, "end_sec": 3.349570200573066}, "4": {"start_sec": 3.369627507163324, "end_sec": 4.492836676217765}, "5": {"start_sec": 4.5128939828080235, "end_sec": 4.593123209169055}}