{"0": {"start_sec": 3.7507163323782238, "end_sec": 3.770773638968482}, "1": {"start_sec": 3.7908309455587395, "end_sec": 4.031518624641834}, "2": {"start_sec": 4.051575931232092, "end_sec": 4.131805157593123}, "3": {"start_sec": 4.212034383954155, "end_sec": 4.312320916905445}, "4": {"start_sec": 4.332378223495702, "end_sec": 4.472779369627507}}