{"0": {"start_sec": 0.1002865329512894, "end_sec": 0.12034383954154729}, "1": {"start_sec": 0.2005730659025788, "end_sec": 6.243553008595988}, "2": {"start_sec": 6.4240687679083095, "end_sec": 7.948424068767908}, "3": {"start_sec": 7.9684813753581665, "end_sec": 8.008595988538682}, "4": {"start_sec": 8.02865329512894, "end_sec": 8.088825214899714}, "5": {"start_sec": 8.12893982808023, "end_sec": 8.169054441260744}, "6": {"start_sec": 8.189111747851003, "end_sec": 8.209169054441261}, "7": {"start_sec": 8.229226361031518, "end_sec": 8.269340974212035}, "8": {"start_sec": 9.573065902578797, "end_sec": 9.914040114613181}, "9": {"start_sec": 9.93409742120344, "end_sec": 9.954154727793696}}