{"0": {"start_sec": 6.9054441260744985, "end_sec": 10.01432664756447}}