{"0": {"start_sec": 7.446991404011461, "end_sec": 9.73352435530086}}