{"0": {"start_sec": 0.0, "end_sec": 1.3037249283667622}, "1": {"start_sec": 2.2865329512893986, "end_sec": 2.306590257879656}, "2": {"start_sec": 2.346704871060172, "end_sec": 2.4871060171919774}, "3": {"start_sec": 2.527220630372493, "end_sec": 2.6074498567335245}, "4": {"start_sec": 3.209169054441261, "end_sec": 3.229226361031519}}