{"0": {"start_sec": 5.315186246418339, "end_sec": 5.335243553008596}, "1": {"start_sec": 5.415472779369628, "end_sec": 6.699140401146132}, "2": {"start_sec": 6.739255014326648, "end_sec": 6.759312320916906}}