{"0": {"start_sec": 5.020057306590258, "end_sec": 6.464183381088826}, "1": {"start_sec": 6.5243553008595985, "end_sec": 6.544412607449857}}