{"0": {"start_sec": 0.060171919770773644, "end_sec": 0.44126074498567336}, "1": {"start_sec": 0.681948424068768, "end_sec": 0.9226361031518625}, "2": {"start_sec": 0.9426934097421205, "end_sec": 0.9627507163323783}, "3": {"start_sec": 1.002865329512894, "end_sec": 1.0429799426934099}, "4": {"start_sec": 2.226361031518625, "end_sec": 2.2464183381088825}, "5": {"start_sec": 2.2664756446991405, "end_sec": 2.7679083094555876}, "6": {"start_sec": 6.2979942693409745, "end_sec": 6.358166189111748}, "7": {"start_sec": 7.667621776504298, "end_sec": 8.730659025787965}, "8": {"start_sec": 8.750716332378223, "end_sec": 8.851002865329512}, "9": {"start_sec": 8.911174785100286, "end_sec": 9.713467048710601}}