{"0": {"start_sec": 4.191977077363897, "end_sec": 6.618911174785101}}