{"0": {"start_sec": 1.183381088825215, "end_sec": 6.358166189111748}, "1": {"start_sec": 6.418338108882522, "end_sec": 10.01432664756447}, "2": {"start_sec": 6.4240687679083095, "end_sec": 10.01432664756447}}