{"0": {"start_sec": 0.16045845272206305, "end_sec": 0.18051575931232094}, "1": {"start_sec": 0.2808022922636103, "end_sec": 0.3008595988538682}, "2": {"start_sec": 0.6217765042979944, "end_sec": 3.1088825214899716}, "3": {"start_sec": 3.1690544412607453, "end_sec": 3.189111747851003}, "4": {"start_sec": 3.349570200573066, "end_sec": 3.369627507163324}, "5": {"start_sec": 3.8710601719197713, "end_sec": 6.5386819484240695}, "6": {"start_sec": 6.558739255014327, "end_sec": 6.618911174785101}, "7": {"start_sec": 6.799426934097422, "end_sec": 6.81948424068768}, "8": {"start_sec": 7.988538681948424, "end_sec": 8.229226361031518}, "9": {"start_sec": 8.249283667621777, "end_sec": 8.30945558739255}}