{"0": {"start_sec": 7.446991404011461, "end_sec": 7.567335243553009}, "1": {"start_sec": 7.607449856733524, "end_sec": 7.6275071633237825}, "2": {"start_sec": 7.667621776504298, "end_sec": 8.770773638968482}}