{"0": {"start_sec": 0.4212034383954155, "end_sec": 1.9255014326647566}, "1": {"start_sec": 5.575931232091691, "end_sec": 5.616045845272207}, "2": {"start_sec": 5.621776504297994, "end_sec": 9.392550143266476}, "3": {"start_sec": 5.621776504297994, "end_sec": 9.392550143266476}}