{"0": {"start_sec": 2.888252148997135, "end_sec": 3.048710601719198}, "1": {"start_sec": 3.068767908309456, "end_sec": 3.0888252148997135}, "2": {"start_sec": 3.229226361031519, "end_sec": 3.2492836676217767}, "3": {"start_sec": 4.292263610315187, "end_sec": 4.573065902578797}}