{"0": {"start_sec": 1.4842406876790832, "end_sec": 3.189111747851003}, "1": {"start_sec": 3.209169054441261, "end_sec": 3.2492836676217767}, "2": {"start_sec": 3.9512893982808026, "end_sec": 8.750716332378223}, "3": {"start_sec": 5.0, "end_sec": 8.750716332378223}, "4": {"start_sec": 5.0, "end_sec": 8.750716332378223}}