{"0": {"start_sec": 9.512893982808023, "end_sec": 9.53295128939828}, "1": {"start_sec": 9.573065902578797, "end_sec": 9.593123209169054}, "2": {"start_sec": 9.613180515759312, "end_sec": 9.653295128939828}, "3": {"start_sec": 9.673352435530086, "end_sec": 9.954154727793696}}