{"0": {"start_sec": 0.04011461318051576, "end_sec": 0.5816618911174786}, "1": {"start_sec": 0.6017191977077364, "end_sec": 1.2034383954154728}, "2": {"start_sec": 1.6647564469914042, "end_sec": 1.70487106017192}, "3": {"start_sec": 1.885386819484241, "end_sec": 2.226361031518625}, "4": {"start_sec": 2.2664756446991405, "end_sec": 2.4068767908309456}, "5": {"start_sec": 2.4469914040114613, "end_sec": 2.507163323782235}, "6": {"start_sec": 2.527220630372493, "end_sec": 3.369627507163324}, "7": {"start_sec": 3.8108882521489975, "end_sec": 4.07163323782235}, "8": {"start_sec": 4.091690544412608, "end_sec": 4.111747851002866}, "9": {"start_sec": 4.131805157593123, "end_sec": 4.35243553008596}, "10": {"start_sec": 4.412607449856734, "end_sec": 4.492836676217765}, "11": {"start_sec": 4.5128939828080235, "end_sec": 4.673352435530086}, "12": {"start_sec": 4.693409742120344, "end_sec": 4.73352435530086}, "13": {"start_sec": 4.974212034383955, "end_sec": 5.074498567335244}}