{"0": {"start_sec": 1.2636103151862466, "end_sec": 2.707736389684814}, "1": {"start_sec": 5.922636103151863, "end_sec": 6.243553008595988}, "2": {"start_sec": 5.922636103151863, "end_sec": 6.243553008595988}}