{"0": {"start_sec": 1.183381088825215, "end_sec": 1.2034383954154728}, "1": {"start_sec": 1.2234957020057307, "end_sec": 3.2693409742120347}, "2": {"start_sec": 3.2893982808022924, "end_sec": 3.3094555873925504}}