{"0": {"start_sec": 5.836676217765043, "end_sec": 5.916905444126075}, "1": {"start_sec": 5.997134670487107, "end_sec": 6.017191977077364}, "2": {"start_sec": 6.037249283667622, "end_sec": 6.077363896848138}, "3": {"start_sec": 6.097421203438396, "end_sec": 6.237822349570201}, "4": {"start_sec": 8.169054441260744, "end_sec": 8.189111747851003}, "5": {"start_sec": 8.209169054441261, "end_sec": 9.994269340974213}, "6": {"start_sec": 10.01432664756447, "end_sec": 10.034383954154729}}