{"0": {"start_sec": 0.060171919770773644, "end_sec": 0.16045845272206305}, "1": {"start_sec": 0.18051575931232094, "end_sec": 0.2005730659025788}, "2": {"start_sec": 0.24068767908309457, "end_sec": 0.66189111747851}}