{"0": {"start_sec": 0.08022922636103152, "end_sec": 0.38108882521489973}, "1": {"start_sec": 0.44126074498567336, "end_sec": 0.48137535816618915}, "2": {"start_sec": 0.7421203438395416, "end_sec": 0.8022922636103152}, "3": {"start_sec": 2.2664756446991405, "end_sec": 2.4269340974212037}, "4": {"start_sec": 2.4469914040114613, "end_sec": 5.214899713467049}, "5": {"start_sec": 5.234957020057307, "end_sec": 6.5386819484240695}, "6": {"start_sec": 6.544412607449857, "end_sec": 6.618911174785101}, "7": {"start_sec": 8.229226361031518, "end_sec": 9.833810888252149}, "8": {"start_sec": 9.853868194842407, "end_sec": 9.873925501432666}}