{"0": {"start_sec": 7.1461318051575935, "end_sec": 8.51002865329513}}