{"0": {"start_sec": 4.83381088825215, "end_sec": 5.742120343839542}, "1": {"start_sec": 8.008595988538682, "end_sec": 8.97134670487106}}