{"0": {"start_sec": 3.429799426934098, "end_sec": 3.6303724928366763}, "1": {"start_sec": 3.6504297994269344, "end_sec": 3.6704871060171924}, "2": {"start_sec": 3.710601719197708, "end_sec": 3.7908309455587395}, "3": {"start_sec": 3.8108882521489975, "end_sec": 3.830945558739255}, "4": {"start_sec": 3.9312320916905446, "end_sec": 4.432664756446992}, "5": {"start_sec": 4.472779369627507, "end_sec": 10.034383954154729}}