{"0": {"start_sec": 8.068767908309455, "end_sec": 8.97134670487106}}