{"0": {"start_sec": 0.5415472779369628, "end_sec": 0.66189111747851}, "1": {"start_sec": 0.681948424068768, "end_sec": 0.7020057306590258}, "2": {"start_sec": 0.7220630372492838, "end_sec": 0.7421203438395416}, "3": {"start_sec": 1.2836676217765044, "end_sec": 1.3037249283667622}, "4": {"start_sec": 1.32378223495702, "end_sec": 1.8051575931232093}, "5": {"start_sec": 1.845272206303725, "end_sec": 1.885386819484241}, "6": {"start_sec": 1.9054441260744988, "end_sec": 3.530085959885387}, "7": {"start_sec": 5.260744985673353, "end_sec": 5.320916905444126}}