{"0": {"start_sec": 1.0429799426934099, "end_sec": 1.1232091690544412}, "1": {"start_sec": 1.2435530085959887, "end_sec": 1.3839541547277938}, "2": {"start_sec": 1.4842406876790832, "end_sec": 1.524355300859599}, "3": {"start_sec": 1.5444126074498568, "end_sec": 1.5644699140401148}, "4": {"start_sec": 6.363896848137536, "end_sec": 6.404011461318052}, "5": {"start_sec": 6.444126074498568, "end_sec": 7.025787965616046}, "6": {"start_sec": 7.1461318051575935, "end_sec": 7.848137535816619}, "7": {"start_sec": 8.269340974212035, "end_sec": 9.472779369627506}}