{"0": {"start_sec": 5.515759312320918, "end_sec": 5.836676217765043}}