{"0": {"start_sec": 0.0, "end_sec": 0.501432664756447}, "1": {"start_sec": 1.2636103151862466, "end_sec": 1.3037249283667622}, "2": {"start_sec": 6.945558739255015, "end_sec": 8.570200573065904}, "3": {"start_sec": 8.710601719197708, "end_sec": 9.813753581661892}}