{"0": {"start_sec": 0.7220630372492838, "end_sec": 1.6446991404011462}, "1": {"start_sec": 1.6647564469914042, "end_sec": 1.7249283667621778}, "2": {"start_sec": 3.8108882521489975, "end_sec": 5.255014326647565}, "3": {"start_sec": 6.604584527220631, "end_sec": 7.18624641833811}, "4": {"start_sec": 7.426934097421204, "end_sec": 7.948424068767908}, "5": {"start_sec": 7.9684813753581665, "end_sec": 7.988538681948424}, "6": {"start_sec": 9.673352435530086, "end_sec": 9.974212034383955}}