{"0": {"start_sec": 5.134670487106018, "end_sec": 6.484240687679083}, "1": {"start_sec": 5.160458452722063, "end_sec": 6.484240687679083}, "2": {"start_sec": 5.160458452722063, "end_sec": 6.484240687679083}, "3": {"start_sec": 6.504297994269341, "end_sec": 6.564469914040115}, "4": {"start_sec": 6.925501432664756, "end_sec": 8.088825214899714}, "5": {"start_sec": 9.773638968481375, "end_sec": 9.994269340974213}}