{"0": {"start_sec": 0.1002865329512894, "end_sec": 1.5444126074498568}, "1": {"start_sec": 3.9713467048710607, "end_sec": 4.893982808022923}, "2": {"start_sec": 7.787965616045845, "end_sec": 7.808022922636104}}