{"0": {"start_sec": 1.1432664756446993, "end_sec": 4.573065902578797}, "1": {"start_sec": 5.020057306590258, "end_sec": 5.060171919770774}, "2": {"start_sec": 5.421203438395415, "end_sec": 5.441260744985673}, "3": {"start_sec": 5.6017191977077365, "end_sec": 7.1461318051575935}}