{"0": {"start_sec": 1.3839541547277938, "end_sec": 2.888252148997135}, "1": {"start_sec": 3.40974212034384, "end_sec": 4.532951289398281}}