{"0": {"start_sec": 2.3266475644699143, "end_sec": 2.4670487106017194}, "1": {"start_sec": 2.527220630372493, "end_sec": 2.5472779369627507}, "2": {"start_sec": 2.6074498567335245, "end_sec": 2.6275071633237825}, "3": {"start_sec": 5.0, "end_sec": 5.842406876790831}, "4": {"start_sec": 5.882521489971347, "end_sec": 5.962750716332378}, "5": {"start_sec": 5.982808022922637, "end_sec": 6.6647564469914045}, "6": {"start_sec": 8.048710601719197, "end_sec": 8.068767908309455}, "7": {"start_sec": 8.088825214899714, "end_sec": 9.011461318051577}}