{"0": {"start_sec": 4.7535816618911175, "end_sec": 6.117478510028654}, "1": {"start_sec": 6.137535816618912, "end_sec": 8.349570200573066}, "2": {"start_sec": 8.369627507163324, "end_sec": 8.389684813753583}, "3": {"start_sec": 8.97134670487106, "end_sec": 9.593123209169054}}