{"0": {"start_sec": 6.604584527220631, "end_sec": 7.045845272206304}, "1": {"start_sec": 7.08595988538682, "end_sec": 7.106017191977077}}