{"0": {"start_sec": 2.587392550143267, "end_sec": 2.707736389684814}, "1": {"start_sec": 3.2492836676217767, "end_sec": 3.2693409742120347}, "2": {"start_sec": 3.369627507163324, "end_sec": 3.3896848137535818}, "3": {"start_sec": 3.40974212034384, "end_sec": 9.713467048710601}, "4": {"start_sec": 5.0, "end_sec": 9.713467048710601}, "5": {"start_sec": 5.0, "end_sec": 9.713467048710601}, "6": {"start_sec": 5.0, "end_sec": 9.713467048710601}, "7": {"start_sec": 5.0, "end_sec": 9.713467048710601}, "8": {"start_sec": 5.0, "end_sec": 9.713467048710601}, "9": {"start_sec": 9.73352435530086, "end_sec": 9.773638968481375}, "10": {"start_sec": 9.793696275071634, "end_sec": 9.813753581661892}, "11": {"start_sec": 9.833810888252149, "end_sec": 9.853868194842407}}