{"0": {"start_sec": 9.633237822349571, "end_sec": 9.713467048710601}, "1": {"start_sec": 9.753581661891118, "end_sec": 9.954154727793696}}