{"0": {"start_sec": 0.3610315186246419, "end_sec": 1.2836676217765044}, "1": {"start_sec": 2.2464183381088825, "end_sec": 4.011461318051576}, "2": {"start_sec": 7.286532951289399, "end_sec": 7.406876790830946}, "3": {"start_sec": 8.469914040114613, "end_sec": 9.011461318051577}, "4": {"start_sec": 9.512893982808023, "end_sec": 9.893982808022923}}