{"0": {"start_sec": 1.2836676217765044, "end_sec": 3.69054441260745}, "1": {"start_sec": 4.091690544412608, "end_sec": 4.492836676217765}, "2": {"start_sec": 4.83381088825215, "end_sec": 6.177650429799427}}