{"0": {"start_sec": 6.484240687679083, "end_sec": 10.01432664756447}}