{"0": {"start_sec": 0.12034383954154729, "end_sec": 0.4011461318051576}, "1": {"start_sec": 0.9025787965616047, "end_sec": 0.9226361031518625}, "2": {"start_sec": 2.4469914040114613, "end_sec": 2.727793696275072}, "3": {"start_sec": 2.8280802292263614, "end_sec": 2.848137535816619}, "4": {"start_sec": 2.868194842406877, "end_sec": 3.830945558739255}, "5": {"start_sec": 5.200573065902579, "end_sec": 7.527220630372494}, "6": {"start_sec": 5.200573065902579, "end_sec": 7.527220630372494}, "7": {"start_sec": 5.200573065902579, "end_sec": 7.527220630372494}, "8": {"start_sec": 8.69054441260745, "end_sec": 8.810888252148997}, "9": {"start_sec": 9.031518624641834, "end_sec": 10.01432664756447}}