{"0": {"start_sec": 7.346704871060172, "end_sec": 7.446991404011461}, "1": {"start_sec": 7.46704871060172, "end_sec": 7.487106017191977}, "2": {"start_sec": 7.507163323782235, "end_sec": 7.527220630372494}}