{"0": {"start_sec": 4.432664756446992, "end_sec": 6.699140401146132}, "1": {"start_sec": 8.088825214899714, "end_sec": 9.031518624641834}}