{"0": {"start_sec": 0.0, "end_sec": 1.524355300859599}, "1": {"start_sec": 1.885386819484241, "end_sec": 2.3266475644699143}, "2": {"start_sec": 2.4068767908309456, "end_sec": 2.4269340974212037}, "3": {"start_sec": 2.507163323782235, "end_sec": 2.527220630372493}, "4": {"start_sec": 5.501432664756447, "end_sec": 5.621776504297994}, "5": {"start_sec": 5.66189111747851, "end_sec": 5.782234957020058}, "6": {"start_sec": 5.822349570200573, "end_sec": 10.01432664756447}}