{"0": {"start_sec": 7.08595988538682, "end_sec": 7.106017191977077}, "1": {"start_sec": 7.126074498567336, "end_sec": 8.30945558739255}, "2": {"start_sec": 9.191977077363898, "end_sec": 10.01432664756447}}