{"0": {"start_sec": 1.002865329512894, "end_sec": 1.32378223495702}, "1": {"start_sec": 1.3438395415472781, "end_sec": 1.363896848137536}, "2": {"start_sec": 3.2693409742120347, "end_sec": 3.9713467048710607}, "3": {"start_sec": 4.332378223495702, "end_sec": 4.613180515759312}, "4": {"start_sec": 5.200573065902579, "end_sec": 9.292263610315187}, "5": {"start_sec": 5.200573065902579, "end_sec": 9.292263610315187}, "6": {"start_sec": 9.833810888252149, "end_sec": 9.873925501432666}, "7": {"start_sec": 9.893982808022923, "end_sec": 9.93409742120344}}