{"0": {"start_sec": 1.0830945558739256, "end_sec": 1.8252148997134672}, "1": {"start_sec": 2.186246418338109, "end_sec": 2.4871060171919774}, "2": {"start_sec": 4.051575931232092, "end_sec": 4.07163323782235}, "3": {"start_sec": 4.1719197707736395, "end_sec": 4.191977077363897}, "4": {"start_sec": 4.212034383954155, "end_sec": 4.914040114613181}, "5": {"start_sec": 4.934097421203439, "end_sec": 6.644699140401146}, "6": {"start_sec": 5.0, "end_sec": 6.644699140401146}, "7": {"start_sec": 6.6647564469914045, "end_sec": 6.684813753581662}, "8": {"start_sec": 7.326647564469914, "end_sec": 9.011461318051577}}