{"0": {"start_sec": 1.4040114613180517, "end_sec": 4.974212034383955}, "1": {"start_sec": 7.045845272206304, "end_sec": 7.126074498567336}, "2": {"start_sec": 7.74785100286533, "end_sec": 8.670487106017193}, "3": {"start_sec": 9.553008595988539, "end_sec": 9.573065902578797}}