{"0": {"start_sec": 5.435530085959885, "end_sec": 6.739255014326648}, "1": {"start_sec": 6.885386819484241, "end_sec": 10.01432664756447}}