{"0": {"start_sec": 5.7020057306590255, "end_sec": 6.785100286532952}, "1": {"start_sec": 6.80515759312321, "end_sec": 6.845272206303725}, "2": {"start_sec": 9.252148997134672, "end_sec": 10.034383954154729}}