{"0": {"start_sec": 0.16045845272206305, "end_sec": 2.005730659025788}}