{"0": {"start_sec": 0.12034383954154729, "end_sec": 0.24068767908309457}, "1": {"start_sec": 0.26074498567335247, "end_sec": 0.46131805157593125}, "2": {"start_sec": 0.48137535816618915, "end_sec": 0.501432664756447}, "3": {"start_sec": 0.5214899713467049, "end_sec": 0.5616045845272206}, "4": {"start_sec": 0.5816618911174786, "end_sec": 0.842406876790831}, "5": {"start_sec": 0.8624641833810889, "end_sec": 0.8825214899713467}, "6": {"start_sec": 1.8653295128939829, "end_sec": 1.9054441260744988}, "7": {"start_sec": 1.9255014326647566, "end_sec": 4.633237822349571}, "8": {"start_sec": 4.83381088825215, "end_sec": 4.873925501432665}, "9": {"start_sec": 5.521489971346705, "end_sec": 5.56160458452722}, "10": {"start_sec": 5.6017191977077365, "end_sec": 7.36676217765043}, "11": {"start_sec": 5.6017191977077365, "end_sec": 7.36676217765043}}