{"0": {"start_sec": 5.435530085959885, "end_sec": 6.4240687679083095}, "1": {"start_sec": 6.444126074498568, "end_sec": 6.464183381088826}}