{"0": {"start_sec": 5.0, "end_sec": 7.286532951289399}, "1": {"start_sec": 5.0, "end_sec": 7.286532951289399}, "2": {"start_sec": 8.269340974212035, "end_sec": 8.329512893982809}, "3": {"start_sec": 8.389684813753583, "end_sec": 8.449856733524356}, "4": {"start_sec": 8.489971346704872, "end_sec": 8.670487106017193}, "5": {"start_sec": 8.710601719197708, "end_sec": 8.730659025787965}, "6": {"start_sec": 8.750716332378223, "end_sec": 8.830945558739256}}