{"0": {"start_sec": 2.9484240687679084, "end_sec": 4.312320916905445}, "1": {"start_sec": 4.6532951289398286, "end_sec": 4.693409742120344}, "2": {"start_sec": 4.7535816618911175, "end_sec": 8.69054441260745}, "3": {"start_sec": 5.0, "end_sec": 8.69054441260745}, "4": {"start_sec": 5.0, "end_sec": 8.69054441260745}, "5": {"start_sec": 5.0, "end_sec": 8.69054441260745}, "6": {"start_sec": 5.0, "end_sec": 8.69054441260745}, "7": {"start_sec": 5.0, "end_sec": 8.69054441260745}, "8": {"start_sec": 5.0, "end_sec": 8.69054441260745}, "9": {"start_sec": 8.750716332378223, "end_sec": 8.790830945558739}}