{"0": {"start_sec": 1.5444126074498568, "end_sec": 5.074498567335244}, "1": {"start_sec": 7.54727793696275, "end_sec": 7.7277936962750715}, "2": {"start_sec": 7.74785100286533, "end_sec": 7.767908309455588}, "3": {"start_sec": 8.068767908309455, "end_sec": 10.01432664756447}}