{"0": {"start_sec": 8.630372492836676, "end_sec": 9.392550143266476}}