{"0": {"start_sec": 2.928366762177651, "end_sec": 4.914040114613181}, "1": {"start_sec": 4.934097421203439, "end_sec": 5.4756446991404015}, "2": {"start_sec": 5.856733524355302, "end_sec": 6.558739255014327}}