{"0": {"start_sec": 7.126074498567336, "end_sec": 8.209169054441261}, "1": {"start_sec": 8.670487106017193, "end_sec": 8.730659025787965}, "2": {"start_sec": 9.051575931232092, "end_sec": 9.07163323782235}, "3": {"start_sec": 9.613180515759312, "end_sec": 9.633237822349571}, "4": {"start_sec": 9.673352435530086, "end_sec": 9.93409742120344}}