{"0": {"start_sec": 5.320916905444126, "end_sec": 6.343839541547278}}