{"0": {"start_sec": 1.4040114613180517, "end_sec": 3.6103151862464187}}