{"0": {"start_sec": 8.02865329512894, "end_sec": 8.449856733524356}, "1": {"start_sec": 8.469914040114613, "end_sec": 8.530085959885387}, "2": {"start_sec": 8.790830945558739, "end_sec": 9.994269340974213}}