{"0": {"start_sec": 4.011461318051576, "end_sec": 4.5128939828080235}, "1": {"start_sec": 6.318051575931233, "end_sec": 6.338108882521491}, "2": {"start_sec": 6.358166189111748, "end_sec": 6.859598853868196}, "3": {"start_sec": 9.553008595988539, "end_sec": 9.613180515759312}}