{"0": {"start_sec": 5.080229226361031, "end_sec": 5.180515759312321}, "1": {"start_sec": 5.200573065902579, "end_sec": 5.340974212034384}, "2": {"start_sec": 5.3810888252149, "end_sec": 5.401146131805158}, "3": {"start_sec": 5.541547277936963, "end_sec": 5.56160458452722}, "4": {"start_sec": 6.04297994269341, "end_sec": 7.206303724928366}, "5": {"start_sec": 7.36676217765043, "end_sec": 7.406876790830946}}