{"0": {"start_sec": 3.1289398280802296, "end_sec": 3.2693409742120347}, "1": {"start_sec": 7.106017191977077, "end_sec": 7.988538681948424}}