{"0": {"start_sec": 2.226361031518625, "end_sec": 2.6876790830945563}, "1": {"start_sec": 2.727793696275072, "end_sec": 2.9083094555873927}, "2": {"start_sec": 2.928366762177651, "end_sec": 3.068767908309456}, "3": {"start_sec": 5.020057306590258, "end_sec": 5.441260744985673}, "4": {"start_sec": 5.521489971346705, "end_sec": 5.541547277936963}, "5": {"start_sec": 7.286532951289399, "end_sec": 7.326647564469914}, "6": {"start_sec": 7.346704871060172, "end_sec": 7.487106017191977}, "7": {"start_sec": 7.507163323782235, "end_sec": 9.553008595988539}, "8": {"start_sec": 9.613180515759312, "end_sec": 9.633237822349571}}