{"0": {"start_sec": 1.2636103151862466, "end_sec": 2.2664756446991405}}