{"0": {"start_sec": 1.6246418338108883, "end_sec": 4.332378223495702}, "1": {"start_sec": 4.35243553008596, "end_sec": 4.392550143266476}, "2": {"start_sec": 4.412607449856734, "end_sec": 4.45272206303725}, "3": {"start_sec": 5.696275071633238, "end_sec": 5.736389684813754}, "4": {"start_sec": 5.977077363896848, "end_sec": 6.744985673352436}}