{"0": {"start_sec": 0.02005730659025788, "end_sec": 6.765042979942693}, "1": {"start_sec": 7.206303724928366, "end_sec": 7.286532951289399}, "2": {"start_sec": 7.406876790830946, "end_sec": 7.46704871060172}, "3": {"start_sec": 7.587392550143267, "end_sec": 7.607449856733524}}