{"0": {"start_sec": 1.9255014326647566, "end_sec": 4.573065902578797}, "1": {"start_sec": 6.2979942693409745, "end_sec": 6.498567335243553}, "2": {"start_sec": 7.787965616045845, "end_sec": 8.69054441260745}, "3": {"start_sec": 8.710601719197708, "end_sec": 8.750716332378223}, "4": {"start_sec": 8.770773638968482, "end_sec": 8.790830945558739}}