{"0": {"start_sec": 0.681948424068768, "end_sec": 0.7220630372492838}, "1": {"start_sec": 0.7621776504297995, "end_sec": 3.048710601719198}, "2": {"start_sec": 3.1289398280802296, "end_sec": 3.1489971346704873}, "3": {"start_sec": 3.1690544412607453, "end_sec": 3.6504297994269344}, "4": {"start_sec": 8.02865329512894, "end_sec": 8.59025787965616}, "5": {"start_sec": 8.630372492836676, "end_sec": 8.670487106017193}}