{"0": {"start_sec": 2.727793696275072, "end_sec": 3.1690544412607453}, "1": {"start_sec": 3.229226361031519, "end_sec": 3.40974212034384}, "2": {"start_sec": 3.6303724928366763, "end_sec": 3.6504297994269344}, "3": {"start_sec": 3.6704871060171924, "end_sec": 3.710601719197708}, "4": {"start_sec": 3.7507163323782238, "end_sec": 3.8108882521489975}, "5": {"start_sec": 3.9512893982808026, "end_sec": 3.9914040114613183}, "6": {"start_sec": 4.7535816618911175, "end_sec": 4.773638968481376}, "7": {"start_sec": 4.813753581661891, "end_sec": 6.3237822349570205}}