{"0": {"start_sec": 0.0, "end_sec": 0.02005730659025788}, "1": {"start_sec": 0.04011461318051576, "end_sec": 0.16045845272206305}, "2": {"start_sec": 0.3008595988538682, "end_sec": 1.7249283667621778}}