{"0": {"start_sec": 1.5845272206303727, "end_sec": 3.0888252148997135}, "1": {"start_sec": 4.532951289398281, "end_sec": 8.289398280802292}, "2": {"start_sec": 8.369627507163324, "end_sec": 8.389684813753583}, "3": {"start_sec": 8.750716332378223, "end_sec": 9.17191977077364}}