{"0": {"start_sec": 2.567335243553009, "end_sec": 4.934097421203439}, "1": {"start_sec": 4.954154727793696, "end_sec": 6.137535816618912}, "2": {"start_sec": 6.744985673352436, "end_sec": 7.326647564469914}, "3": {"start_sec": 9.111747851002866, "end_sec": 9.994269340974213}}