{"0": {"start_sec": 1.7249283667621778, "end_sec": 1.845272206303725}, "1": {"start_sec": 1.9054441260744988, "end_sec": 2.206303724928367}, "2": {"start_sec": 2.226361031518625, "end_sec": 2.527220630372493}, "3": {"start_sec": 2.5472779369627507, "end_sec": 2.567335243553009}, "4": {"start_sec": 4.45272206303725, "end_sec": 4.472779369627507}, "5": {"start_sec": 4.573065902578797, "end_sec": 4.693409742120344}, "6": {"start_sec": 4.713467048710602, "end_sec": 4.7535816618911175}, "7": {"start_sec": 4.813753581661891, "end_sec": 4.83381088825215}, "8": {"start_sec": 4.853868194842407, "end_sec": 4.893982808022923}, "9": {"start_sec": 7.54727793696275, "end_sec": 9.091690544412607}, "10": {"start_sec": 9.111747851002866, "end_sec": 9.151862464183381}}