{"0": {"start_sec": 0.0, "end_sec": 1.7851002865329515}, "1": {"start_sec": 4.83381088825215, "end_sec": 4.9942693409742125}, "2": {"start_sec": 5.034383954154729, "end_sec": 5.180515759312321}, "3": {"start_sec": 5.435530085959885, "end_sec": 5.515759312320918}, "4": {"start_sec": 5.66189111747851, "end_sec": 5.7020057306590255}, "5": {"start_sec": 5.742120343839542, "end_sec": 5.782234957020058}, "6": {"start_sec": 8.650429799426934, "end_sec": 8.670487106017193}, "7": {"start_sec": 8.710601719197708, "end_sec": 9.191977077363898}}