{"0": {"start_sec": 1.4240687679083095, "end_sec": 2.988538681948424}, "1": {"start_sec": 4.9942693409742125, "end_sec": 6.965616045845272}, "2": {"start_sec": 6.98567335243553, "end_sec": 7.08595988538682}}