{"0": {"start_sec": 2.527220630372493, "end_sec": 2.7879656160458457}}