{"0": {"start_sec": 3.3094555873925504, "end_sec": 3.349570200573066}, "1": {"start_sec": 3.489971346704871, "end_sec": 3.5100286532951293}, "2": {"start_sec": 3.830945558739255, "end_sec": 3.851002865329513}, "3": {"start_sec": 5.260744985673353, "end_sec": 5.581661891117479}, "4": {"start_sec": 5.722063037249284, "end_sec": 5.922636103151863}, "5": {"start_sec": 5.962750716332378, "end_sec": 6.083094555873926}, "6": {"start_sec": 6.103151862464183, "end_sec": 6.123209169054441}, "7": {"start_sec": 6.243553008595988, "end_sec": 6.303724928366762}, "8": {"start_sec": 6.3237822349570205, "end_sec": 7.46704871060172}, "9": {"start_sec": 7.64756446991404, "end_sec": 9.813753581661892}}