{"0": {"start_sec": 0.060171919770773644, "end_sec": 0.08022922636103152}, "1": {"start_sec": 0.1002865329512894, "end_sec": 0.38108882521489973}, "2": {"start_sec": 0.4011461318051576, "end_sec": 2.1260744985673354}, "3": {"start_sec": 3.851002865329513, "end_sec": 5.275071633237823}, "4": {"start_sec": 5.962750716332378, "end_sec": 6.604584527220631}}