{"0": {"start_sec": 0.14040114613180515, "end_sec": 0.2005730659025788}, "1": {"start_sec": 0.24068767908309457, "end_sec": 0.3008595988538682}, "2": {"start_sec": 1.4040114613180517, "end_sec": 3.911174785100287}, "3": {"start_sec": 4.372492836676218, "end_sec": 4.412607449856734}, "4": {"start_sec": 4.45272206303725, "end_sec": 4.472779369627507}, "5": {"start_sec": 4.5128939828080235, "end_sec": 5.455587392550144}, "6": {"start_sec": 5.461318051575931, "end_sec": 5.481375358166189}, "7": {"start_sec": 6.504297994269341, "end_sec": 7.346704871060172}, "8": {"start_sec": 8.209169054441261, "end_sec": 9.232091690544413}, "9": {"start_sec": 9.37249283667622, "end_sec": 9.893982808022923}}