{"0": {"start_sec": 0.2005730659025788, "end_sec": 0.3008595988538682}, "1": {"start_sec": 0.4011461318051576, "end_sec": 0.66189111747851}, "2": {"start_sec": 0.9426934097421205, "end_sec": 1.2234957020057307}, "3": {"start_sec": 1.2636103151862466, "end_sec": 1.3438395415472781}, "4": {"start_sec": 3.570200573065903, "end_sec": 4.07163323782235}, "5": {"start_sec": 5.020057306590258, "end_sec": 5.621776504297994}, "6": {"start_sec": 5.020057306590258, "end_sec": 5.621776504297994}, "7": {"start_sec": 6.363896848137536, "end_sec": 8.550143266475645}, "8": {"start_sec": 9.693409742120345, "end_sec": 10.01432664756447}}