{"0": {"start_sec": 6.358166189111748, "end_sec": 7.988538681948424}}