{"0": {"start_sec": 1.6446991404011462, "end_sec": 1.7851002865329515}, "1": {"start_sec": 1.8252148997134672, "end_sec": 4.813753581661891}}