{"0": {"start_sec": 2.6275071633237825, "end_sec": 2.888252148997135}, "1": {"start_sec": 3.209169054441261, "end_sec": 5.335243553008596}, "2": {"start_sec": 6.103151862464183, "end_sec": 6.123209169054441}, "3": {"start_sec": 6.163323782234957, "end_sec": 6.277936962750717}, "4": {"start_sec": 6.2979942693409745, "end_sec": 6.363896848137536}}