{"0": {"start_sec": 6.05730659025788, "end_sec": 10.01432664756447}, "1": {"start_sec": 6.123209169054441, "end_sec": 10.01432664756447}}