{"0": {"start_sec": 1.0630372492836677, "end_sec": 2.3266475644699143}}