{"0": {"start_sec": 3.1690544412607453, "end_sec": 3.770773638968482}, "1": {"start_sec": 4.07163323782235, "end_sec": 4.091690544412608}, "2": {"start_sec": 4.151862464183381, "end_sec": 4.191977077363897}, "3": {"start_sec": 4.232091690544413, "end_sec": 4.2722063037249285}, "4": {"start_sec": 4.292263610315187, "end_sec": 4.693409742120344}, "5": {"start_sec": 7.8681948424068775, "end_sec": 8.530085959885387}}