{"0": {"start_sec": 2.9083094555873927, "end_sec": 5.034383954154729}, "1": {"start_sec": 5.054441260744986, "end_sec": 5.074498567335244}, "2": {"start_sec": 5.0945558739255015, "end_sec": 6.81948424068768}, "3": {"start_sec": 8.008595988538682, "end_sec": 9.53295128939828}, "4": {"start_sec": 9.633237822349571, "end_sec": 9.653295128939828}}