{"0": {"start_sec": 4.332378223495702, "end_sec": 10.01432664756447}, "1": {"start_sec": 5.0, "end_sec": 10.01432664756447}, "2": {"start_sec": 5.0, "end_sec": 10.01432664756447}}