{"0": {"start_sec": 4.372492836676218, "end_sec": 4.392550143266476}, "1": {"start_sec": 4.412607449856734, "end_sec": 4.853868194842407}}