{"0": {"start_sec": 3.3295128939828085, "end_sec": 4.232091690544413}, "1": {"start_sec": 4.252148997134671, "end_sec": 4.312320916905445}, "2": {"start_sec": 4.332378223495702, "end_sec": 4.392550143266476}, "3": {"start_sec": 4.472779369627507, "end_sec": 4.492836676217765}, "4": {"start_sec": 4.532951289398281, "end_sec": 4.813753581661891}, "5": {"start_sec": 4.83381088825215, "end_sec": 4.873925501432665}, "6": {"start_sec": 5.555873925501433, "end_sec": 5.836676217765043}, "7": {"start_sec": 7.908309455587393, "end_sec": 8.650429799426934}, "8": {"start_sec": 9.633237822349571, "end_sec": 9.653295128939828}}