{"0": {"start_sec": 3.570200573065903, "end_sec": 4.091690544412608}, "1": {"start_sec": 4.212034383954155, "end_sec": 10.074498567335244}}