{"0": {"start_sec": 0.9025787965616047, "end_sec": 1.504297994269341}, "1": {"start_sec": 1.6045845272206305, "end_sec": 1.6246418338108883}, "2": {"start_sec": 1.6647564469914042, "end_sec": 1.684813753581662}, "3": {"start_sec": 1.70487106017192, "end_sec": 2.888252148997135}, "4": {"start_sec": 3.4498567335243555, "end_sec": 3.6303724928366763}, "5": {"start_sec": 3.6504297994269344, "end_sec": 3.69054441260745}, "6": {"start_sec": 3.710601719197708, "end_sec": 3.7306590257879657}, "7": {"start_sec": 3.7507163323782238, "end_sec": 4.613180515759312}, "8": {"start_sec": 5.300859598853868, "end_sec": 6.338108882521491}, "9": {"start_sec": 8.851002865329512, "end_sec": 8.87106017191977}, "10": {"start_sec": 9.011461318051577, "end_sec": 9.031518624641834}, "11": {"start_sec": 9.07163323782235, "end_sec": 9.111747851002866}}