{"0": {"start_sec": 5.320916905444126, "end_sec": 6.785100286532952}, "1": {"start_sec": 5.320916905444126, "end_sec": 6.799426934097422}, "2": {"start_sec": 8.69054441260745, "end_sec": 9.332378223495702}}