{"0": {"start_sec": 0.0, "end_sec": 0.44126074498567336}, "1": {"start_sec": 3.2893982808022924, "end_sec": 3.369627507163324}, "2": {"start_sec": 3.3896848137535818, "end_sec": 3.429799426934098}, "3": {"start_sec": 9.312320916905446, "end_sec": 9.37249283667622}, "4": {"start_sec": 9.432664756446993, "end_sec": 9.553008595988539}}