{"0": {"start_sec": 1.7449856733524356, "end_sec": 2.005730659025788}, "1": {"start_sec": 3.6103151862464187, "end_sec": 4.151862464183381}, "2": {"start_sec": 6.7793696275071635, "end_sec": 6.859598853868196}, "3": {"start_sec": 7.707736389684814, "end_sec": 10.01432664756447}}