{"0": {"start_sec": 0.1002865329512894, "end_sec": 1.9856733524355303}, "1": {"start_sec": 3.4699140401146136, "end_sec": 5.461318051575931}, "2": {"start_sec": 5.481375358166189, "end_sec": 5.501432664756447}, "3": {"start_sec": 5.66189111747851, "end_sec": 6.845272206303725}, "4": {"start_sec": 6.925501432664756, "end_sec": 6.965616045845272}, "5": {"start_sec": 9.553008595988539, "end_sec": 9.713467048710601}, "6": {"start_sec": 9.73352435530086, "end_sec": 9.813753581661892}, "7": {"start_sec": 9.833810888252149, "end_sec": 9.873925501432666}, "8": {"start_sec": 9.893982808022923, "end_sec": 9.93409742120344}}