{"0": {"start_sec": 1.845272206303725, "end_sec": 2.4269340974212037}, "1": {"start_sec": 2.4670487106017194, "end_sec": 2.507163323782235}, "2": {"start_sec": 2.888252148997135, "end_sec": 2.9684813753581665}, "3": {"start_sec": 3.429799426934098, "end_sec": 10.034383954154729}, "4": {"start_sec": 10.054441260744987, "end_sec": 10.11461318051576}}