{"0": {"start_sec": 9.232091690544413, "end_sec": 9.553008595988539}, "1": {"start_sec": 9.573065902578797, "end_sec": 9.853868194842407}, "2": {"start_sec": 9.914040114613181, "end_sec": 9.974212034383955}}