{"0": {"start_sec": 5.134670487106018, "end_sec": 5.174785100286534}, "1": {"start_sec": 5.214899713467049, "end_sec": 5.234957020057307}}