{"0": {"start_sec": 2.306590257879656, "end_sec": 6.604584527220631}}