{"0": {"start_sec": 3.9914040114613183, "end_sec": 4.191977077363897}, "1": {"start_sec": 4.212034383954155, "end_sec": 4.232091690544413}, "2": {"start_sec": 4.2722063037249285, "end_sec": 4.312320916905445}, "3": {"start_sec": 4.412607449856734, "end_sec": 4.553008595988539}, "4": {"start_sec": 4.613180515759312, "end_sec": 4.6532951289398286}, "5": {"start_sec": 4.853868194842407, "end_sec": 4.873925501432665}, "6": {"start_sec": 4.934097421203439, "end_sec": 4.9942693409742125}, "7": {"start_sec": 5.0, "end_sec": 5.982808022922637}, "8": {"start_sec": 5.0, "end_sec": 5.982808022922637}}