{"0": {"start_sec": 0.0, "end_sec": 0.2005730659025788}, "1": {"start_sec": 0.22063037249283668, "end_sec": 0.26074498567335247}, "2": {"start_sec": 0.2808022922636103, "end_sec": 2.386819484240688}}