{"0": {"start_sec": 5.481375358166189, "end_sec": 8.69054441260745}}