{"0": {"start_sec": 0.7621776504297995, "end_sec": 1.70487106017192}, "1": {"start_sec": 2.025787965616046, "end_sec": 2.045845272206304}, "2": {"start_sec": 2.0659025787965617, "end_sec": 2.0859598853868198}, "3": {"start_sec": 2.1060171919770774, "end_sec": 3.911174785100287}, "4": {"start_sec": 4.1719197707736395, "end_sec": 4.212034383954155}, "5": {"start_sec": 4.232091690544413, "end_sec": 4.553008595988539}, "6": {"start_sec": 4.954154727793696, "end_sec": 5.234957020057307}, "7": {"start_sec": 5.957020057306591, "end_sec": 5.977077363896848}}