{"0": {"start_sec": 1.3438395415472781, "end_sec": 3.69054441260745}, "1": {"start_sec": 4.051575931232092, "end_sec": 4.091690544412608}, "2": {"start_sec": 4.111747851002866, "end_sec": 4.492836676217765}, "3": {"start_sec": 5.0, "end_sec": 6.98567335243553}, "4": {"start_sec": 8.570200573065904, "end_sec": 10.01432664756447}}