{"0": {"start_sec": 1.845272206303725, "end_sec": 2.1461318051575935}, "1": {"start_sec": 2.186246418338109, "end_sec": 2.206303724928367}, "2": {"start_sec": 2.226361031518625, "end_sec": 2.2464183381088825}, "3": {"start_sec": 2.707736389684814, "end_sec": 3.429799426934098}, "4": {"start_sec": 3.4498567335243555, "end_sec": 3.550143266475645}, "5": {"start_sec": 4.9942693409742125, "end_sec": 10.01432664756447}, "6": {"start_sec": 5.0, "end_sec": 10.01432664756447}, "7": {"start_sec": 5.0, "end_sec": 10.01432664756447}, "8": {"start_sec": 5.0, "end_sec": 10.01432664756447}, "9": {"start_sec": 5.0, "end_sec": 10.01432664756447}, "10": {"start_sec": 5.0, "end_sec": 10.01432664756447}, "11": {"start_sec": 5.0, "end_sec": 10.01432664756447}, "12": {"start_sec": 5.0, "end_sec": 10.01432664756447}, "13": {"start_sec": 5.0, "end_sec": 10.01432664756447}}