{"0": {"start_sec": 5.401146131805158, "end_sec": 6.4240687679083095}}