{"0": {"start_sec": 3.9914040114613183, "end_sec": 4.73352435530086}, "1": {"start_sec": 6.378223495702006, "end_sec": 7.346704871060172}, "2": {"start_sec": 7.36676217765043, "end_sec": 7.587392550143267}, "3": {"start_sec": 7.64756446991404, "end_sec": 7.7277936962750715}, "4": {"start_sec": 7.787965616045845, "end_sec": 7.848137535816619}, "5": {"start_sec": 9.07163323782235, "end_sec": 9.091690544412607}, "6": {"start_sec": 9.151862464183381, "end_sec": 9.232091690544413}}