{"0": {"start_sec": 7.487106017191977, "end_sec": 9.011461318051577}}