{"0": {"start_sec": 5.882521489971347, "end_sec": 5.902578796561604}}