{"0": {"start_sec": 8.10888252148997, "end_sec": 8.12893982808023}, "1": {"start_sec": 8.570200573065904, "end_sec": 8.59025787965616}}