{"0": {"start_sec": 5.742120343839542, "end_sec": 6.022922636103152}, "1": {"start_sec": 6.063037249283668, "end_sec": 6.097421203438396}}