{"0": {"start_sec": 0.04011461318051576, "end_sec": 0.22063037249283668}, "1": {"start_sec": 0.26074498567335247, "end_sec": 0.2808022922636103}}