{"0": {"start_sec": 4.813753581661891, "end_sec": 4.853868194842407}, "1": {"start_sec": 4.914040114613181, "end_sec": 4.934097421203439}, "2": {"start_sec": 4.954154727793696, "end_sec": 5.154727793696275}, "3": {"start_sec": 5.174785100286534, "end_sec": 5.194842406876791}}