{"0": {"start_sec": 0.02005730659025788, "end_sec": 0.22063037249283668}, "1": {"start_sec": 0.38108882521489973, "end_sec": 0.4212034383954155}, "2": {"start_sec": 2.045845272206304, "end_sec": 2.0859598853868198}, "3": {"start_sec": 2.1260744985673354, "end_sec": 2.1461318051575935}, "4": {"start_sec": 2.166189111747851, "end_sec": 2.226361031518625}, "5": {"start_sec": 2.2865329512893986, "end_sec": 2.4068767908309456}, "6": {"start_sec": 2.4469914040114613, "end_sec": 2.928366762177651}, "7": {"start_sec": 3.048710601719198, "end_sec": 3.068767908309456}, "8": {"start_sec": 3.229226361031519, "end_sec": 3.2893982808022924}, "9": {"start_sec": 3.349570200573066, "end_sec": 7.106017191977077}, "10": {"start_sec": 8.931232091690545, "end_sec": 8.951289398280803}, "11": {"start_sec": 8.991404011461318, "end_sec": 9.272206303724928}, "12": {"start_sec": 9.37249283667622, "end_sec": 9.53295128939828}, "13": {"start_sec": 9.553008595988539, "end_sec": 9.713467048710601}}