{"0": {"start_sec": 0.0, "end_sec": 0.8624641833810889}, "1": {"start_sec": 7.888252148997135, "end_sec": 9.031518624641834}}