{"0": {"start_sec": 0.0, "end_sec": 3.770773638968482}, "1": {"start_sec": 4.5128939828080235, "end_sec": 5.802292263610315}, "2": {"start_sec": 5.0, "end_sec": 5.802292263610315}, "3": {"start_sec": 5.0, "end_sec": 5.802292263610315}, "4": {"start_sec": 6.644699140401146, "end_sec": 8.469914040114613}, "5": {"start_sec": 8.489971346704872, "end_sec": 8.59025787965616}, "6": {"start_sec": 8.61031518624642, "end_sec": 9.73352435530086}, "7": {"start_sec": 9.813753581661892, "end_sec": 9.833810888252149}}