{"0": {"start_sec": 3.349570200573066, "end_sec": 3.6704871060171924}, "1": {"start_sec": 3.830945558739255, "end_sec": 3.851002865329513}, "2": {"start_sec": 3.8710601719197713, "end_sec": 3.891117478510029}, "3": {"start_sec": 6.504297994269341, "end_sec": 6.5243553008595985}, "4": {"start_sec": 6.564469914040115, "end_sec": 8.931232091690545}, "5": {"start_sec": 8.951289398280803, "end_sec": 9.051575931232092}, "6": {"start_sec": 9.37249283667622, "end_sec": 9.492836676217765}, "7": {"start_sec": 9.512893982808023, "end_sec": 9.994269340974213}}