{"0": {"start_sec": 0.0, "end_sec": 1.1031518624641834}, "1": {"start_sec": 2.567335243553009, "end_sec": 2.587392550143267}, "2": {"start_sec": 2.888252148997135, "end_sec": 2.9083094555873927}, "3": {"start_sec": 2.9484240687679084, "end_sec": 5.134670487106018}, "4": {"start_sec": 5.240687679083095, "end_sec": 6.9054441260744985}, "5": {"start_sec": 5.240687679083095, "end_sec": 6.9054441260744985}, "6": {"start_sec": 5.240687679083095, "end_sec": 6.9054441260744985}, "7": {"start_sec": 5.240687679083095, "end_sec": 6.9054441260744985}, "8": {"start_sec": 5.240687679083095, "end_sec": 6.9054441260744985}, "9": {"start_sec": 7.6275071633237825, "end_sec": 9.994269340974213}}