{"0": {"start_sec": 6.223495702005731, "end_sec": 10.034383954154729}}