{"0": {"start_sec": 2.567335243553009, "end_sec": 2.587392550143267}}