{"0": {"start_sec": 8.51002865329513, "end_sec": 10.034383954154729}}