{"0": {"start_sec": 7.6275071633237825, "end_sec": 8.189111747851003}}