{"0": {"start_sec": 0.46131805157593125, "end_sec": 1.845272206303725}, "1": {"start_sec": 1.8653295128939829, "end_sec": 2.025787965616046}, "2": {"start_sec": 2.0659025787965617, "end_sec": 2.0859598853868198}, "3": {"start_sec": 2.527220630372493, "end_sec": 2.707736389684814}, "4": {"start_sec": 2.7679083094555876, "end_sec": 2.7879656160458457}, "5": {"start_sec": 4.091690544412608, "end_sec": 6.022922636103152}, "6": {"start_sec": 5.0, "end_sec": 6.037249283667622}, "7": {"start_sec": 7.487106017191977, "end_sec": 7.6275071633237825}, "8": {"start_sec": 7.7277936962750715, "end_sec": 8.630372492836676}}