{"0": {"start_sec": 8.650429799426934, "end_sec": 9.853868194842407}}