{"0": {"start_sec": 1.845272206303725, "end_sec": 1.9054441260744988}, "1": {"start_sec": 1.9856733524355303, "end_sec": 2.025787965616046}, "2": {"start_sec": 2.045845272206304, "end_sec": 2.0659025787965617}, "3": {"start_sec": 2.0859598853868198, "end_sec": 2.1260744985673354}, "4": {"start_sec": 5.2206303724928365, "end_sec": 6.444126074498568}, "5": {"start_sec": 9.332378223495702, "end_sec": 9.994269340974213}}