{"0": {"start_sec": 7.948424068767908, "end_sec": 8.148997134670488}, "1": {"start_sec": 8.209169054441261, "end_sec": 8.229226361031518}}