{"0": {"start_sec": 4.111747851002866, "end_sec": 4.151862464183381}, "1": {"start_sec": 4.212034383954155, "end_sec": 4.713467048710602}, "2": {"start_sec": 4.73352435530086, "end_sec": 5.194842406876791}, "3": {"start_sec": 5.234957020057307, "end_sec": 5.335243553008596}, "4": {"start_sec": 5.3753581661891126, "end_sec": 5.796561604584528}, "5": {"start_sec": 6.498567335243553, "end_sec": 6.618911174785101}, "6": {"start_sec": 6.638968481375358, "end_sec": 6.659025787965617}, "7": {"start_sec": 9.813753581661892, "end_sec": 9.873925501432666}, "8": {"start_sec": 9.893982808022923, "end_sec": 9.93409742120344}}