{"0": {"start_sec": 1.504297994269341, "end_sec": 4.492836676217765}, "1": {"start_sec": 5.8166189111747855, "end_sec": 6.699140401146132}}