{"0": {"start_sec": 0.5616045845272206, "end_sec": 5.39541547277937}, "1": {"start_sec": 7.406876790830946, "end_sec": 9.994269340974213}}