{"0": {"start_sec": 0.12034383954154729, "end_sec": 10.034383954154729}, "1": {"start_sec": 10.054441260744987, "end_sec": 10.074498567335244}}