{"0": {"start_sec": 5.936962750716333, "end_sec": 6.839541547277937}, "1": {"start_sec": 6.859598853868196, "end_sec": 6.879656160458453}, "2": {"start_sec": 6.899713467048711, "end_sec": 6.919770773638969}}