{"0": {"start_sec": 0.22063037249283668, "end_sec": 3.429799426934098}, "1": {"start_sec": 3.6303724928366763, "end_sec": 4.793696275071634}, "2": {"start_sec": 4.813753581661891, "end_sec": 4.873925501432665}, "3": {"start_sec": 4.893982808022923, "end_sec": 4.914040114613181}}