{"0": {"start_sec": 6.825214899713467, "end_sec": 7.126074498567336}, "1": {"start_sec": 9.111747851002866, "end_sec": 9.73352435530086}, "2": {"start_sec": 9.753581661891118, "end_sec": 9.773638968481375}, "3": {"start_sec": 9.793696275071634, "end_sec": 9.833810888252149}, "4": {"start_sec": 9.914040114613181, "end_sec": 9.974212034383955}}