{"0": {"start_sec": 5.100286532951289, "end_sec": 7.828080229226361}, "1": {"start_sec": 5.100286532951289, "end_sec": 7.828080229226361}, "2": {"start_sec": 7.928366762177651, "end_sec": 7.988538681948424}, "3": {"start_sec": 8.068767908309455, "end_sec": 8.088825214899714}, "4": {"start_sec": 8.10888252148997, "end_sec": 8.12893982808023}, "5": {"start_sec": 9.312320916905446, "end_sec": 9.352435530085959}, "6": {"start_sec": 9.432664756446993, "end_sec": 9.472779369627506}, "7": {"start_sec": 9.512893982808023, "end_sec": 9.53295128939828}, "8": {"start_sec": 9.553008595988539, "end_sec": 9.653295128939828}}