{"0": {"start_sec": 3.6303724928366763, "end_sec": 4.553008595988539}, "1": {"start_sec": 4.593123209169055, "end_sec": 4.613180515759312}, "2": {"start_sec": 4.813753581661891, "end_sec": 4.83381088825215}, "3": {"start_sec": 4.853868194842407, "end_sec": 4.893982808022923}}