{"0": {"start_sec": 3.770773638968482, "end_sec": 3.7908309455587395}, "1": {"start_sec": 3.8108882521489975, "end_sec": 3.8710601719197713}, "2": {"start_sec": 3.911174785100287, "end_sec": 4.2722063037249285}, "3": {"start_sec": 4.35243553008596, "end_sec": 4.392550143266476}}