{"0": {"start_sec": 2.888252148997135, "end_sec": 3.429799426934098}, "1": {"start_sec": 6.739255014326648, "end_sec": 7.025787965616046}, "2": {"start_sec": 6.765042979942693, "end_sec": 7.025787965616046}, "3": {"start_sec": 6.765042979942693, "end_sec": 7.025787965616046}, "4": {"start_sec": 7.106017191977077, "end_sec": 7.126074498567336}, "5": {"start_sec": 7.406876790830946, "end_sec": 8.89111747851003}, "6": {"start_sec": 8.911174785100286, "end_sec": 8.951289398280803}}