{"0": {"start_sec": 0.340974212034384, "end_sec": 1.885386819484241}, "1": {"start_sec": 1.9054441260744988, "end_sec": 2.005730659025788}, "2": {"start_sec": 2.186246418338109, "end_sec": 2.2464183381088825}, "3": {"start_sec": 2.2664756446991405, "end_sec": 3.02865329512894}, "4": {"start_sec": 4.9942693409742125, "end_sec": 7.206303724928366}, "5": {"start_sec": 6.163323782234957, "end_sec": 7.206303724928366}, "6": {"start_sec": 8.30945558739255, "end_sec": 8.329512893982809}, "7": {"start_sec": 8.59025787965616, "end_sec": 8.61031518624642}, "8": {"start_sec": 8.630372492836676, "end_sec": 9.994269340974213}}