{"0": {"start_sec": 4.713467048710602, "end_sec": 5.515759312320918}, "1": {"start_sec": 5.616045845272207, "end_sec": 5.636103151862464}}