{"0": {"start_sec": 5.260744985673353, "end_sec": 5.28080229226361}, "1": {"start_sec": 5.300859598853868, "end_sec": 5.982808022922637}, "2": {"start_sec": 5.300859598853868, "end_sec": 5.982808022922637}, "3": {"start_sec": 6.544412607449857, "end_sec": 6.604584527220631}, "4": {"start_sec": 6.885386819484241, "end_sec": 6.9054441260744985}, "5": {"start_sec": 7.005730659025788, "end_sec": 7.6275071633237825}, "6": {"start_sec": 7.64756446991404, "end_sec": 7.687679083094556}, "7": {"start_sec": 9.272206303724928, "end_sec": 9.332378223495702}}