{"0": {"start_sec": 2.1260744985673354, "end_sec": 2.1461318051575935}, "1": {"start_sec": 2.186246418338109, "end_sec": 5.0945558739255015}, "2": {"start_sec": 5.11461318051576, "end_sec": 5.355300859598854}, "3": {"start_sec": 5.415472779369628, "end_sec": 5.435530085959885}, "4": {"start_sec": 5.495702005730659, "end_sec": 5.656160458452723}, "5": {"start_sec": 5.696275071633238, "end_sec": 6.077363896848138}, "6": {"start_sec": 8.830945558739256, "end_sec": 8.951289398280803}, "7": {"start_sec": 8.97134670487106, "end_sec": 9.873925501432666}}