{"0": {"start_sec": 5.541547277936963, "end_sec": 7.2464183381088825}, "1": {"start_sec": 5.541547277936963, "end_sec": 7.2464183381088825}, "2": {"start_sec": 5.541547277936963, "end_sec": 7.2464183381088825}, "3": {"start_sec": 5.541547277936963, "end_sec": 7.2464183381088825}, "4": {"start_sec": 5.541547277936963, "end_sec": 7.2464183381088825}, "5": {"start_sec": 5.541547277936963, "end_sec": 7.2464183381088825}, "6": {"start_sec": 5.541547277936963, "end_sec": 7.2464183381088825}, "7": {"start_sec": 5.541547277936963, "end_sec": 7.2464183381088825}, "8": {"start_sec": 5.541547277936963, "end_sec": 7.2464183381088825}, "9": {"start_sec": 5.541547277936963, "end_sec": 7.2464183381088825}, "10": {"start_sec": 5.541547277936963, "end_sec": 7.2464183381088825}}