{"0": {"start_sec": 4.934097421203439, "end_sec": 8.088825214899714}}