{"0": {"start_sec": 4.332378223495702, "end_sec": 4.73352435530086}}