{"0": {"start_sec": 0.12034383954154729, "end_sec": 0.14040114613180515}, "1": {"start_sec": 0.2005730659025788, "end_sec": 0.24068767908309457}, "2": {"start_sec": 1.7650429799426934, "end_sec": 7.7277936962750715}}