{"0": {"start_sec": 2.9083094555873927, "end_sec": 7.326647564469914}, "1": {"start_sec": 5.040114613180516, "end_sec": 7.326647564469914}, "2": {"start_sec": 5.040114613180516, "end_sec": 7.326647564469914}, "3": {"start_sec": 5.040114613180516, "end_sec": 7.326647564469914}, "4": {"start_sec": 8.088825214899714, "end_sec": 10.01432664756447}}