{"0": {"start_sec": 6.3237822349570205, "end_sec": 8.790830945558739}, "1": {"start_sec": 6.3237822349570205, "end_sec": 8.790830945558739}, "2": {"start_sec": 8.810888252148997, "end_sec": 9.392550143266476}}