{"0": {"start_sec": 3.770773638968482, "end_sec": 8.40974212034384}, "1": {"start_sec": 9.011461318051577, "end_sec": 9.45272206303725}, "2": {"start_sec": 9.954154727793696, "end_sec": 9.994269340974213}}