{"0": {"start_sec": 1.183381088825215, "end_sec": 2.64756446991404}, "1": {"start_sec": 3.40974212034384, "end_sec": 4.1719197707736395}, "2": {"start_sec": 7.46704871060172, "end_sec": 8.489971346704872}, "3": {"start_sec": 8.51002865329513, "end_sec": 8.550143266475645}, "4": {"start_sec": 8.730659025787965, "end_sec": 8.750716332378223}}