{"0": {"start_sec": 8.169054441260744, "end_sec": 8.189111747851003}}