{"0": {"start_sec": 0.0, "end_sec": 0.5816618911174786}, "1": {"start_sec": 0.6017191977077364, "end_sec": 3.2492836676217767}, "2": {"start_sec": 3.2893982808022924, "end_sec": 3.3094555873925504}, "3": {"start_sec": 4.633237822349571, "end_sec": 7.848137535816619}, "4": {"start_sec": 8.911174785100286, "end_sec": 10.01432664756447}}