{"0": {"start_sec": 2.005730659025788, "end_sec": 2.0659025787965617}, "1": {"start_sec": 2.1060171919770774, "end_sec": 2.1260744985673354}, "2": {"start_sec": 2.166189111747851, "end_sec": 2.186246418338109}}