{"0": {"start_sec": 9.07163323782235, "end_sec": 9.091690544412607}, "1": {"start_sec": 9.131805157593124, "end_sec": 9.37249283667622}, "2": {"start_sec": 9.392550143266476, "end_sec": 9.53295128939828}, "3": {"start_sec": 9.633237822349571, "end_sec": 9.673352435530086}}