{"0": {"start_sec": 6.604584527220631, "end_sec": 6.724928366762178}, "1": {"start_sec": 8.61031518624642, "end_sec": 8.790830945558739}}