{"0": {"start_sec": 2.4068767908309456, "end_sec": 2.4269340974212037}, "1": {"start_sec": 2.4469914040114613, "end_sec": 2.9684813753581665}, "2": {"start_sec": 4.232091690544413, "end_sec": 5.194842406876791}, "3": {"start_sec": 5.214899713467049, "end_sec": 5.29512893982808}, "4": {"start_sec": 7.226361031518625, "end_sec": 7.2464183381088825}, "5": {"start_sec": 7.346704871060172, "end_sec": 9.45272206303725}, "6": {"start_sec": 9.853868194842407, "end_sec": 9.873925501432666}}