{"0": {"start_sec": 1.504297994269341, "end_sec": 2.4269340974212037}, "1": {"start_sec": 2.4871060171919774, "end_sec": 2.507163323782235}, "2": {"start_sec": 2.7879656160458457, "end_sec": 3.369627507163324}, "3": {"start_sec": 6.083094555873926, "end_sec": 8.209169054441261}, "4": {"start_sec": 9.553008595988539, "end_sec": 9.573065902578797}, "5": {"start_sec": 9.613180515759312, "end_sec": 9.653295128939828}, "6": {"start_sec": 9.673352435530086, "end_sec": 9.93409742120344}}