{"0": {"start_sec": 1.8653295128939829, "end_sec": 5.997134670487107}, "1": {"start_sec": 6.277936962750717, "end_sec": 6.684813753581662}, "2": {"start_sec": 6.744985673352436, "end_sec": 6.785100286532952}, "3": {"start_sec": 6.865329512893982, "end_sec": 7.667621776504298}, "4": {"start_sec": 8.189111747851003, "end_sec": 8.650429799426934}}