{"0": {"start_sec": 0.2005730659025788, "end_sec": 0.3209169054441261}, "1": {"start_sec": 2.166189111747851, "end_sec": 3.69054441260745}, "2": {"start_sec": 5.260744985673353, "end_sec": 7.46704871060172}, "3": {"start_sec": 5.260744985673353, "end_sec": 7.46704871060172}, "4": {"start_sec": 5.260744985673353, "end_sec": 7.46704871060172}, "5": {"start_sec": 9.031518624641834, "end_sec": 9.051575931232092}, "6": {"start_sec": 9.07163323782235, "end_sec": 10.01432664756447}}