{"0": {"start_sec": 5.240687679083095, "end_sec": 5.260744985673353}, "1": {"start_sec": 6.363896848137536, "end_sec": 8.931232091690545}}