{"0": {"start_sec": 0.0, "end_sec": 2.005730659025788}, "1": {"start_sec": 3.8108882521489975, "end_sec": 3.9713467048710607}, "2": {"start_sec": 5.7020057306590255, "end_sec": 7.36676217765043}, "3": {"start_sec": 5.7020057306590255, "end_sec": 7.36676217765043}, "4": {"start_sec": 7.426934097421204, "end_sec": 7.54727793696275}}