{"0": {"start_sec": 5.7020057306590255, "end_sec": 7.18624641833811}, "1": {"start_sec": 8.469914040114613, "end_sec": 9.713467048710601}}