{"0": {"start_sec": 0.0, "end_sec": 4.1719197707736395}, "1": {"start_sec": 4.191977077363897, "end_sec": 4.492836676217765}, "2": {"start_sec": 4.6532951289398286, "end_sec": 4.73352435530086}, "3": {"start_sec": 8.369627507163324, "end_sec": 10.01432664756447}}