{"0": {"start_sec": 0.0, "end_sec": 0.7020057306590258}, "1": {"start_sec": 3.5902578796561606, "end_sec": 4.232091690544413}, "2": {"start_sec": 6.318051575931233, "end_sec": 6.618911174785101}, "3": {"start_sec": 7.306590257879656, "end_sec": 7.446991404011461}, "4": {"start_sec": 7.46704871060172, "end_sec": 7.64756446991404}, "5": {"start_sec": 8.329512893982809, "end_sec": 8.670487106017193}, "6": {"start_sec": 8.750716332378223, "end_sec": 8.830945558739256}}