{"0": {"start_sec": 0.7421203438395416, "end_sec": 1.7851002865329515}, "1": {"start_sec": 2.0659025787965617, "end_sec": 2.1260744985673354}, "2": {"start_sec": 2.2865329512893986, "end_sec": 2.3266475644699143}, "3": {"start_sec": 2.4670487106017194, "end_sec": 2.4871060171919774}, "4": {"start_sec": 2.928366762177651, "end_sec": 3.530085959885387}, "5": {"start_sec": 3.7507163323782238, "end_sec": 3.830945558739255}, "6": {"start_sec": 3.851002865329513, "end_sec": 3.9312320916905446}, "7": {"start_sec": 3.9713467048710607, "end_sec": 3.9914040114613183}, "8": {"start_sec": 4.011461318051576, "end_sec": 4.031518624641834}, "9": {"start_sec": 6.243553008595988, "end_sec": 7.888252148997135}, "10": {"start_sec": 8.570200573065904, "end_sec": 9.593123209169054}}