{"0": {"start_sec": 0.681948424068768, "end_sec": 0.7020057306590258}, "1": {"start_sec": 1.8653295128939829, "end_sec": 3.189111747851003}, "2": {"start_sec": 3.2492836676217767, "end_sec": 3.2693409742120347}, "3": {"start_sec": 4.73352435530086, "end_sec": 4.813753581661891}, "4": {"start_sec": 4.914040114613181, "end_sec": 5.782234957020058}, "5": {"start_sec": 6.404011461318052, "end_sec": 7.46704871060172}, "6": {"start_sec": 8.169054441260744, "end_sec": 8.570200573065904}, "7": {"start_sec": 9.07163323782235, "end_sec": 10.01432664756447}}