{"0": {"start_sec": 2.6074498567335245, "end_sec": 2.6275071633237825}, "1": {"start_sec": 2.64756446991404, "end_sec": 2.6876790830945563}, "2": {"start_sec": 2.7879656160458457, "end_sec": 2.868194842406877}, "3": {"start_sec": 2.9484240687679084, "end_sec": 3.02865329512894}, "4": {"start_sec": 3.0888252148997135, "end_sec": 3.1690544412607453}, "5": {"start_sec": 3.2492836676217767, "end_sec": 3.6303724928366763}, "6": {"start_sec": 3.6504297994269344, "end_sec": 3.830945558739255}, "7": {"start_sec": 3.851002865329513, "end_sec": 4.07163323782235}, "8": {"start_sec": 4.091690544412608, "end_sec": 4.392550143266476}, "9": {"start_sec": 5.0, "end_sec": 5.200573065902579}, "10": {"start_sec": 5.2206303724928365, "end_sec": 10.034383954154729}, "11": {"start_sec": 5.2206303724928365, "end_sec": 10.034383954154729}}