{"0": {"start_sec": 5.060171919770774, "end_sec": 10.034383954154729}}