{"0": {"start_sec": 5.11461318051576, "end_sec": 5.134670487106018}, "1": {"start_sec": 5.260744985673353, "end_sec": 6.925501432664756}, "2": {"start_sec": 6.965616045845272, "end_sec": 7.005730659025788}, "3": {"start_sec": 7.106017191977077, "end_sec": 7.126074498567336}, "4": {"start_sec": 8.630372492836676, "end_sec": 9.031518624641834}, "5": {"start_sec": 9.051575931232092, "end_sec": 9.07163323782235}, "6": {"start_sec": 9.091690544412607, "end_sec": 10.01432664756447}}