{"0": {"start_sec": 0.04011461318051576, "end_sec": 0.9828080229226361}, "1": {"start_sec": 1.7249283667621778, "end_sec": 4.031518624641834}, "2": {"start_sec": 4.191977077363897, "end_sec": 4.232091690544413}, "3": {"start_sec": 4.492836676217765, "end_sec": 6.277936962750717}, "4": {"start_sec": 6.9054441260744985, "end_sec": 8.489971346704872}, "5": {"start_sec": 9.392550143266476, "end_sec": 9.713467048710601}}