{"0": {"start_sec": 2.1461318051575935, "end_sec": 3.2492836676217767}, "1": {"start_sec": 6.283667621776504, "end_sec": 6.303724928366762}, "2": {"start_sec": 6.484240687679083, "end_sec": 7.406876790830946}, "3": {"start_sec": 7.426934097421204, "end_sec": 7.446991404011461}}