{"0": {"start_sec": 8.951289398280803, "end_sec": 8.991404011461318}, "1": {"start_sec": 9.031518624641834, "end_sec": 9.553008595988539}, "2": {"start_sec": 9.613180515759312, "end_sec": 9.653295128939828}}