{"0": {"start_sec": 0.5415472779369628, "end_sec": 0.5816618911174786}, "1": {"start_sec": 0.6017191977077364, "end_sec": 1.0630372492836677}, "2": {"start_sec": 1.0830945558739256, "end_sec": 2.4469914040114613}, "3": {"start_sec": 5.160458452722063, "end_sec": 5.180515759312321}, "4": {"start_sec": 5.240687679083095, "end_sec": 5.361031518624642}, "5": {"start_sec": 5.742120343839542, "end_sec": 6.865329512893982}, "6": {"start_sec": 5.742120343839542, "end_sec": 6.865329512893982}, "7": {"start_sec": 5.742120343839542, "end_sec": 6.879656160458453}, "8": {"start_sec": 7.065902578796562, "end_sec": 7.08595988538682}, "9": {"start_sec": 7.106017191977077, "end_sec": 7.126074498567336}, "10": {"start_sec": 7.166189111747851, "end_sec": 8.189111747851003}, "11": {"start_sec": 9.53295128939828, "end_sec": 10.01432664756447}}