{"0": {"start_sec": 2.3266475644699143, "end_sec": 4.593123209169055}, "1": {"start_sec": 5.200573065902579, "end_sec": 6.624641833810888}, "2": {"start_sec": 5.200573065902579, "end_sec": 6.624641833810888}, "3": {"start_sec": 5.200573065902579, "end_sec": 6.679083094555875}, "4": {"start_sec": 6.759312320916906, "end_sec": 6.7793696275071635}}