{"0": {"start_sec": 0.0, "end_sec": 0.060171919770773644}, "1": {"start_sec": 0.1002865329512894, "end_sec": 2.6074498567335245}, "2": {"start_sec": 6.123209169054441, "end_sec": 6.143266475644699}, "3": {"start_sec": 6.163323782234957, "end_sec": 7.106017191977077}, "4": {"start_sec": 6.404011461318052, "end_sec": 7.106017191977077}, "5": {"start_sec": 6.404011461318052, "end_sec": 7.106017191977077}, "6": {"start_sec": 6.404011461318052, "end_sec": 7.106017191977077}}