{"0": {"start_sec": 5.6017191977077365, "end_sec": 6.358166189111748}, "1": {"start_sec": 7.025787965616046, "end_sec": 8.189111747851003}}