{"0": {"start_sec": 2.0859598853868198, "end_sec": 10.01432664756447}, "1": {"start_sec": 5.0, "end_sec": 10.01432664756447}}