{"0": {"start_sec": 1.8653295128939829, "end_sec": 2.8280802292263614}, "1": {"start_sec": 5.681948424068768, "end_sec": 6.7793696275071635}, "2": {"start_sec": 7.005730659025788, "end_sec": 7.226361031518625}, "3": {"start_sec": 8.389684813753583, "end_sec": 10.01432664756447}}