{"0": {"start_sec": 0.0, "end_sec": 1.0429799426934099}, "1": {"start_sec": 1.7650429799426934, "end_sec": 3.3094555873925504}, "2": {"start_sec": 3.3295128939828085, "end_sec": 3.349570200573066}, "3": {"start_sec": 3.369627507163324, "end_sec": 3.4699140401146136}, "4": {"start_sec": 6.303724928366762, "end_sec": 9.693409742120345}}