{"0": {"start_sec": 4.773638968481376, "end_sec": 4.793696275071634}, "1": {"start_sec": 5.0, "end_sec": 7.045845272206304}, "2": {"start_sec": 5.0, "end_sec": 7.045845272206304}, "3": {"start_sec": 7.106017191977077, "end_sec": 7.126074498567336}, "4": {"start_sec": 7.1461318051575935, "end_sec": 7.206303724928366}, "5": {"start_sec": 7.908309455587393, "end_sec": 8.068767908309455}, "6": {"start_sec": 8.59025787965616, "end_sec": 8.61031518624642}, "7": {"start_sec": 8.650429799426934, "end_sec": 8.951289398280803}, "8": {"start_sec": 9.031518624641834, "end_sec": 9.07163323782235}, "9": {"start_sec": 9.091690544412607, "end_sec": 9.131805157593124}}