{"0": {"start_sec": 3.229226361031519, "end_sec": 3.570200573065903}, "1": {"start_sec": 3.8710601719197713, "end_sec": 4.312320916905445}, "2": {"start_sec": 4.873925501432665, "end_sec": 6.017191977077364}}