{"0": {"start_sec": 6.504297994269341, "end_sec": 7.808022922636104}}