{"0": {"start_sec": 0.0, "end_sec": 1.9255014326647566}, "1": {"start_sec": 1.9455587392550144, "end_sec": 1.9856733524355303}, "2": {"start_sec": 2.3266475644699143, "end_sec": 2.346704871060172}, "3": {"start_sec": 2.4068767908309456, "end_sec": 2.5472779369627507}, "4": {"start_sec": 2.587392550143267, "end_sec": 2.667621776504298}, "5": {"start_sec": 3.209169054441261, "end_sec": 3.851002865329513}, "6": {"start_sec": 3.891117478510029, "end_sec": 3.9312320916905446}, "7": {"start_sec": 4.613180515759312, "end_sec": 4.633237822349571}, "8": {"start_sec": 6.363896848137536, "end_sec": 6.383954154727794}, "9": {"start_sec": 6.925501432664756, "end_sec": 7.707736389684814}, "10": {"start_sec": 8.770773638968482, "end_sec": 9.793696275071634}, "11": {"start_sec": 9.893982808022923, "end_sec": 9.914040114613181}}