{"0": {"start_sec": 3.008595988538682, "end_sec": 3.3295128939828085}, "1": {"start_sec": 3.369627507163324, "end_sec": 3.710601719197708}, "2": {"start_sec": 3.7507163323782238, "end_sec": 3.770773638968482}, "3": {"start_sec": 4.873925501432665, "end_sec": 5.300859598853868}}