{"0": {"start_sec": 0.0, "end_sec": 0.08022922636103152}, "1": {"start_sec": 0.1002865329512894, "end_sec": 0.12034383954154729}, "2": {"start_sec": 0.22063037249283668, "end_sec": 8.630372492836676}, "3": {"start_sec": 5.0, "end_sec": 8.630372492836676}}