{"0": {"start_sec": 3.2893982808022924, "end_sec": 5.575931232091691}, "1": {"start_sec": 6.865329512893982, "end_sec": 7.206303724928366}}