{"0": {"start_sec": 3.349570200573066, "end_sec": 3.4699140401146136}, "1": {"start_sec": 3.489971346704871, "end_sec": 3.530085959885387}}