{"0": {"start_sec": 5.0, "end_sec": 6.123209169054441}, "1": {"start_sec": 6.143266475644699, "end_sec": 6.223495702005731}, "2": {"start_sec": 6.363896848137536, "end_sec": 6.383954154727794}}