{"0": {"start_sec": 2.025787965616046, "end_sec": 3.429799426934098}, "1": {"start_sec": 7.065902578796562, "end_sec": 8.02865329512894}, "2": {"start_sec": 9.191977077363898, "end_sec": 9.873925501432666}}