{"0": {"start_sec": 0.26074498567335247, "end_sec": 0.2808022922636103}, "1": {"start_sec": 0.46131805157593125, "end_sec": 2.64756446991404}, "2": {"start_sec": 4.412607449856734, "end_sec": 4.472779369627507}, "3": {"start_sec": 4.492836676217765, "end_sec": 4.5128939828080235}, "4": {"start_sec": 4.553008595988539, "end_sec": 4.83381088825215}, "5": {"start_sec": 4.853868194842407, "end_sec": 5.441260744985673}, "6": {"start_sec": 5.0, "end_sec": 5.441260744985673}, "7": {"start_sec": 5.742120343839542, "end_sec": 5.782234957020058}, "8": {"start_sec": 5.862464183381089, "end_sec": 5.9426934097421205}, "9": {"start_sec": 5.982808022922637, "end_sec": 6.002865329512894}}