{"0": {"start_sec": 5.521489971346705, "end_sec": 5.6017191977077365}, "1": {"start_sec": 5.621776504297994, "end_sec": 7.26647564469914}, "2": {"start_sec": 7.286532951289399, "end_sec": 7.306590257879656}, "3": {"start_sec": 7.507163323782235, "end_sec": 7.54727793696275}}