{"0": {"start_sec": 6.263610315186247, "end_sec": 8.148997134670488}, "1": {"start_sec": 8.469914040114613, "end_sec": 8.51002865329513}, "2": {"start_sec": 8.570200573065904, "end_sec": 8.630372492836676}, "3": {"start_sec": 8.710601719197708, "end_sec": 8.750716332378223}, "4": {"start_sec": 8.87106017191977, "end_sec": 8.89111747851003}, "5": {"start_sec": 9.011461318051577, "end_sec": 9.693409742120345}, "6": {"start_sec": 9.713467048710601, "end_sec": 9.813753581661892}, "7": {"start_sec": 9.853868194842407, "end_sec": 9.873925501432666}, "8": {"start_sec": 9.914040114613181, "end_sec": 9.93409742120344}}