{"0": {"start_sec": 6.624641833810888, "end_sec": 9.432664756446993}}