{"0": {"start_sec": 1.4240687679083095, "end_sec": 4.312320916905445}, "1": {"start_sec": 8.148997134670488, "end_sec": 9.974212034383955}}