{"0": {"start_sec": 5.501432664756447, "end_sec": 5.922636103151863}, "1": {"start_sec": 6.6647564469914045, "end_sec": 6.684813753581662}, "2": {"start_sec": 6.724928366762178, "end_sec": 6.80515759312321}}