{"0": {"start_sec": 1.0429799426934099, "end_sec": 4.07163323782235}, "1": {"start_sec": 5.054441260744986, "end_sec": 5.3810888252149}, "2": {"start_sec": 6.799426934097422, "end_sec": 6.959885386819485}}