{"0": {"start_sec": 5.0, "end_sec": 5.040114613180516}, "1": {"start_sec": 5.100286532951289, "end_sec": 10.01432664756447}}