{"0": {"start_sec": 5.28080229226361, "end_sec": 5.922636103151863}, "1": {"start_sec": 5.28080229226361, "end_sec": 5.922636103151863}, "2": {"start_sec": 6.865329512893982, "end_sec": 6.9054441260744985}, "3": {"start_sec": 6.945558739255015, "end_sec": 6.965616045845272}, "4": {"start_sec": 7.206303724928366, "end_sec": 7.226361031518625}, "5": {"start_sec": 7.2464183381088825, "end_sec": 7.607449856733524}, "6": {"start_sec": 7.808022922636104, "end_sec": 7.8681948424068775}, "7": {"start_sec": 7.888252148997135, "end_sec": 8.59025787965616}, "8": {"start_sec": 8.810888252148997, "end_sec": 10.01432664756447}}