{"0": {"start_sec": 5.421203438395415, "end_sec": 5.501432664756447}, "1": {"start_sec": 5.521489971346705, "end_sec": 5.722063037249284}, "2": {"start_sec": 5.762177650429799, "end_sec": 5.902578796561604}, "3": {"start_sec": 9.693409742120345, "end_sec": 9.994269340974213}}