{"0": {"start_sec": 1.70487106017192, "end_sec": 4.693409742120344}, "1": {"start_sec": 4.713467048710602, "end_sec": 4.853868194842407}, "2": {"start_sec": 5.0, "end_sec": 6.063037249283668}, "3": {"start_sec": 5.0, "end_sec": 6.063037249283668}, "4": {"start_sec": 5.0, "end_sec": 6.063037249283668}, "5": {"start_sec": 6.444126074498568, "end_sec": 6.885386819484241}, "6": {"start_sec": 6.9054441260744985, "end_sec": 6.945558739255015}, "7": {"start_sec": 7.567335243553009, "end_sec": 7.64756446991404}}