{"0": {"start_sec": 5.936962750716333, "end_sec": 7.206303724928366}, "1": {"start_sec": 7.667621776504298, "end_sec": 9.392550143266476}}