{"0": {"start_sec": 0.8223495702005731, "end_sec": 2.848137535816619}, "1": {"start_sec": 6.98567335243553, "end_sec": 10.01432664756447}}