{"0": {"start_sec": 5.160458452722063, "end_sec": 5.300859598853868}, "1": {"start_sec": 5.320916905444126, "end_sec": 5.340974212034384}}