{"0": {"start_sec": 0.501432664756447, "end_sec": 0.5214899713467049}, "1": {"start_sec": 5.080229226361031, "end_sec": 5.481375358166189}, "2": {"start_sec": 5.501432664756447, "end_sec": 5.621776504297994}}