{"0": {"start_sec": 6.143266475644699, "end_sec": 7.446991404011461}, "1": {"start_sec": 9.131805157593124, "end_sec": 9.994269340974213}}