{"0": {"start_sec": 6.223495702005731, "end_sec": 6.263610315186247}, "1": {"start_sec": 6.624641833810888, "end_sec": 6.644699140401146}}