{"0": {"start_sec": 1.0630372492836677, "end_sec": 1.1232091690544412}, "1": {"start_sec": 1.2034383954154728, "end_sec": 1.2836676217765044}, "2": {"start_sec": 1.3839541547277938, "end_sec": 1.4240687679083095}, "3": {"start_sec": 3.6103151862464187, "end_sec": 3.69054441260745}, "4": {"start_sec": 4.031518624641834, "end_sec": 8.229226361031518}, "5": {"start_sec": 5.0, "end_sec": 8.229226361031518}, "6": {"start_sec": 5.0, "end_sec": 8.229226361031518}, "7": {"start_sec": 8.249283667621777, "end_sec": 8.269340974212035}, "8": {"start_sec": 8.489971346704872, "end_sec": 8.51002865329513}, "9": {"start_sec": 8.530085959885387, "end_sec": 8.61031518624642}, "10": {"start_sec": 8.670487106017193, "end_sec": 8.951289398280803}, "11": {"start_sec": 8.97134670487106, "end_sec": 9.011461318051577}, "12": {"start_sec": 9.051575931232092, "end_sec": 9.131805157593124}, "13": {"start_sec": 9.292263610315187, "end_sec": 9.853868194842407}}