{"0": {"start_sec": 5.335243553008596, "end_sec": 8.630372492836676}, "1": {"start_sec": 8.670487106017193, "end_sec": 8.69054441260745}}