{"0": {"start_sec": 0.060171919770773644, "end_sec": 0.8223495702005731}, "1": {"start_sec": 0.9025787965616047, "end_sec": 0.9226361031518625}, "2": {"start_sec": 1.9856733524355303, "end_sec": 2.527220630372493}, "3": {"start_sec": 5.6017191977077365, "end_sec": 10.01432664756447}, "4": {"start_sec": 5.6017191977077365, "end_sec": 10.01432664756447}}