{"0": {"start_sec": 1.2234957020057307, "end_sec": 1.2836676217765044}}