{"0": {"start_sec": 3.7507163323782238, "end_sec": 4.312320916905445}}