{"0": {"start_sec": 0.0, "end_sec": 1.2234957020057307}, "1": {"start_sec": 6.318051575931233, "end_sec": 6.699140401146132}, "2": {"start_sec": 6.71919770773639, "end_sec": 7.707736389684814}, "3": {"start_sec": 6.825214899713467, "end_sec": 7.707736389684814}, "4": {"start_sec": 6.825214899713467, "end_sec": 7.707736389684814}}