{"0": {"start_sec": 4.873925501432665, "end_sec": 6.5386819484240695}, "1": {"start_sec": 7.346704871060172, "end_sec": 7.406876790830946}, "2": {"start_sec": 7.507163323782235, "end_sec": 7.808022922636104}}