{"0": {"start_sec": 4.091690544412608, "end_sec": 5.180515759312321}, "1": {"start_sec": 6.544412607449857, "end_sec": 7.587392550143267}}