{"0": {"start_sec": 0.0, "end_sec": 4.914040114613181}, "1": {"start_sec": 5.054441260744986, "end_sec": 5.074498567335244}, "2": {"start_sec": 5.214899713467049, "end_sec": 5.234957020057307}, "3": {"start_sec": 5.255014326647565, "end_sec": 5.275071633237823}, "4": {"start_sec": 5.455587392550144, "end_sec": 9.753581661891118}, "5": {"start_sec": 9.833810888252149, "end_sec": 9.853868194842407}, "6": {"start_sec": 9.873925501432666, "end_sec": 9.974212034383955}}