{"0": {"start_sec": 2.848137535816619, "end_sec": 7.166189111747851}, "1": {"start_sec": 7.226361031518625, "end_sec": 7.36676217765043}, "2": {"start_sec": 7.948424068767908, "end_sec": 8.02865329512894}, "3": {"start_sec": 8.048710601719197, "end_sec": 8.630372492836676}, "4": {"start_sec": 8.670487106017193, "end_sec": 9.512893982808023}, "5": {"start_sec": 9.633237822349571, "end_sec": 9.653295128939828}, "6": {"start_sec": 9.693409742120345, "end_sec": 9.793696275071634}}