{"0": {"start_sec": 2.707736389684814, "end_sec": 5.401146131805158}, "1": {"start_sec": 5.856733524355302, "end_sec": 6.699140401146132}}