{"0": {"start_sec": 1.1633237822349571, "end_sec": 3.7306590257879657}, "1": {"start_sec": 4.432664756446992, "end_sec": 6.263610315186247}, "2": {"start_sec": 6.383954154727794, "end_sec": 6.464183381088826}, "3": {"start_sec": 7.36676217765043, "end_sec": 10.01432664756447}}