{"0": {"start_sec": 0.26074498567335247, "end_sec": 0.2808022922636103}, "1": {"start_sec": 0.340974212034384, "end_sec": 3.0888252148997135}, "2": {"start_sec": 5.421203438395415, "end_sec": 5.501432664756447}, "3": {"start_sec": 7.607449856733524, "end_sec": 7.64756446991404}, "4": {"start_sec": 7.687679083094556, "end_sec": 9.212034383954155}, "5": {"start_sec": 9.252148997134672, "end_sec": 9.37249283667622}, "6": {"start_sec": 9.432664756446993, "end_sec": 9.793696275071634}, "7": {"start_sec": 9.813753581661892, "end_sec": 9.873925501432666}, "8": {"start_sec": 9.893982808022923, "end_sec": 9.93409742120344}}