{"0": {"start_sec": 4.051575931232092, "end_sec": 4.131805157593123}, "1": {"start_sec": 4.151862464183381, "end_sec": 4.191977077363897}, "2": {"start_sec": 4.553008595988539, "end_sec": 5.054441260744986}, "3": {"start_sec": 5.074498567335244, "end_sec": 5.11461318051576}, "4": {"start_sec": 5.9426934097421205, "end_sec": 7.306590257879656}, "5": {"start_sec": 8.12893982808023, "end_sec": 8.489971346704872}, "6": {"start_sec": 8.750716332378223, "end_sec": 9.873925501432666}, "7": {"start_sec": 9.893982808022923, "end_sec": 9.93409742120344}}