{"0": {"start_sec": 0.0, "end_sec": 5.77650429799427}, "1": {"start_sec": 6.338108882521491, "end_sec": 6.358166189111748}}