{"0": {"start_sec": 0.0, "end_sec": 0.5415472779369628}, "1": {"start_sec": 2.386819484240688, "end_sec": 3.0888252148997135}}