{"0": {"start_sec": 0.3610315186246419, "end_sec": 5.535816618911175}, "1": {"start_sec": 8.429799426934098, "end_sec": 9.753581661891118}}