{"0": {"start_sec": 0.46131805157593125, "end_sec": 0.6017191977077364}}