{"0": {"start_sec": 1.2234957020057307, "end_sec": 2.4670487106017194}, "1": {"start_sec": 8.068767908309455, "end_sec": 9.673352435530086}}