{"0": {"start_sec": 0.4212034383954155, "end_sec": 0.44126074498567336}, "1": {"start_sec": 0.6418338108882522, "end_sec": 0.66189111747851}, "2": {"start_sec": 1.2234957020057307, "end_sec": 10.034383954154729}}