{"0": {"start_sec": 3.349570200573066, "end_sec": 4.893982808022923}, "1": {"start_sec": 5.1203438395415475, "end_sec": 6.002865329512894}, "2": {"start_sec": 5.1203438395415475, "end_sec": 6.002865329512894}, "3": {"start_sec": 5.1203438395415475, "end_sec": 6.002865329512894}}