{"0": {"start_sec": 1.4842406876790832, "end_sec": 4.412607449856734}, "1": {"start_sec": 4.432664756446992, "end_sec": 4.45272206303725}, "2": {"start_sec": 5.8166189111747855, "end_sec": 6.659025787965617}}