{"0": {"start_sec": 0.340974212034384, "end_sec": 0.66189111747851}, "1": {"start_sec": 1.3438395415472781, "end_sec": 2.5472779369627507}, "2": {"start_sec": 2.9684813753581665, "end_sec": 2.988538681948424}, "3": {"start_sec": 3.550143266475645, "end_sec": 3.570200573065903}, "4": {"start_sec": 5.1203438395415475, "end_sec": 5.160458452722063}, "5": {"start_sec": 5.180515759312321, "end_sec": 5.28080229226361}, "6": {"start_sec": 5.401146131805158, "end_sec": 6.203438395415473}, "7": {"start_sec": 6.80515759312321, "end_sec": 7.888252148997135}}