{"0": {"start_sec": 0.1002865329512894, "end_sec": 0.12034383954154729}, "1": {"start_sec": 0.14040114613180515, "end_sec": 2.4469914040114613}}