{"0": {"start_sec": 3.0888252148997135, "end_sec": 3.1088825214899716}, "1": {"start_sec": 5.0, "end_sec": 5.922636103151863}, "2": {"start_sec": 6.103151862464183, "end_sec": 6.724928366762178}, "3": {"start_sec": 6.103151862464183, "end_sec": 6.739255014326648}, "4": {"start_sec": 6.825214899713467, "end_sec": 7.065902578796562}, "5": {"start_sec": 7.106017191977077, "end_sec": 7.607449856733524}, "6": {"start_sec": 8.349570200573066, "end_sec": 8.51002865329513}, "7": {"start_sec": 8.550143266475645, "end_sec": 8.61031518624642}, "8": {"start_sec": 8.630372492836676, "end_sec": 9.131805157593124}}