{"0": {"start_sec": 4.35243553008596, "end_sec": 5.134670487106018}, "1": {"start_sec": 5.154727793696275, "end_sec": 5.174785100286534}, "2": {"start_sec": 6.544412607449857, "end_sec": 6.98567335243553}, "3": {"start_sec": 8.750716332378223, "end_sec": 9.994269340974213}}