{"0": {"start_sec": 5.040114613180516, "end_sec": 5.060171919770774}}