{"0": {"start_sec": 0.46131805157593125, "end_sec": 0.9025787965616047}, "1": {"start_sec": 5.200573065902579, "end_sec": 7.36676217765043}, "2": {"start_sec": 7.667621776504298, "end_sec": 8.10888252148997}, "3": {"start_sec": 8.169054441260744, "end_sec": 8.189111747851003}, "4": {"start_sec": 9.051575931232092, "end_sec": 9.292263610315187}}