{"0": {"start_sec": 1.2636103151862466, "end_sec": 1.32378223495702}, "1": {"start_sec": 1.4040114613180517, "end_sec": 1.7851002865329515}, "2": {"start_sec": 1.8252148997134672, "end_sec": 1.8653295128939829}, "3": {"start_sec": 2.045845272206304, "end_sec": 2.0659025787965617}, "4": {"start_sec": 2.306590257879656, "end_sec": 2.527220630372493}, "5": {"start_sec": 3.189111747851003, "end_sec": 3.5902578796561606}, "6": {"start_sec": 3.891117478510029, "end_sec": 3.9713467048710607}, "7": {"start_sec": 3.9914040114613183, "end_sec": 4.151862464183381}, "8": {"start_sec": 4.1719197707736395, "end_sec": 4.252148997134671}, "9": {"start_sec": 4.2722063037249285, "end_sec": 4.312320916905445}, "10": {"start_sec": 5.080229226361031, "end_sec": 5.66189111747851}, "11": {"start_sec": 5.756446991404012, "end_sec": 7.767908309455588}, "12": {"start_sec": 5.842406876790831, "end_sec": 7.767908309455588}, "13": {"start_sec": 9.37249283667622, "end_sec": 9.392550143266476}, "14": {"start_sec": 9.53295128939828, "end_sec": 9.553008595988539}}