{"0": {"start_sec": 7.426934097421204, "end_sec": 7.587392550143267}, "1": {"start_sec": 7.6275071633237825, "end_sec": 7.64756446991404}, "2": {"start_sec": 7.707736389684814, "end_sec": 7.74785100286533}}