{"0": {"start_sec": 7.46704871060172, "end_sec": 10.01432664756447}}