{"0": {"start_sec": 0.0, "end_sec": 1.5444126074498568}, "1": {"start_sec": 1.7650429799426934, "end_sec": 1.9455587392550144}, "2": {"start_sec": 1.9656160458452723, "end_sec": 1.9856733524355303}, "3": {"start_sec": 6.037249283667622, "end_sec": 6.879656160458453}, "4": {"start_sec": 6.899713467048711, "end_sec": 6.979942693409742}}