{"0": {"start_sec": 4.954154727793696, "end_sec": 5.56160458452722}, "1": {"start_sec": 8.249283667621777, "end_sec": 8.269340974212035}, "2": {"start_sec": 8.30945558739255, "end_sec": 9.553008595988539}}