{"0": {"start_sec": 2.0659025787965617, "end_sec": 3.550143266475645}, "1": {"start_sec": 3.570200573065903, "end_sec": 3.6704871060171924}, "2": {"start_sec": 3.69054441260745, "end_sec": 3.710601719197708}, "3": {"start_sec": 3.891117478510029, "end_sec": 4.392550143266476}, "4": {"start_sec": 4.5128939828080235, "end_sec": 4.553008595988539}, "5": {"start_sec": 5.876790830945559, "end_sec": 7.08595988538682}}