{"0": {"start_sec": 5.154727793696275, "end_sec": 6.679083094555875}, "1": {"start_sec": 6.699140401146132, "end_sec": 6.759312320916906}}