{"0": {"start_sec": 4.6532951289398286, "end_sec": 4.693409742120344}, "1": {"start_sec": 4.793696275071634, "end_sec": 4.83381088825215}}