{"0": {"start_sec": 2.868194842406877, "end_sec": 2.888252148997135}, "1": {"start_sec": 2.9083094555873927, "end_sec": 2.928366762177651}, "2": {"start_sec": 3.048710601719198, "end_sec": 4.914040114613181}}