{"0": {"start_sec": 3.1690544412607453, "end_sec": 6.759312320916906}}