{"0": {"start_sec": 2.3266475644699143, "end_sec": 2.346704871060172}, "1": {"start_sec": 6.398280802292264, "end_sec": 6.965616045845272}}