{"0": {"start_sec": 1.1031518624641834, "end_sec": 2.667621776504298}, "1": {"start_sec": 2.6876790830945563, "end_sec": 2.707736389684814}}