{"0": {"start_sec": 9.312320916905446, "end_sec": 10.034383954154729}}