{"0": {"start_sec": 4.573065902578797, "end_sec": 5.636103151862464}, "1": {"start_sec": 6.81948424068768, "end_sec": 6.925501432664756}, "2": {"start_sec": 6.939828080229227, "end_sec": 6.959885386819485}, "3": {"start_sec": 8.40974212034384, "end_sec": 8.429799426934098}, "4": {"start_sec": 8.550143266475645, "end_sec": 9.653295128939828}}