{"0": {"start_sec": 0.0, "end_sec": 0.501432664756447}, "1": {"start_sec": 2.507163323782235, "end_sec": 3.3295128939828085}, "2": {"start_sec": 4.492836676217765, "end_sec": 4.873925501432665}, "3": {"start_sec": 4.893982808022923, "end_sec": 4.954154727793696}, "4": {"start_sec": 5.240687679083095, "end_sec": 5.882521489971347}, "5": {"start_sec": 5.902578796561604, "end_sec": 5.962750716332378}, "6": {"start_sec": 7.18624641833811, "end_sec": 7.206303724928366}, "7": {"start_sec": 9.272206303724928, "end_sec": 9.653295128939828}}