{"0": {"start_sec": 0.9828080229226361, "end_sec": 2.1260744985673354}, "1": {"start_sec": 2.707736389684814, "end_sec": 2.848137535816619}, "2": {"start_sec": 2.868194842406877, "end_sec": 2.888252148997135}, "3": {"start_sec": 2.9083094555873927, "end_sec": 2.9684813753581665}, "4": {"start_sec": 3.048710601719198, "end_sec": 3.068767908309456}}