{"0": {"start_sec": 6.3237822349570205, "end_sec": 10.01432664756447}}