{"0": {"start_sec": 1.002865329512894, "end_sec": 1.0830945558739256}}