{"0": {"start_sec": 4.7535816618911175, "end_sec": 6.624641833810888}}