{"0": {"start_sec": 0.3008595988538682, "end_sec": 1.0630372492836677}, "1": {"start_sec": 1.7449856733524356, "end_sec": 2.386819484240688}, "2": {"start_sec": 4.45272206303725, "end_sec": 4.593123209169055}, "3": {"start_sec": 4.914040114613181, "end_sec": 8.349570200573066}, "4": {"start_sec": 8.40974212034384, "end_sec": 8.429799426934098}, "5": {"start_sec": 8.530085959885387, "end_sec": 8.550143266475645}, "6": {"start_sec": 8.570200573065904, "end_sec": 8.650429799426934}}