{"0": {"start_sec": 0.8022922636103152, "end_sec": 1.4641833810888254}, "1": {"start_sec": 6.518624641833811, "end_sec": 6.979942693409742}, "2": {"start_sec": 7.587392550143267, "end_sec": 8.97134670487106}}