{"0": {"start_sec": 4.151862464183381, "end_sec": 4.873925501432665}, "1": {"start_sec": 4.893982808022923, "end_sec": 9.091690544412607}, "2": {"start_sec": 5.0, "end_sec": 9.091690544412607}, "3": {"start_sec": 5.0, "end_sec": 9.091690544412607}, "4": {"start_sec": 5.0, "end_sec": 9.091690544412607}, "5": {"start_sec": 5.0, "end_sec": 9.091690544412607}, "6": {"start_sec": 5.0, "end_sec": 9.091690544412607}, "7": {"start_sec": 5.0, "end_sec": 9.091690544412607}, "8": {"start_sec": 5.0, "end_sec": 9.091690544412607}, "9": {"start_sec": 5.0, "end_sec": 9.091690544412607}, "10": {"start_sec": 9.151862464183381, "end_sec": 9.17191977077364}}