{"0": {"start_sec": 6.684813753581662, "end_sec": 7.126074498567336}}