{"0": {"start_sec": 1.4441260744985676, "end_sec": 1.4842406876790832}, "1": {"start_sec": 1.6647564469914042, "end_sec": 1.684813753581662}, "2": {"start_sec": 2.0659025787965617, "end_sec": 2.1060171919770774}, "3": {"start_sec": 2.166189111747851, "end_sec": 2.848137535816619}, "4": {"start_sec": 3.2492836676217767, "end_sec": 3.530085959885387}, "5": {"start_sec": 7.707736389684814, "end_sec": 9.914040114613181}}