{"0": {"start_sec": 4.492836676217765, "end_sec": 4.633237822349571}, "1": {"start_sec": 5.040114613180516, "end_sec": 5.300859598853868}, "2": {"start_sec": 5.441260744985673, "end_sec": 5.461318051575931}}