{"0": {"start_sec": 0.04011461318051576, "end_sec": 0.6418338108882522}, "1": {"start_sec": 0.66189111747851, "end_sec": 0.9025787965616047}, "2": {"start_sec": 0.9226361031518625, "end_sec": 0.9627507163323783}, "3": {"start_sec": 0.9828080229226361, "end_sec": 2.1060171919770774}, "4": {"start_sec": 2.1461318051575935, "end_sec": 2.166189111747851}, "5": {"start_sec": 2.386819484240688, "end_sec": 4.432664756446992}, "6": {"start_sec": 4.573065902578797, "end_sec": 5.194842406876791}, "7": {"start_sec": 5.421203438395415, "end_sec": 5.441260744985673}, "8": {"start_sec": 5.461318051575931, "end_sec": 5.856733524355302}, "9": {"start_sec": 6.5243553008595985, "end_sec": 7.9684813753581665}, "10": {"start_sec": 8.87106017191977, "end_sec": 10.01432664756447}}