{"0": {"start_sec": 3.3896848137535818, "end_sec": 4.151862464183381}, "1": {"start_sec": 4.191977077363897, "end_sec": 4.252148997134671}, "2": {"start_sec": 4.292263610315187, "end_sec": 4.332378223495702}}