{"0": {"start_sec": 1.4441260744985676, "end_sec": 2.7679083094555876}}