{"0": {"start_sec": 6.383954154727794, "end_sec": 8.89111747851003}}