{"0": {"start_sec": 0.5616045845272206, "end_sec": 0.681948424068768}, "1": {"start_sec": 0.7020057306590258, "end_sec": 0.9828080229226361}, "2": {"start_sec": 1.002865329512894, "end_sec": 1.022922636103152}, "3": {"start_sec": 2.166189111747851, "end_sec": 3.40974212034384}, "4": {"start_sec": 3.710601719197708, "end_sec": 4.893982808022923}, "5": {"start_sec": 4.914040114613181, "end_sec": 5.0945558739255015}, "6": {"start_sec": 5.154727793696275, "end_sec": 5.174785100286534}, "7": {"start_sec": 5.194842406876791, "end_sec": 5.214899713467049}}