{"0": {"start_sec": 7.08595988538682, "end_sec": 7.126074498567336}, "1": {"start_sec": 7.18624641833811, "end_sec": 7.306590257879656}, "2": {"start_sec": 7.46704871060172, "end_sec": 7.487106017191977}}