{"0": {"start_sec": 4.553008595988539, "end_sec": 4.593123209169055}, "1": {"start_sec": 4.613180515759312, "end_sec": 6.6647564469914045}, "2": {"start_sec": 6.684813753581662, "end_sec": 6.744985673352436}, "3": {"start_sec": 6.845272206303725, "end_sec": 6.865329512893982}, "4": {"start_sec": 8.670487106017193, "end_sec": 9.011461318051577}}