{"0": {"start_sec": 0.8022922636103152, "end_sec": 1.0630372492836677}, "1": {"start_sec": 1.1232091690544412, "end_sec": 1.2034383954154728}, "2": {"start_sec": 5.8166189111747855, "end_sec": 5.856733524355302}, "3": {"start_sec": 5.876790830945559, "end_sec": 5.916905444126075}, "4": {"start_sec": 5.936962750716333, "end_sec": 6.43839541547278}, "5": {"start_sec": 6.478510028653296, "end_sec": 6.518624641833811}, "6": {"start_sec": 7.446991404011461, "end_sec": 7.487106017191977}, "7": {"start_sec": 7.507163323782235, "end_sec": 9.994269340974213}}