{"0": {"start_sec": 0.14040114613180515, "end_sec": 0.18051575931232094}, "1": {"start_sec": 0.2005730659025788, "end_sec": 6.303724928366762}, "2": {"start_sec": 6.363896848137536, "end_sec": 6.383954154727794}, "3": {"start_sec": 6.5243553008595985, "end_sec": 6.604584527220631}, "4": {"start_sec": 6.644699140401146, "end_sec": 6.724928366762178}, "5": {"start_sec": 6.7793696275071635, "end_sec": 6.865329512893982}}