{"0": {"start_sec": 0.02005730659025788, "end_sec": 1.0630372492836677}, "1": {"start_sec": 1.0830945558739256, "end_sec": 1.1031518624641834}, "2": {"start_sec": 6.80515759312321, "end_sec": 7.2464183381088825}, "3": {"start_sec": 9.613180515759312, "end_sec": 10.01432664756447}}