{"0": {"start_sec": 8.048710601719197, "end_sec": 9.974212034383955}}