{"0": {"start_sec": 2.507163323782235, "end_sec": 3.40974212034384}, "1": {"start_sec": 3.429799426934098, "end_sec": 3.4699140401146136}, "2": {"start_sec": 4.212034383954155, "end_sec": 4.2722063037249285}, "3": {"start_sec": 4.312320916905445, "end_sec": 4.372492836676218}, "4": {"start_sec": 4.472779369627507, "end_sec": 4.492836676217765}, "5": {"start_sec": 4.532951289398281, "end_sec": 4.593123209169055}, "6": {"start_sec": 4.693409742120344, "end_sec": 4.7535816618911175}, "7": {"start_sec": 6.925501432664756, "end_sec": 7.406876790830946}}