{"0": {"start_sec": 0.26074498567335247, "end_sec": 1.504297994269341}, "1": {"start_sec": 1.6647564469914042, "end_sec": 3.911174785100287}, "2": {"start_sec": 3.9914040114613183, "end_sec": 4.051575931232092}, "3": {"start_sec": 5.77650429799427, "end_sec": 5.8166189111747855}, "4": {"start_sec": 5.856733524355302, "end_sec": 6.699140401146132}, "5": {"start_sec": 6.765042979942693, "end_sec": 7.326647564469914}}