{"0": {"start_sec": 6.283667621776504, "end_sec": 7.005730659025788}, "1": {"start_sec": 8.429799426934098, "end_sec": 9.17191977077364}}