{"0": {"start_sec": 3.550143266475645, "end_sec": 7.065902578796562}, "1": {"start_sec": 7.08595988538682, "end_sec": 7.106017191977077}, "2": {"start_sec": 7.567335243553009, "end_sec": 7.64756446991404}, "3": {"start_sec": 7.687679083094556, "end_sec": 7.888252148997135}}