{"0": {"start_sec": 3.1489971346704873, "end_sec": 4.5128939828080235}, "1": {"start_sec": 6.04297994269341, "end_sec": 6.063037249283668}, "2": {"start_sec": 6.103151862464183, "end_sec": 6.123209169054441}, "3": {"start_sec": 6.143266475644699, "end_sec": 8.931232091690545}}