{"0": {"start_sec": 5.0, "end_sec": 5.421203438395415}, "1": {"start_sec": 6.478510028653296, "end_sec": 6.739255014326648}, "2": {"start_sec": 6.9054441260744985, "end_sec": 7.607449856733524}, "3": {"start_sec": 8.12893982808023, "end_sec": 9.813753581661892}}