{"0": {"start_sec": 1.885386819484241, "end_sec": 3.068767908309456}}