{"0": {"start_sec": 0.0, "end_sec": 0.16045845272206305}, "1": {"start_sec": 0.18051575931232094, "end_sec": 3.2693409742120347}, "2": {"start_sec": 3.349570200573066, "end_sec": 3.3896848137535818}, "3": {"start_sec": 5.0, "end_sec": 5.9426934097421205}, "4": {"start_sec": 5.962750716332378, "end_sec": 5.982808022922637}}