{"0": {"start_sec": 4.7535816618911175, "end_sec": 6.845272206303725}, "1": {"start_sec": 6.965616045845272, "end_sec": 7.106017191977077}}