{"0": {"start_sec": 5.060171919770774, "end_sec": 5.56160458452722}, "1": {"start_sec": 5.66189111747851, "end_sec": 5.681948424068768}, "2": {"start_sec": 6.243553008595988, "end_sec": 6.263610315186247}}