{"0": {"start_sec": 0.16045845272206305, "end_sec": 0.4212034383954155}, "1": {"start_sec": 0.44126074498567336, "end_sec": 2.3266475644699143}, "2": {"start_sec": 2.4670487106017194, "end_sec": 3.369627507163324}, "3": {"start_sec": 3.9312320916905446, "end_sec": 4.35243553008596}, "4": {"start_sec": 4.392550143266476, "end_sec": 4.412607449856734}, "5": {"start_sec": 4.9942693409742125, "end_sec": 5.01432664756447}, "6": {"start_sec": 5.020057306590258, "end_sec": 9.392550143266476}}