{"0": {"start_sec": 0.6017191977077364, "end_sec": 2.166189111747851}, "1": {"start_sec": 5.0, "end_sec": 8.51002865329513}, "2": {"start_sec": 5.0, "end_sec": 8.51002865329513}, "3": {"start_sec": 5.0, "end_sec": 8.51002865329513}, "4": {"start_sec": 5.0, "end_sec": 8.51002865329513}, "5": {"start_sec": 5.0, "end_sec": 8.51002865329513}}