{"0": {"start_sec": 1.7249283667621778, "end_sec": 1.8653295128939829}, "1": {"start_sec": 1.885386819484241, "end_sec": 2.667621776504298}, "2": {"start_sec": 4.432664756446992, "end_sec": 4.73352435530086}, "3": {"start_sec": 4.7535816618911175, "end_sec": 4.773638968481376}, "4": {"start_sec": 5.01432664756447, "end_sec": 6.017191977077364}, "5": {"start_sec": 7.005730659025788, "end_sec": 9.151862464183381}}