{"0": {"start_sec": 0.04011461318051576, "end_sec": 0.24068767908309457}, "1": {"start_sec": 0.26074498567335247, "end_sec": 10.01432664756447}}