{"0": {"start_sec": 0.14040114613180515, "end_sec": 1.2636103151862466}, "1": {"start_sec": 1.4641833810888254, "end_sec": 1.4842406876790832}, "2": {"start_sec": 1.684813753581662, "end_sec": 1.70487106017192}, "3": {"start_sec": 2.9484240687679084, "end_sec": 2.9684813753581665}, "4": {"start_sec": 2.988538681948424, "end_sec": 3.02865329512894}, "5": {"start_sec": 3.229226361031519, "end_sec": 4.412607449856734}, "6": {"start_sec": 5.180515759312321, "end_sec": 7.206303724928366}, "7": {"start_sec": 7.2464183381088825, "end_sec": 7.386819484240688}, "8": {"start_sec": 7.406876790830946, "end_sec": 7.446991404011461}, "9": {"start_sec": 7.487106017191977, "end_sec": 7.74785100286533}, "10": {"start_sec": 7.767908309455588, "end_sec": 7.787965616045845}, "11": {"start_sec": 7.808022922636104, "end_sec": 8.02865329512894}, "12": {"start_sec": 8.048710601719197, "end_sec": 9.994269340974213}}