{"0": {"start_sec": 5.034383954154729, "end_sec": 5.0945558739255015}, "1": {"start_sec": 5.11461318051576, "end_sec": 5.214899713467049}, "2": {"start_sec": 5.435530085959885, "end_sec": 6.097421203438396}, "3": {"start_sec": 6.418338108882522, "end_sec": 6.739255014326648}}