{"0": {"start_sec": 0.26074498567335247, "end_sec": 1.0630372492836677}, "1": {"start_sec": 1.0830945558739256, "end_sec": 2.226361031518625}, "2": {"start_sec": 2.306590257879656, "end_sec": 2.386819484240688}, "3": {"start_sec": 2.4269340974212037, "end_sec": 3.068767908309456}, "4": {"start_sec": 9.773638968481375, "end_sec": 9.813753581661892}, "5": {"start_sec": 9.853868194842407, "end_sec": 9.893982808022923}}