{"0": {"start_sec": 6.383954154727794, "end_sec": 10.01432664756447}}