{"0": {"start_sec": 2.7478510028653296, "end_sec": 3.7306590257879657}, "1": {"start_sec": 3.770773638968482, "end_sec": 3.830945558739255}}