{"0": {"start_sec": 0.0, "end_sec": 0.12034383954154729}, "1": {"start_sec": 0.16045845272206305, "end_sec": 0.2808022922636103}, "2": {"start_sec": 0.3008595988538682, "end_sec": 0.7621776504297995}, "3": {"start_sec": 0.7822349570200574, "end_sec": 0.8223495702005731}, "4": {"start_sec": 0.842406876790831, "end_sec": 0.8624641833810889}, "5": {"start_sec": 0.9025787965616047, "end_sec": 0.9627507163323783}, "6": {"start_sec": 0.9828080229226361, "end_sec": 1.0630372492836677}, "7": {"start_sec": 1.0830945558739256, "end_sec": 1.2836676217765044}, "8": {"start_sec": 9.312320916905446, "end_sec": 10.01432664756447}}