{"0": {"start_sec": 0.340974212034384, "end_sec": 0.3610315186246419}, "1": {"start_sec": 0.4011461318051576, "end_sec": 4.793696275071634}, "2": {"start_sec": 4.813753581661891, "end_sec": 4.873925501432665}}