{"0": {"start_sec": 5.060171919770774, "end_sec": 5.1203438395415475}, "1": {"start_sec": 6.80515759312321, "end_sec": 6.945558739255015}}