{"0": {"start_sec": 1.5845272206303727, "end_sec": 1.6246418338108883}, "1": {"start_sec": 1.6446991404011462, "end_sec": 2.005730659025788}, "2": {"start_sec": 2.346704871060172, "end_sec": 2.4670487106017194}, "3": {"start_sec": 2.6074498567335245, "end_sec": 2.667621776504298}, "4": {"start_sec": 2.6876790830945563, "end_sec": 2.707736389684814}, "5": {"start_sec": 2.727793696275072, "end_sec": 2.7679083094555876}, "6": {"start_sec": 2.9484240687679084, "end_sec": 3.008595988538682}, "7": {"start_sec": 3.068767908309456, "end_sec": 3.0888252148997135}, "8": {"start_sec": 3.1289398280802296, "end_sec": 3.1489971346704873}, "9": {"start_sec": 3.189111747851003, "end_sec": 3.229226361031519}, "10": {"start_sec": 3.2492836676217767, "end_sec": 3.2893982808022924}, "11": {"start_sec": 3.3094555873925504, "end_sec": 3.5100286532951293}, "12": {"start_sec": 3.7908309455587395, "end_sec": 3.830945558739255}, "13": {"start_sec": 3.8710601719197713, "end_sec": 3.911174785100287}, "14": {"start_sec": 5.762177650429799, "end_sec": 8.389684813753583}, "15": {"start_sec": 5.762177650429799, "end_sec": 8.389684813753583}, "16": {"start_sec": 5.762177650429799, "end_sec": 8.389684813753583}, "17": {"start_sec": 8.51002865329513, "end_sec": 8.530085959885387}, "18": {"start_sec": 8.59025787965616, "end_sec": 8.61031518624642}, "19": {"start_sec": 8.87106017191977, "end_sec": 9.091690544412607}, "20": {"start_sec": 9.111747851002866, "end_sec": 9.151862464183381}, "21": {"start_sec": 9.292263610315187, "end_sec": 9.312320916905446}, "22": {"start_sec": 9.352435530085959, "end_sec": 9.392550143266476}}