{"0": {"start_sec": 4.613180515759312, "end_sec": 4.633237822349571}}