{"0": {"start_sec": 1.3839541547277938, "end_sec": 2.2664756446991405}, "1": {"start_sec": 3.7908309455587395, "end_sec": 4.412607449856734}, "2": {"start_sec": 5.6017191977077365, "end_sec": 6.05730659025788}, "3": {"start_sec": 7.26647564469914, "end_sec": 9.212034383954155}, "4": {"start_sec": 9.673352435530086, "end_sec": 10.01432664756447}}