{"0": {"start_sec": 8.911174785100286, "end_sec": 9.232091690544413}}