{"0": {"start_sec": 6.785100286532952, "end_sec": 8.750716332378223}}