{"0": {"start_sec": 2.4269340974212037, "end_sec": 3.6103151862464187}}