{"0": {"start_sec": 0.0, "end_sec": 0.7822349570200574}, "1": {"start_sec": 0.8022922636103152, "end_sec": 0.8223495702005731}}