{"0": {"start_sec": 3.530085959885387, "end_sec": 4.252148997134671}, "1": {"start_sec": 8.87106017191977, "end_sec": 9.553008595988539}}