{"0": {"start_sec": 0.0, "end_sec": 1.022922636103152}, "1": {"start_sec": 1.684813753581662, "end_sec": 3.6303724928366763}, "2": {"start_sec": 3.6504297994269344, "end_sec": 3.7306590257879657}, "3": {"start_sec": 4.934097421203439, "end_sec": 5.0945558739255015}}