{"0": {"start_sec": 5.0, "end_sec": 5.521489971346705}, "1": {"start_sec": 6.103151862464183, "end_sec": 6.163323782234957}}