{"0": {"start_sec": 5.495702005730659, "end_sec": 5.515759312320918}, "1": {"start_sec": 5.575931232091691, "end_sec": 7.18624641833811}, "2": {"start_sec": 7.808022922636104, "end_sec": 8.429799426934098}, "3": {"start_sec": 9.713467048710601, "end_sec": 9.773638968481375}, "4": {"start_sec": 9.873925501432666, "end_sec": 9.93409742120344}}