{"0": {"start_sec": 4.553008595988539, "end_sec": 4.593123209169055}, "1": {"start_sec": 4.613180515759312, "end_sec": 6.017191977077364}, "2": {"start_sec": 6.037249283667622, "end_sec": 6.1977077363896855}}