{"0": {"start_sec": 2.386819484240688, "end_sec": 2.4068767908309456}, "1": {"start_sec": 2.4269340974212037, "end_sec": 2.4670487106017194}, "2": {"start_sec": 2.567335243553009, "end_sec": 3.7507163323782238}, "3": {"start_sec": 3.770773638968482, "end_sec": 4.73352435530086}, "4": {"start_sec": 9.011461318051577, "end_sec": 9.873925501432666}}