{"0": {"start_sec": 0.7020057306590258, "end_sec": 1.7249283667621778}, "1": {"start_sec": 3.9312320916905446, "end_sec": 5.4756446991404015}, "2": {"start_sec": 5.67621776504298, "end_sec": 5.696275071633238}, "3": {"start_sec": 5.7163323782234965, "end_sec": 7.106017191977077}, "4": {"start_sec": 6.825214899713467, "end_sec": 7.106017191977077}, "5": {"start_sec": 8.931232091690545, "end_sec": 9.512893982808023}, "6": {"start_sec": 9.573065902578797, "end_sec": 9.773638968481375}}