{"0": {"start_sec": 7.828080229226361, "end_sec": 7.848137535816619}, "1": {"start_sec": 7.9684813753581665, "end_sec": 8.389684813753583}, "2": {"start_sec": 8.469914040114613, "end_sec": 8.97134670487106}}