{"0": {"start_sec": 5.6017191977077365, "end_sec": 5.621776504297994}, "1": {"start_sec": 6.584527220630372, "end_sec": 6.604584527220631}, "2": {"start_sec": 6.765042979942693, "end_sec": 6.825214899713467}, "3": {"start_sec": 6.865329512893982, "end_sec": 6.945558739255015}, "4": {"start_sec": 7.005730659025788, "end_sec": 7.045845272206304}, "5": {"start_sec": 7.065902578796562, "end_sec": 7.106017191977077}, "6": {"start_sec": 7.1461318051575935, "end_sec": 7.166189111747851}, "7": {"start_sec": 7.18624641833811, "end_sec": 7.2464183381088825}, "8": {"start_sec": 7.507163323782235, "end_sec": 7.527220630372494}, "9": {"start_sec": 7.567335243553009, "end_sec": 7.587392550143267}, "10": {"start_sec": 7.767908309455588, "end_sec": 8.148997134670488}, "11": {"start_sec": 8.61031518624642, "end_sec": 8.710601719197708}, "12": {"start_sec": 8.730659025787965, "end_sec": 9.031518624641834}}