{"0": {"start_sec": 0.14040114613180515, "end_sec": 0.16045845272206305}, "1": {"start_sec": 0.2005730659025788, "end_sec": 0.9426934097421205}, "2": {"start_sec": 1.002865329512894, "end_sec": 1.0429799426934099}, "3": {"start_sec": 1.1432664756446993, "end_sec": 1.183381088825215}, "4": {"start_sec": 8.51002865329513, "end_sec": 8.810888252148997}}