{"0": {"start_sec": 5.0, "end_sec": 7.1461318051575935}, "1": {"start_sec": 5.160458452722063, "end_sec": 7.1461318051575935}, "2": {"start_sec": 5.160458452722063, "end_sec": 7.1461318051575935}}