{"0": {"start_sec": 5.335243553008596, "end_sec": 5.3753581661891126}}