{"0": {"start_sec": 0.2808022922636103, "end_sec": 0.38108882521489973}, "1": {"start_sec": 0.4011461318051576, "end_sec": 1.1031518624641834}, "2": {"start_sec": 1.2034383954154728, "end_sec": 1.2234957020057307}, "3": {"start_sec": 6.002865329512894, "end_sec": 6.564469914040115}, "4": {"start_sec": 6.684813753581662, "end_sec": 6.785100286532952}, "5": {"start_sec": 6.965616045845272, "end_sec": 7.025787965616046}, "6": {"start_sec": 7.065902578796562, "end_sec": 7.487106017191977}}