{"0": {"start_sec": 2.2865329512893986, "end_sec": 3.489971346704871}, "1": {"start_sec": 3.5100286532951293, "end_sec": 3.550143266475645}, "2": {"start_sec": 3.5902578796561606, "end_sec": 3.6103151862464187}, "3": {"start_sec": 3.6704871060171924, "end_sec": 3.69054441260745}}