{"0": {"start_sec": 8.40974212034384, "end_sec": 9.332378223495702}}