{"0": {"start_sec": 7.005730659025788, "end_sec": 7.025787965616046}, "1": {"start_sec": 7.106017191977077, "end_sec": 7.126074498567336}, "2": {"start_sec": 7.487106017191977, "end_sec": 7.828080229226361}, "3": {"start_sec": 7.848137535816619, "end_sec": 8.249283667621777}, "4": {"start_sec": 8.349570200573066, "end_sec": 9.392550143266476}}