{"0": {"start_sec": 7.406876790830946, "end_sec": 7.767908309455588}}