{"0": {"start_sec": 8.169054441260744, "end_sec": 8.249283667621777}, "1": {"start_sec": 8.289398280802292, "end_sec": 9.272206303724928}, "2": {"start_sec": 9.593123209169054, "end_sec": 9.974212034383955}}