{"0": {"start_sec": 5.982808022922637, "end_sec": 6.2979942693409745}, "1": {"start_sec": 6.444126074498568, "end_sec": 6.6647564469914045}, "2": {"start_sec": 7.26647564469914, "end_sec": 8.911174785100286}}