{"0": {"start_sec": 6.444126074498568, "end_sec": 8.830945558739256}}