{"0": {"start_sec": 0.02005730659025788, "end_sec": 0.060171919770773644}, "1": {"start_sec": 0.24068767908309457, "end_sec": 0.26074498567335247}, "2": {"start_sec": 0.2808022922636103, "end_sec": 5.7163323782234965}}