{"0": {"start_sec": 0.2005730659025788, "end_sec": 1.363896848137536}, "1": {"start_sec": 2.226361031518625, "end_sec": 2.2664756446991405}, "2": {"start_sec": 2.2865329512893986, "end_sec": 2.567335243553009}, "3": {"start_sec": 6.163323782234957, "end_sec": 6.5243553008595985}}