{"0": {"start_sec": 0.9226361031518625, "end_sec": 1.885386819484241}}