{"0": {"start_sec": 4.553008595988539, "end_sec": 4.593123209169055}, "1": {"start_sec": 4.73352435530086, "end_sec": 4.7535816618911175}, "2": {"start_sec": 6.097421203438396, "end_sec": 6.979942693409742}}