{"0": {"start_sec": 8.189111747851003, "end_sec": 9.131805157593124}}