{"0": {"start_sec": 4.83381088825215, "end_sec": 4.853868194842407}, "1": {"start_sec": 4.873925501432665, "end_sec": 4.893982808022923}, "2": {"start_sec": 4.914040114613181, "end_sec": 6.885386819484241}, "3": {"start_sec": 5.0, "end_sec": 6.885386819484241}}