{"0": {"start_sec": 6.464183381088826, "end_sec": 10.034383954154729}}