{"0": {"start_sec": 0.02005730659025788, "end_sec": 0.6217765042979944}, "1": {"start_sec": 4.974212034383955, "end_sec": 4.9942693409742125}, "2": {"start_sec": 5.3810888252149, "end_sec": 5.982808022922637}, "3": {"start_sec": 6.1833810888252145, "end_sec": 6.303724928366762}, "4": {"start_sec": 6.3237822349570205, "end_sec": 6.724928366762178}, "5": {"start_sec": 6.825214899713467, "end_sec": 7.166189111747851}, "6": {"start_sec": 7.2464183381088825, "end_sec": 7.26647564469914}, "7": {"start_sec": 8.048710601719197, "end_sec": 9.512893982808023}}