{"0": {"start_sec": 4.011461318051576, "end_sec": 4.593123209169055}}