{"0": {"start_sec": 2.4871060171919774, "end_sec": 2.507163323782235}, "1": {"start_sec": 2.567335243553009, "end_sec": 2.587392550143267}, "2": {"start_sec": 3.5902578796561606, "end_sec": 3.6103151862464187}, "3": {"start_sec": 3.6303724928366763, "end_sec": 4.111747851002866}, "4": {"start_sec": 4.151862464183381, "end_sec": 4.1719197707736395}}