{"0": {"start_sec": 6.644699140401146, "end_sec": 9.753581661891118}}