{"0": {"start_sec": 0.22063037249283668, "end_sec": 0.26074498567335247}, "1": {"start_sec": 0.3008595988538682, "end_sec": 0.3209169054441261}, "2": {"start_sec": 0.38108882521489973, "end_sec": 2.6275071633237825}, "3": {"start_sec": 2.727793696275072, "end_sec": 10.01432664756447}}