{"0": {"start_sec": 3.6303724928366763, "end_sec": 3.6504297994269344}, "1": {"start_sec": 3.851002865329513, "end_sec": 3.8710601719197713}, "2": {"start_sec": 3.891117478510029, "end_sec": 4.813753581661891}, "3": {"start_sec": 4.893982808022923, "end_sec": 5.01432664756447}}