{"0": {"start_sec": 9.212034383954155, "end_sec": 9.994269340974213}}