{"0": {"start_sec": 0.14040114613180515, "end_sec": 0.16045845272206305}, "1": {"start_sec": 0.18051575931232094, "end_sec": 0.2005730659025788}, "2": {"start_sec": 2.667621776504298, "end_sec": 4.091690544412608}, "3": {"start_sec": 4.131805157593123, "end_sec": 4.151862464183381}, "4": {"start_sec": 5.922636103151863, "end_sec": 8.630372492836676}, "5": {"start_sec": 5.922636103151863, "end_sec": 8.630372492836676}, "6": {"start_sec": 8.670487106017193, "end_sec": 8.750716332378223}}