{"0": {"start_sec": 3.7507163323782238, "end_sec": 3.851002865329513}, "1": {"start_sec": 3.891117478510029, "end_sec": 3.9512893982808026}, "2": {"start_sec": 6.363896848137536, "end_sec": 7.36676217765043}, "3": {"start_sec": 6.363896848137536, "end_sec": 7.36676217765043}}