{"0": {"start_sec": 1.0429799426934099, "end_sec": 1.0630372492836677}, "1": {"start_sec": 1.0830945558739256, "end_sec": 1.1232091690544412}, "2": {"start_sec": 1.183381088825215, "end_sec": 1.2435530085959887}, "3": {"start_sec": 1.2636103151862466, "end_sec": 1.2836676217765044}, "4": {"start_sec": 1.3037249283667622, "end_sec": 1.3839541547277938}, "5": {"start_sec": 7.36676217765043, "end_sec": 7.808022922636104}, "6": {"start_sec": 7.848137535816619, "end_sec": 7.988538681948424}}