{"0": {"start_sec": 3.6504297994269344, "end_sec": 3.6704871060171924}, "1": {"start_sec": 3.9312320916905446, "end_sec": 3.9512893982808026}, "2": {"start_sec": 4.031518624641834, "end_sec": 4.051575931232092}, "3": {"start_sec": 4.091690544412608, "end_sec": 7.707736389684814}, "4": {"start_sec": 7.74785100286533, "end_sec": 8.12893982808023}, "5": {"start_sec": 9.472779369627506, "end_sec": 10.01432664756447}}