{"0": {"start_sec": 5.656160458452723, "end_sec": 5.67621776504298}, "1": {"start_sec": 5.681948424068768, "end_sec": 8.229226361031518}}