{"0": {"start_sec": 4.893982808022923, "end_sec": 5.401146131805158}, "1": {"start_sec": 5.621776504297994, "end_sec": 7.08595988538682}, "2": {"start_sec": 5.621776504297994, "end_sec": 7.08595988538682}, "3": {"start_sec": 5.621776504297994, "end_sec": 7.08595988538682}, "4": {"start_sec": 7.106017191977077, "end_sec": 7.126074498567336}, "5": {"start_sec": 9.432664756446993, "end_sec": 9.673352435530086}, "6": {"start_sec": 9.833810888252149, "end_sec": 9.893982808022923}}