{"0": {"start_sec": 6.684813753581662, "end_sec": 10.01432664756447}}