{"0": {"start_sec": 0.0, "end_sec": 6.283667621776504}, "1": {"start_sec": 7.6275071633237825, "end_sec": 10.034383954154729}}