{"0": {"start_sec": 5.641833810888253, "end_sec": 5.66189111747851}, "1": {"start_sec": 5.681948424068768, "end_sec": 5.722063037249284}, "2": {"start_sec": 5.782234957020058, "end_sec": 10.01432664756447}}