{"0": {"start_sec": 5.902578796561604, "end_sec": 6.765042979942693}, "1": {"start_sec": 6.845272206303725, "end_sec": 6.865329512893982}, "2": {"start_sec": 8.02865329512894, "end_sec": 10.034383954154729}}