{"0": {"start_sec": 1.8252148997134672, "end_sec": 1.9054441260744988}, "1": {"start_sec": 4.232091690544413, "end_sec": 5.822349570200573}, "2": {"start_sec": 5.0, "end_sec": 5.822349570200573}, "3": {"start_sec": 5.9426934097421205, "end_sec": 5.962750716332378}, "4": {"start_sec": 9.051575931232092, "end_sec": 10.01432664756447}}