{"0": {"start_sec": 0.7220630372492838, "end_sec": 1.7650429799426934}, "1": {"start_sec": 3.8108882521489975, "end_sec": 5.29512893982808}, "2": {"start_sec": 5.335243553008596, "end_sec": 5.355300859598854}, "3": {"start_sec": 5.435530085959885, "end_sec": 5.455587392550144}, "4": {"start_sec": 6.659025787965617, "end_sec": 6.759312320916906}}