{"0": {"start_sec": 1.183381088825215, "end_sec": 1.6446991404011462}, "1": {"start_sec": 2.9484240687679084, "end_sec": 4.5128939828080235}, "2": {"start_sec": 4.532951289398281, "end_sec": 4.553008595988539}, "3": {"start_sec": 4.613180515759312, "end_sec": 4.633237822349571}, "4": {"start_sec": 4.6532951289398286, "end_sec": 5.074498567335244}}