{"0": {"start_sec": 1.4040114613180517, "end_sec": 2.0859598853868198}, "1": {"start_sec": 3.429799426934098, "end_sec": 5.214899713467049}, "2": {"start_sec": 5.3810888252149, "end_sec": 5.722063037249284}, "3": {"start_sec": 6.04297994269341, "end_sec": 10.01432664756447}}