{"0": {"start_sec": 0.7020057306590258, "end_sec": 0.7822349570200574}, "1": {"start_sec": 0.8022922636103152, "end_sec": 1.1432664756446993}, "2": {"start_sec": 1.1633237822349571, "end_sec": 1.3037249283667622}, "3": {"start_sec": 1.4040114613180517, "end_sec": 1.6246418338108883}, "4": {"start_sec": 2.5472779369627507, "end_sec": 3.6704871060171924}}