{"0": {"start_sec": 1.7249283667621778, "end_sec": 1.9255014326647566}, "1": {"start_sec": 2.4670487106017194, "end_sec": 3.1088825214899716}, "2": {"start_sec": 3.7306590257879657, "end_sec": 4.372492836676218}, "3": {"start_sec": 5.736389684813754, "end_sec": 6.1977077363896855}}