{"0": {"start_sec": 7.326647564469914, "end_sec": 8.209169054441261}}