{"0": {"start_sec": 0.681948424068768, "end_sec": 0.7421203438395416}, "1": {"start_sec": 0.9025787965616047, "end_sec": 0.9426934097421205}, "2": {"start_sec": 1.022922636103152, "end_sec": 1.2234957020057307}, "3": {"start_sec": 3.6103151862464187, "end_sec": 4.9942693409742125}, "4": {"start_sec": 5.0, "end_sec": 5.621776504297994}, "5": {"start_sec": 5.742120343839542, "end_sec": 5.782234957020058}, "6": {"start_sec": 6.564469914040115, "end_sec": 6.584527220630372}, "7": {"start_sec": 6.604584527220631, "end_sec": 8.97134670487106}, "8": {"start_sec": 8.991404011461318, "end_sec": 9.17191977077364}, "9": {"start_sec": 9.212034383954155, "end_sec": 10.01432664756447}}