{"0": {"start_sec": 5.340974212034384, "end_sec": 10.01432664756447}}