{"0": {"start_sec": 1.0830945558739256, "end_sec": 2.9684813753581665}, "1": {"start_sec": 8.87106017191977, "end_sec": 8.89111747851003}, "2": {"start_sec": 8.911174785100286, "end_sec": 9.853868194842407}}