{"0": {"start_sec": 2.727793696275072, "end_sec": 4.1719197707736395}, "1": {"start_sec": 4.312320916905445, "end_sec": 6.484240687679083}, "2": {"start_sec": 6.504297994269341, "end_sec": 6.5243553008595985}, "3": {"start_sec": 6.724928366762178, "end_sec": 6.765042979942693}, "4": {"start_sec": 6.845272206303725, "end_sec": 6.865329512893982}, "5": {"start_sec": 7.787965616045845, "end_sec": 7.808022922636104}, "6": {"start_sec": 8.068767908309455, "end_sec": 8.088825214899714}, "7": {"start_sec": 9.312320916905446, "end_sec": 10.01432664756447}}