{"0": {"start_sec": 0.48137535816618915, "end_sec": 0.6217765042979944}, "1": {"start_sec": 0.6418338108882522, "end_sec": 0.66189111747851}, "2": {"start_sec": 0.7020057306590258, "end_sec": 0.7822349570200574}, "3": {"start_sec": 3.1088825214899716, "end_sec": 3.1289398280802296}, "4": {"start_sec": 4.292263610315187, "end_sec": 4.412607449856734}, "5": {"start_sec": 4.613180515759312, "end_sec": 6.544412607449857}, "6": {"start_sec": 5.0, "end_sec": 6.544412607449857}, "7": {"start_sec": 6.684813753581662, "end_sec": 6.70487106017192}, "8": {"start_sec": 6.9054441260744985, "end_sec": 9.111747851002866}, "9": {"start_sec": 9.73352435530086, "end_sec": 9.753581661891118}, "10": {"start_sec": 9.793696275071634, "end_sec": 9.893982808022923}, "11": {"start_sec": 9.914040114613181, "end_sec": 9.954154727793696}}