{"0": {"start_sec": 3.851002865329513, "end_sec": 6.518624641833811}}