{"0": {"start_sec": 5.0, "end_sec": 6.544412607449857}, "1": {"start_sec": 5.0, "end_sec": 6.544412607449857}, "2": {"start_sec": 5.0, "end_sec": 6.544412607449857}, "3": {"start_sec": 8.570200573065904, "end_sec": 9.813753581661892}}