{"0": {"start_sec": 0.04011461318051576, "end_sec": 0.14040114613180515}, "1": {"start_sec": 0.16045845272206305, "end_sec": 3.048710601719198}, "2": {"start_sec": 3.068767908309456, "end_sec": 4.593123209169055}, "3": {"start_sec": 9.45272206303725, "end_sec": 9.93409742120344}}