{"0": {"start_sec": 0.0, "end_sec": 4.893982808022923}, "1": {"start_sec": 5.160458452722063, "end_sec": 7.1461318051575935}, "2": {"start_sec": 5.160458452722063, "end_sec": 7.1461318051575935}, "3": {"start_sec": 8.30945558739255, "end_sec": 10.01432664756447}}