{"0": {"start_sec": 6.243553008595988, "end_sec": 8.068767908309455}, "1": {"start_sec": 6.243553008595988, "end_sec": 8.068767908309455}}