{"0": {"start_sec": 6.243553008595988, "end_sec": 8.89111747851003}, "1": {"start_sec": 6.243553008595988, "end_sec": 8.89111747851003}}