{"0": {"start_sec": 0.8624641833810889, "end_sec": 1.2034383954154728}, "1": {"start_sec": 4.593123209169055, "end_sec": 4.73352435530086}, "2": {"start_sec": 5.636103151862464, "end_sec": 5.916905444126075}}