{"0": {"start_sec": 0.12034383954154729, "end_sec": 0.46131805157593125}, "1": {"start_sec": 0.48137535816618915, "end_sec": 2.0659025787965617}, "2": {"start_sec": 2.0859598853868198, "end_sec": 2.1060171919770774}, "3": {"start_sec": 4.392550143266476, "end_sec": 4.45272206303725}, "4": {"start_sec": 4.5128939828080235, "end_sec": 4.553008595988539}, "5": {"start_sec": 4.974212034383955, "end_sec": 7.206303724928366}}