{"0": {"start_sec": 5.0, "end_sec": 9.07163323782235}, "1": {"start_sec": 9.833810888252149, "end_sec": 10.01432664756447}}