{"0": {"start_sec": 7.888252148997135, "end_sec": 7.908309455587393}, "1": {"start_sec": 7.988538681948424, "end_sec": 8.02865329512894}}