{"0": {"start_sec": 1.504297994269341, "end_sec": 3.851002865329513}, "1": {"start_sec": 3.9312320916905446, "end_sec": 3.9512893982808026}}