{"0": {"start_sec": 0.04011461318051576, "end_sec": 0.2808022922636103}, "1": {"start_sec": 0.3008595988538682, "end_sec": 0.4011461318051576}, "2": {"start_sec": 0.6217765042979944, "end_sec": 0.7822349570200574}, "3": {"start_sec": 0.8022922636103152, "end_sec": 1.0429799426934099}, "4": {"start_sec": 5.260744985673353, "end_sec": 5.28080229226361}, "5": {"start_sec": 5.541547277936963, "end_sec": 5.56160458452722}, "6": {"start_sec": 5.802292263610315, "end_sec": 5.862464183381089}, "7": {"start_sec": 5.982808022922637, "end_sec": 6.022922636103152}, "8": {"start_sec": 6.04297994269341, "end_sec": 6.103151862464183}, "9": {"start_sec": 6.564469914040115, "end_sec": 7.888252148997135}, "10": {"start_sec": 8.489971346704872, "end_sec": 8.61031518624642}, "11": {"start_sec": 8.630372492836676, "end_sec": 8.830945558739256}, "12": {"start_sec": 8.851002865329512, "end_sec": 8.931232091690545}, "13": {"start_sec": 9.031518624641834, "end_sec": 9.051575931232092}, "14": {"start_sec": 9.07163323782235, "end_sec": 9.151862464183381}, "15": {"start_sec": 9.432664756446993, "end_sec": 9.893982808022923}}