{"0": {"start_sec": 3.9713467048710607, "end_sec": 4.011461318051576}, "1": {"start_sec": 4.111747851002866, "end_sec": 4.212034383954155}, "2": {"start_sec": 7.446991404011461, "end_sec": 8.59025787965616}, "3": {"start_sec": 8.61031518624642, "end_sec": 8.830945558739256}}