{"0": {"start_sec": 0.6418338108882522, "end_sec": 0.66189111747851}, "1": {"start_sec": 0.7020057306590258, "end_sec": 2.7879656160458457}, "2": {"start_sec": 2.928366762177651, "end_sec": 4.613180515759312}}