{"0": {"start_sec": 0.1002865329512894, "end_sec": 1.1031518624641834}}