{"0": {"start_sec": 4.673352435530086, "end_sec": 4.73352435530086}, "1": {"start_sec": 4.773638968481376, "end_sec": 9.833810888252149}, "2": {"start_sec": 6.143266475644699, "end_sec": 9.833810888252149}, "3": {"start_sec": 6.143266475644699, "end_sec": 9.833810888252149}}