{"0": {"start_sec": 0.3008595988538682, "end_sec": 0.3209169054441261}, "1": {"start_sec": 0.340974212034384, "end_sec": 0.6217765042979944}, "2": {"start_sec": 0.6418338108882522, "end_sec": 0.66189111747851}, "3": {"start_sec": 7.426934097421204, "end_sec": 7.948424068767908}}