{"0": {"start_sec": 0.12034383954154729, "end_sec": 4.031518624641834}}