{"0": {"start_sec": 1.845272206303725, "end_sec": 4.011461318051576}}