{"0": {"start_sec": 6.624641833810888, "end_sec": 6.825214899713467}, "1": {"start_sec": 6.845272206303725, "end_sec": 6.9054441260744985}, "2": {"start_sec": 6.925501432664756, "end_sec": 9.412607449856733}}