{"0": {"start_sec": 1.022922636103152, "end_sec": 2.8280802292263614}, "1": {"start_sec": 6.398280802292264, "end_sec": 6.498567335243553}, "2": {"start_sec": 6.5386819484240695, "end_sec": 6.679083094555875}, "3": {"start_sec": 6.684813753581662, "end_sec": 10.01432664756447}}