{"0": {"start_sec": 4.813753581661891, "end_sec": 5.796561604584528}, "1": {"start_sec": 6.398280802292264, "end_sec": 6.418338108882522}, "2": {"start_sec": 6.5386819484240695, "end_sec": 6.618911174785101}, "3": {"start_sec": 6.644699140401146, "end_sec": 6.684813753581662}, "4": {"start_sec": 6.70487106017192, "end_sec": 7.065902578796562}, "5": {"start_sec": 7.08595988538682, "end_sec": 7.346704871060172}}