{"0": {"start_sec": 3.8108882521489975, "end_sec": 4.633237822349571}}