{"0": {"start_sec": 6.564469914040115, "end_sec": 7.74785100286533}}