{"0": {"start_sec": 0.6418338108882522, "end_sec": 1.2435530085959887}, "1": {"start_sec": 1.2636103151862466, "end_sec": 1.2836676217765044}}