{"0": {"start_sec": 5.842406876790831, "end_sec": 7.54727793696275}, "1": {"start_sec": 7.567335243553009, "end_sec": 8.008595988538682}, "2": {"start_sec": 8.10888252148997, "end_sec": 8.189111747851003}, "3": {"start_sec": 8.249283667621777, "end_sec": 8.269340974212035}, "4": {"start_sec": 8.30945558739255, "end_sec": 8.40974212034384}, "5": {"start_sec": 8.51002865329513, "end_sec": 8.650429799426934}, "6": {"start_sec": 8.750716332378223, "end_sec": 8.89111747851003}}