{"0": {"start_sec": 2.4469914040114613, "end_sec": 2.4670487106017194}, "1": {"start_sec": 2.507163323782235, "end_sec": 3.6504297994269344}, "2": {"start_sec": 3.7908309455587395, "end_sec": 3.8108882521489975}, "3": {"start_sec": 3.891117478510029, "end_sec": 3.911174785100287}, "4": {"start_sec": 3.9312320916905446, "end_sec": 3.9512893982808026}}