{"0": {"start_sec": 0.02005730659025788, "end_sec": 1.1031518624641834}, "1": {"start_sec": 6.765042979942693, "end_sec": 7.26647564469914}, "2": {"start_sec": 7.406876790830946, "end_sec": 7.446991404011461}, "3": {"start_sec": 7.607449856733524, "end_sec": 7.787965616045845}, "4": {"start_sec": 8.249283667621777, "end_sec": 8.269340974212035}, "5": {"start_sec": 8.369627507163324, "end_sec": 8.670487106017193}, "6": {"start_sec": 8.69054441260745, "end_sec": 8.730659025787965}, "7": {"start_sec": 9.292263610315187, "end_sec": 10.01432664756447}}