{"0": {"start_sec": 3.2693409742120347, "end_sec": 6.7793696275071635}, "1": {"start_sec": 9.151862464183381, "end_sec": 9.191977077363898}, "2": {"start_sec": 9.753581661891118, "end_sec": 10.01432664756447}}