{"0": {"start_sec": 5.0, "end_sec": 5.401146131805158}, "1": {"start_sec": 5.421203438395415, "end_sec": 8.931232091690545}, "2": {"start_sec": 9.031518624641834, "end_sec": 9.212034383954155}}