{"0": {"start_sec": 4.332378223495702, "end_sec": 5.01432664756447}}