{"0": {"start_sec": 3.02865329512894, "end_sec": 4.372492836676218}}