{"0": {"start_sec": 9.412607449856733, "end_sec": 9.432664756446993}, "1": {"start_sec": 9.45272206303725, "end_sec": 10.01432664756447}}