{"0": {"start_sec": 0.4011461318051576, "end_sec": 0.9226361031518625}, "1": {"start_sec": 0.9426934097421205, "end_sec": 0.9828080229226361}, "2": {"start_sec": 1.002865329512894, "end_sec": 1.1232091690544412}}