{"0": {"start_sec": 2.36676217765043, "end_sec": 2.386819484240688}, "1": {"start_sec": 2.4068767908309456, "end_sec": 3.068767908309456}, "2": {"start_sec": 3.0888252148997135, "end_sec": 3.1088825214899716}, "3": {"start_sec": 3.1489971346704873, "end_sec": 3.1690544412607453}, "4": {"start_sec": 3.189111747851003, "end_sec": 3.209169054441261}, "5": {"start_sec": 3.349570200573066, "end_sec": 3.369627507163324}, "6": {"start_sec": 3.770773638968482, "end_sec": 9.17191977077364}, "7": {"start_sec": 9.853868194842407, "end_sec": 10.01432664756447}}