{"0": {"start_sec": 7.065902578796562, "end_sec": 7.908309455587393}}