{"0": {"start_sec": 0.08022922636103152, "end_sec": 0.1002865329512894}, "1": {"start_sec": 0.14040114613180515, "end_sec": 9.974212034383955}, "2": {"start_sec": 9.994269340974213, "end_sec": 10.01432664756447}}