{"0": {"start_sec": 0.16045845272206305, "end_sec": 4.793696275071634}, "1": {"start_sec": 4.813753581661891, "end_sec": 4.893982808022923}, "2": {"start_sec": 4.914040114613181, "end_sec": 7.08595988538682}, "3": {"start_sec": 7.166189111747851, "end_sec": 7.18624641833811}, "4": {"start_sec": 7.8681948424068775, "end_sec": 9.131805157593124}, "5": {"start_sec": 9.151862464183381, "end_sec": 9.17191977077364}, "6": {"start_sec": 9.73352435530086, "end_sec": 9.753581661891118}, "7": {"start_sec": 9.773638968481375, "end_sec": 9.974212034383955}}