{"0": {"start_sec": 5.020057306590258, "end_sec": 5.160458452722063}, "1": {"start_sec": 5.842406876790831, "end_sec": 6.283667621776504}, "2": {"start_sec": 5.842406876790831, "end_sec": 6.2979942693409745}, "3": {"start_sec": 7.928366762177651, "end_sec": 7.948424068767908}, "4": {"start_sec": 7.9684813753581665, "end_sec": 8.068767908309455}, "5": {"start_sec": 8.12893982808023, "end_sec": 8.169054441260744}, "6": {"start_sec": 8.189111747851003, "end_sec": 8.209169054441261}}