{"0": {"start_sec": 0.46131805157593125, "end_sec": 0.8223495702005731}, "1": {"start_sec": 0.9627507163323783, "end_sec": 1.1031518624641834}, "2": {"start_sec": 1.1232091690544412, "end_sec": 6.143266475644699}, "3": {"start_sec": 9.893982808022923, "end_sec": 9.994269340974213}}