{"0": {"start_sec": 1.70487106017192, "end_sec": 6.05730659025788}, "1": {"start_sec": 6.604584527220631, "end_sec": 8.12893982808023}, "2": {"start_sec": 6.604584527220631, "end_sec": 8.12893982808023}}