{"0": {"start_sec": 2.1060171919770774, "end_sec": 2.166189111747851}, "1": {"start_sec": 2.226361031518625, "end_sec": 2.306590257879656}, "2": {"start_sec": 2.346704871060172, "end_sec": 2.36676217765043}, "3": {"start_sec": 2.4670487106017194, "end_sec": 2.507163323782235}, "4": {"start_sec": 6.498567335243553, "end_sec": 6.919770773638969}}