{"0": {"start_sec": 0.9627507163323783, "end_sec": 0.9828080229226361}, "1": {"start_sec": 1.0429799426934099, "end_sec": 1.183381088825215}, "2": {"start_sec": 1.363896848137536, "end_sec": 2.045845272206304}}