{"0": {"start_sec": 2.025787965616046, "end_sec": 4.934097421203439}, "1": {"start_sec": 4.954154727793696, "end_sec": 5.034383954154729}, "2": {"start_sec": 7.667621776504298, "end_sec": 10.01432664756447}}