{"0": {"start_sec": 0.02005730659025788, "end_sec": 2.2664756446991405}, "1": {"start_sec": 2.386819484240688, "end_sec": 2.4269340974212037}, "2": {"start_sec": 2.4670487106017194, "end_sec": 2.4871060171919774}}