{"0": {"start_sec": 2.2865329512893986, "end_sec": 2.9484240687679084}, "1": {"start_sec": 2.9684813753581665, "end_sec": 3.02865329512894}, "2": {"start_sec": 5.0, "end_sec": 5.200573065902579}, "3": {"start_sec": 5.2206303724928365, "end_sec": 5.401146131805158}, "4": {"start_sec": 7.74785100286533, "end_sec": 8.229226361031518}}