{"0": {"start_sec": 4.011461318051576, "end_sec": 4.091690544412608}, "1": {"start_sec": 4.111747851002866, "end_sec": 9.472779369627506}, "2": {"start_sec": 5.0, "end_sec": 9.472779369627506}, "3": {"start_sec": 5.0, "end_sec": 9.472779369627506}}