{"0": {"start_sec": 3.008595988538682, "end_sec": 3.02865329512894}, "1": {"start_sec": 3.048710601719198, "end_sec": 3.1088825214899716}, "2": {"start_sec": 3.1489971346704873, "end_sec": 3.3896848137535818}, "3": {"start_sec": 3.489971346704871, "end_sec": 3.5100286532951293}, "4": {"start_sec": 7.908309455587393, "end_sec": 7.948424068767908}}