{"0": {"start_sec": 2.2865329512893986, "end_sec": 7.226361031518625}, "1": {"start_sec": 8.97134670487106, "end_sec": 9.873925501432666}}