{"0": {"start_sec": 1.9255014326647566, "end_sec": 2.988538681948424}, "1": {"start_sec": 7.206303724928366, "end_sec": 9.051575931232092}, "2": {"start_sec": 9.111747851002866, "end_sec": 9.17191977077364}, "3": {"start_sec": 9.212034383954155, "end_sec": 9.332378223495702}, "4": {"start_sec": 9.37249283667622, "end_sec": 9.412607449856733}, "5": {"start_sec": 9.432664756446993, "end_sec": 9.472779369627506}}