{"0": {"start_sec": 6.845272206303725, "end_sec": 7.787965616045845}}