{"0": {"start_sec": 1.1232091690544412, "end_sec": 2.3266475644699143}, "1": {"start_sec": 2.4670487106017194, "end_sec": 2.4871060171919774}}