{"0": {"start_sec": 5.28080229226361, "end_sec": 5.401146131805158}, "1": {"start_sec": 5.501432664756447, "end_sec": 5.521489971346705}, "2": {"start_sec": 5.541547277936963, "end_sec": 6.002865329512894}}