{"0": {"start_sec": 0.0, "end_sec": 1.2034383954154728}, "1": {"start_sec": 2.226361031518625, "end_sec": 3.570200573065903}, "2": {"start_sec": 3.5902578796561606, "end_sec": 3.6103151862464187}, "3": {"start_sec": 5.957020057306591, "end_sec": 6.444126074498568}}