{"0": {"start_sec": 6.80515759312321, "end_sec": 7.6275071633237825}}