{"0": {"start_sec": 3.3094555873925504, "end_sec": 3.3896848137535818}, "1": {"start_sec": 3.429799426934098, "end_sec": 3.4699140401146136}, "2": {"start_sec": 3.5100286532951293, "end_sec": 9.011461318051577}, "3": {"start_sec": 9.613180515759312, "end_sec": 9.653295128939828}, "4": {"start_sec": 9.893982808022923, "end_sec": 9.914040114613181}}