{"0": {"start_sec": 7.005730659025788, "end_sec": 10.034383954154729}}