{"0": {"start_sec": 2.6074498567335245, "end_sec": 3.4498567335243555}, "1": {"start_sec": 3.4699140401146136, "end_sec": 3.489971346704871}}