{"0": {"start_sec": 0.7621776504297995, "end_sec": 0.9025787965616047}, "1": {"start_sec": 1.022922636103152, "end_sec": 1.183381088825215}, "2": {"start_sec": 1.2435530085959887, "end_sec": 2.045845272206304}, "3": {"start_sec": 4.35243553008596, "end_sec": 4.914040114613181}, "4": {"start_sec": 7.888252148997135, "end_sec": 8.329512893982809}, "5": {"start_sec": 8.89111747851003, "end_sec": 10.01432664756447}}