{"0": {"start_sec": 0.7621776504297995, "end_sec": 1.7249283667621778}, "1": {"start_sec": 3.830945558739255, "end_sec": 5.234957020057307}, "2": {"start_sec": 5.255014326647565, "end_sec": 5.275071633237823}, "3": {"start_sec": 6.644699140401146, "end_sec": 6.785100286532952}, "4": {"start_sec": 6.845272206303725, "end_sec": 7.226361031518625}, "5": {"start_sec": 7.2464183381088825, "end_sec": 7.26647564469914}, "6": {"start_sec": 7.286532951289399, "end_sec": 7.948424068767908}, "7": {"start_sec": 7.9684813753581665, "end_sec": 8.008595988538682}, "8": {"start_sec": 9.73352435530086, "end_sec": 9.994269340974213}}