{"0": {"start_sec": 1.7449856733524356, "end_sec": 3.1088825214899716}, "1": {"start_sec": 3.209169054441261, "end_sec": 3.2492836676217767}, "2": {"start_sec": 6.464183381088826, "end_sec": 10.01432664756447}}