{"0": {"start_sec": 0.66189111747851, "end_sec": 0.9025787965616047}, "1": {"start_sec": 0.9226361031518625, "end_sec": 1.2435530085959887}, "2": {"start_sec": 4.813753581661891, "end_sec": 4.83381088825215}, "3": {"start_sec": 4.853868194842407, "end_sec": 4.893982808022923}, "4": {"start_sec": 4.934097421203439, "end_sec": 4.954154727793696}, "5": {"start_sec": 4.974212034383955, "end_sec": 4.9942693409742125}, "6": {"start_sec": 5.0, "end_sec": 6.017191977077364}, "7": {"start_sec": 6.037249283667622, "end_sec": 6.2979942693409745}}