{"0": {"start_sec": 9.252148997134672, "end_sec": 9.53295128939828}}