{"0": {"start_sec": 1.0830945558739256, "end_sec": 1.1031518624641834}, "1": {"start_sec": 1.1232091690544412, "end_sec": 1.9054441260744988}, "2": {"start_sec": 3.1289398280802296, "end_sec": 3.3295128939828085}, "3": {"start_sec": 7.36676217765043, "end_sec": 7.386819484240688}, "4": {"start_sec": 7.406876790830946, "end_sec": 9.613180515759312}}