{"0": {"start_sec": 0.501432664756447, "end_sec": 1.5644699140401148}, "1": {"start_sec": 1.5845272206303727, "end_sec": 1.6045845272206305}, "2": {"start_sec": 2.226361031518625, "end_sec": 3.2893982808022924}, "3": {"start_sec": 7.828080229226361, "end_sec": 8.630372492836676}}