{"0": {"start_sec": 2.6876790830945563, "end_sec": 3.068767908309456}, "1": {"start_sec": 4.131805157593123, "end_sec": 5.461318051575931}, "2": {"start_sec": 5.581661891117479, "end_sec": 5.621776504297994}, "3": {"start_sec": 5.641833810888253, "end_sec": 6.925501432664756}, "4": {"start_sec": 8.51002865329513, "end_sec": 8.530085959885387}, "5": {"start_sec": 8.830945558739256, "end_sec": 9.332378223495702}}