{"0": {"start_sec": 0.0, "end_sec": 1.0830945558739256}, "1": {"start_sec": 1.8051575931232093, "end_sec": 2.888252148997135}, "2": {"start_sec": 2.9083094555873927, "end_sec": 2.928366762177651}, "3": {"start_sec": 3.008595988538682, "end_sec": 3.6103151862464187}}