{"0": {"start_sec": 1.8252148997134672, "end_sec": 1.885386819484241}, "1": {"start_sec": 1.9054441260744988, "end_sec": 1.9255014326647566}, "2": {"start_sec": 2.386819484240688, "end_sec": 4.232091690544413}, "3": {"start_sec": 5.080229226361031, "end_sec": 5.214899713467049}, "4": {"start_sec": 5.2206303724928365, "end_sec": 6.1833810888252145}, "5": {"start_sec": 5.2206303724928365, "end_sec": 6.237822349570201}, "6": {"start_sec": 6.744985673352436, "end_sec": 6.785100286532952}, "7": {"start_sec": 7.005730659025788, "end_sec": 7.025787965616046}, "8": {"start_sec": 7.08595988538682, "end_sec": 7.106017191977077}, "9": {"start_sec": 7.126074498567336, "end_sec": 7.607449856733524}, "10": {"start_sec": 8.229226361031518, "end_sec": 8.369627507163324}, "11": {"start_sec": 9.37249283667622, "end_sec": 9.432664756446993}, "12": {"start_sec": 9.753581661891118, "end_sec": 9.773638968481375}}