{"0": {"start_sec": 1.7449856733524356, "end_sec": 3.5100286532951293}, "1": {"start_sec": 5.160458452722063, "end_sec": 6.203438395415473}, "2": {"start_sec": 5.160458452722063, "end_sec": 6.203438395415473}}