{"0": {"start_sec": 1.363896848137536, "end_sec": 2.4269340974212037}, "1": {"start_sec": 2.4469914040114613, "end_sec": 2.4871060171919774}}