{"0": {"start_sec": 0.0, "end_sec": 0.38108882521489973}, "1": {"start_sec": 0.4011461318051576, "end_sec": 1.0429799426934099}, "2": {"start_sec": 1.5644699140401148, "end_sec": 1.5845272206303727}}