{"0": {"start_sec": 0.0, "end_sec": 0.501432664756447}, "1": {"start_sec": 0.5214899713467049, "end_sec": 3.530085959885387}, "2": {"start_sec": 7.226361031518625, "end_sec": 10.034383954154729}}