{"0": {"start_sec": 7.567335243553009, "end_sec": 8.10888252148997}, "1": {"start_sec": 8.169054441260744, "end_sec": 8.369627507163324}, "2": {"start_sec": 8.429799426934098, "end_sec": 8.489971346704872}}