{"0": {"start_sec": 5.0, "end_sec": 5.300859598853868}, "1": {"start_sec": 5.320916905444126, "end_sec": 5.66189111747851}, "2": {"start_sec": 6.544412607449857, "end_sec": 8.851002865329512}, "3": {"start_sec": 6.544412607449857, "end_sec": 8.851002865329512}, "4": {"start_sec": 6.544412607449857, "end_sec": 8.851002865329512}, "5": {"start_sec": 8.87106017191977, "end_sec": 9.793696275071634}, "6": {"start_sec": 9.873925501432666, "end_sec": 9.893982808022923}}