{"0": {"start_sec": 1.1031518624641834, "end_sec": 2.4269340974212037}, "1": {"start_sec": 2.6074498567335245, "end_sec": 2.6275071633237825}, "2": {"start_sec": 2.7478510028653296, "end_sec": 2.7679083094555876}, "3": {"start_sec": 2.8280802292263614, "end_sec": 7.08595988538682}, "4": {"start_sec": 5.0, "end_sec": 7.08595988538682}, "5": {"start_sec": 9.392550143266476, "end_sec": 10.01432664756447}}