{"0": {"start_sec": 0.0, "end_sec": 0.22063037249283668}, "1": {"start_sec": 0.24068767908309457, "end_sec": 0.4011461318051576}, "2": {"start_sec": 1.6246418338108883, "end_sec": 2.4269340974212037}, "3": {"start_sec": 2.6275071633237825, "end_sec": 3.3094555873925504}, "4": {"start_sec": 3.6504297994269344, "end_sec": 4.532951289398281}, "5": {"start_sec": 4.573065902578797, "end_sec": 4.633237822349571}, "6": {"start_sec": 5.982808022922637, "end_sec": 6.097421203438396}}