{"0": {"start_sec": 6.077363896848138, "end_sec": 6.71919770773639}, "1": {"start_sec": 8.088825214899714, "end_sec": 9.793696275071634}, "2": {"start_sec": 9.813753581661892, "end_sec": 9.853868194842407}, "3": {"start_sec": 9.893982808022923, "end_sec": 9.914040114613181}}