{"0": {"start_sec": 0.0, "end_sec": 0.6017191977077364}, "1": {"start_sec": 2.0659025787965617, "end_sec": 2.0859598853868198}, "2": {"start_sec": 2.1060171919770774, "end_sec": 3.429799426934098}, "3": {"start_sec": 3.770773638968482, "end_sec": 3.7908309455587395}, "4": {"start_sec": 3.8108882521489975, "end_sec": 3.830945558739255}, "5": {"start_sec": 4.593123209169055, "end_sec": 4.613180515759312}, "6": {"start_sec": 4.673352435530086, "end_sec": 7.527220630372494}, "7": {"start_sec": 5.060171919770774, "end_sec": 7.527220630372494}, "8": {"start_sec": 5.060171919770774, "end_sec": 7.527220630372494}, "9": {"start_sec": 5.060171919770774, "end_sec": 7.527220630372494}, "10": {"start_sec": 5.060171919770774, "end_sec": 7.527220630372494}, "11": {"start_sec": 7.848137535816619, "end_sec": 9.673352435530086}, "12": {"start_sec": 9.693409742120345, "end_sec": 9.713467048710601}}