{"0": {"start_sec": 3.570200573065903, "end_sec": 3.5902578796561606}, "1": {"start_sec": 3.69054441260745, "end_sec": 3.7507163323782238}, "2": {"start_sec": 3.8108882521489975, "end_sec": 5.722063037249284}, "3": {"start_sec": 5.742120343839542, "end_sec": 5.876790830945559}, "4": {"start_sec": 5.882521489971347, "end_sec": 5.982808022922637}, "5": {"start_sec": 5.882521489971347, "end_sec": 5.997134670487107}}