{"0": {"start_sec": 0.0, "end_sec": 0.4212034383954155}, "1": {"start_sec": 0.44126074498567336, "end_sec": 0.5415472779369628}, "2": {"start_sec": 0.6418338108882522, "end_sec": 0.66189111747851}, "3": {"start_sec": 6.05730659025788, "end_sec": 7.36676217765043}, "4": {"start_sec": 7.487106017191977, "end_sec": 7.527220630372494}, "5": {"start_sec": 8.30945558739255, "end_sec": 9.914040114613181}}