{"0": {"start_sec": 0.3610315186246419, "end_sec": 0.8022922636103152}}