{"0": {"start_sec": 0.08022922636103152, "end_sec": 1.363896848137536}, "1": {"start_sec": 1.4842406876790832, "end_sec": 1.70487106017192}}