{"0": {"start_sec": 4.031518624641834, "end_sec": 4.051575931232092}, "1": {"start_sec": 4.934097421203439, "end_sec": 6.71919770773639}, "2": {"start_sec": 6.825214899713467, "end_sec": 7.36676217765043}, "3": {"start_sec": 7.386819484240688, "end_sec": 7.667621776504298}, "4": {"start_sec": 7.687679083094556, "end_sec": 7.707736389684814}, "5": {"start_sec": 8.229226361031518, "end_sec": 8.991404011461318}, "6": {"start_sec": 9.051575931232092, "end_sec": 9.292263610315187}, "7": {"start_sec": 9.312320916905446, "end_sec": 9.332378223495702}, "8": {"start_sec": 9.412607449856733, "end_sec": 9.432664756446993}}