{"0": {"start_sec": 0.1002865329512894, "end_sec": 2.0659025787965617}, "1": {"start_sec": 2.0859598853868198, "end_sec": 2.1060171919770774}, "2": {"start_sec": 2.1461318051575935, "end_sec": 2.567335243553009}, "3": {"start_sec": 4.613180515759312, "end_sec": 7.707736389684814}, "4": {"start_sec": 5.0, "end_sec": 7.707736389684814}, "5": {"start_sec": 7.767908309455588, "end_sec": 7.8681948424068775}, "6": {"start_sec": 7.9684813753581665, "end_sec": 7.988538681948424}, "7": {"start_sec": 9.914040114613181, "end_sec": 9.93409742120344}}