{"0": {"start_sec": 0.060171919770773644, "end_sec": 0.340974212034384}, "1": {"start_sec": 2.848137535816619, "end_sec": 5.074498567335244}, "2": {"start_sec": 7.507163323782235, "end_sec": 9.53295128939828}, "3": {"start_sec": 9.553008595988539, "end_sec": 9.633237822349571}}