{"0": {"start_sec": 4.73352435530086, "end_sec": 6.5386819484240695}}