{"0": {"start_sec": 0.0, "end_sec": 1.002865329512894}, "1": {"start_sec": 4.83381088825215, "end_sec": 7.1461318051575935}, "2": {"start_sec": 9.091690544412607, "end_sec": 9.873925501432666}}