{"0": {"start_sec": 4.7535816618911175, "end_sec": 7.507163323782235}}