{"0": {"start_sec": 4.392550143266476, "end_sec": 4.492836676217765}, "1": {"start_sec": 4.553008595988539, "end_sec": 4.6532951289398286}, "2": {"start_sec": 5.822349570200573, "end_sec": 9.914040114613181}}