{"0": {"start_sec": 1.5845272206303727, "end_sec": 2.888252148997135}, "1": {"start_sec": 2.9684813753581665, "end_sec": 2.988538681948424}, "2": {"start_sec": 3.6303724928366763, "end_sec": 3.6504297994269344}, "3": {"start_sec": 3.7306590257879657, "end_sec": 3.9914040114613183}, "4": {"start_sec": 5.140401146131805, "end_sec": 5.160458452722063}, "5": {"start_sec": 5.200573065902579, "end_sec": 5.28080229226361}, "6": {"start_sec": 5.300859598853868, "end_sec": 5.3810888252149}, "7": {"start_sec": 7.346704871060172, "end_sec": 10.01432664756447}}