{"0": {"start_sec": 8.830945558739256, "end_sec": 9.252148997134672}, "1": {"start_sec": 9.573065902578797, "end_sec": 9.994269340974213}}