{"0": {"start_sec": 0.02005730659025788, "end_sec": 1.7449856733524356}, "1": {"start_sec": 1.7851002865329515, "end_sec": 1.8653295128939829}, "2": {"start_sec": 1.885386819484241, "end_sec": 1.9054441260744988}, "3": {"start_sec": 2.306590257879656, "end_sec": 3.0888252148997135}, "4": {"start_sec": 4.432664756446992, "end_sec": 4.45272206303725}, "5": {"start_sec": 5.060171919770774, "end_sec": 5.802292263610315}, "6": {"start_sec": 5.060171919770774, "end_sec": 5.802292263610315}}