{"0": {"start_sec": 1.2234957020057307, "end_sec": 2.386819484240688}, "1": {"start_sec": 2.4269340974212037, "end_sec": 2.4469914040114613}, "2": {"start_sec": 2.4871060171919774, "end_sec": 2.507163323782235}, "3": {"start_sec": 2.667621776504298, "end_sec": 3.229226361031519}, "4": {"start_sec": 6.037249283667622, "end_sec": 6.05730659025788}, "5": {"start_sec": 6.077363896848138, "end_sec": 6.759312320916906}, "6": {"start_sec": 6.7793696275071635, "end_sec": 6.839541547277937}}