{"0": {"start_sec": 0.8022922636103152, "end_sec": 0.8223495702005731}, "1": {"start_sec": 0.9025787965616047, "end_sec": 0.9426934097421205}, "2": {"start_sec": 1.022922636103152, "end_sec": 1.1232091690544412}, "3": {"start_sec": 1.1432664756446993, "end_sec": 1.1633237822349571}, "4": {"start_sec": 5.802292263610315, "end_sec": 7.988538681948424}, "5": {"start_sec": 9.432664756446993, "end_sec": 9.613180515759312}}