{"0": {"start_sec": 0.6017191977077364, "end_sec": 0.66189111747851}, "1": {"start_sec": 0.7220630372492838, "end_sec": 0.7621776504297995}}