{"0": {"start_sec": 0.4011461318051576, "end_sec": 0.48137535816618915}, "1": {"start_sec": 0.501432664756447, "end_sec": 0.5214899713467049}, "2": {"start_sec": 2.1260744985673354, "end_sec": 2.567335243553009}, "3": {"start_sec": 2.587392550143267, "end_sec": 2.667621776504298}, "4": {"start_sec": 2.6876790830945563, "end_sec": 2.707736389684814}, "5": {"start_sec": 4.432664756446992, "end_sec": 4.472779369627507}, "6": {"start_sec": 6.263610315186247, "end_sec": 8.10888252148997}, "7": {"start_sec": 8.148997134670488, "end_sec": 8.209169054441261}}