{"0": {"start_sec": 0.04011461318051576, "end_sec": 1.002865329512894}, "1": {"start_sec": 1.022922636103152, "end_sec": 2.2865329512893986}, "2": {"start_sec": 2.3266475644699143, "end_sec": 2.386819484240688}, "3": {"start_sec": 6.103151862464183, "end_sec": 7.507163323782235}, "4": {"start_sec": 6.103151862464183, "end_sec": 7.507163323782235}, "5": {"start_sec": 9.45272206303725, "end_sec": 9.512893982808023}, "6": {"start_sec": 9.53295128939828, "end_sec": 9.553008595988539}, "7": {"start_sec": 9.613180515759312, "end_sec": 9.693409742120345}, "8": {"start_sec": 9.773638968481375, "end_sec": 9.813753581661892}}