{"0": {"start_sec": 0.66189111747851, "end_sec": 2.0659025787965617}, "1": {"start_sec": 2.1060171919770774, "end_sec": 2.1461318051575935}, "2": {"start_sec": 6.143266475644699, "end_sec": 7.206303724928366}, "3": {"start_sec": 6.143266475644699, "end_sec": 7.206303724928366}, "4": {"start_sec": 7.487106017191977, "end_sec": 7.54727793696275}, "5": {"start_sec": 7.767908309455588, "end_sec": 7.787965616045845}, "6": {"start_sec": 9.573065902578797, "end_sec": 9.994269340974213}}