{"0": {"start_sec": 7.607449856733524, "end_sec": 8.169054441260744}}