{"0": {"start_sec": 0.0, "end_sec": 4.9942693409742125}, "1": {"start_sec": 5.01432664756447, "end_sec": 10.034383954154729}, "2": {"start_sec": 5.160458452722063, "end_sec": 10.034383954154729}, "3": {"start_sec": 5.160458452722063, "end_sec": 10.034383954154729}}