{"0": {"start_sec": 8.329512893982809, "end_sec": 8.349570200573066}}