{"0": {"start_sec": 0.7822349570200574, "end_sec": 0.8624641833810889}, "1": {"start_sec": 1.0630372492836677, "end_sec": 1.8653295128939829}, "2": {"start_sec": 2.025787965616046, "end_sec": 2.0659025787965617}, "3": {"start_sec": 2.2664756446991405, "end_sec": 2.2865329512893986}, "4": {"start_sec": 2.346704871060172, "end_sec": 3.349570200573066}, "5": {"start_sec": 3.369627507163324, "end_sec": 3.40974212034384}, "6": {"start_sec": 3.4498567335243555, "end_sec": 3.550143266475645}, "7": {"start_sec": 4.2722063037249285, "end_sec": 4.35243553008596}, "8": {"start_sec": 4.412607449856734, "end_sec": 4.934097421203439}}