{"0": {"start_sec": 1.4040114613180517, "end_sec": 1.885386819484241}, "1": {"start_sec": 6.684813753581662, "end_sec": 8.550143266475645}, "2": {"start_sec": 8.810888252148997, "end_sec": 10.01432664756447}}