{"0": {"start_sec": 4.031518624641834, "end_sec": 4.091690544412608}, "1": {"start_sec": 4.131805157593123, "end_sec": 4.35243553008596}, "2": {"start_sec": 6.81948424068768, "end_sec": 6.979942693409742}}