{"0": {"start_sec": 2.727793696275072, "end_sec": 2.8280802292263614}, "1": {"start_sec": 2.848137535816619, "end_sec": 3.229226361031519}, "2": {"start_sec": 3.369627507163324, "end_sec": 3.40974212034384}, "3": {"start_sec": 5.0, "end_sec": 6.263610315186247}, "4": {"start_sec": 7.1461318051575935, "end_sec": 9.954154727793696}}