{"0": {"start_sec": 8.730659025787965, "end_sec": 8.750716332378223}, "1": {"start_sec": 8.830945558739256, "end_sec": 9.17191977077364}}