{"0": {"start_sec": 5.822349570200573, "end_sec": 7.808022922636104}}