{"0": {"start_sec": 0.02005730659025788, "end_sec": 1.8653295128939829}, "1": {"start_sec": 2.025787965616046, "end_sec": 2.667621776504298}}