{"0": {"start_sec": 2.2865329512893986, "end_sec": 2.3266475644699143}, "1": {"start_sec": 2.6275071633237825, "end_sec": 2.707736389684814}, "2": {"start_sec": 2.727793696275072, "end_sec": 2.7679083094555876}, "3": {"start_sec": 5.802292263610315, "end_sec": 7.08595988538682}, "4": {"start_sec": 8.810888252148997, "end_sec": 8.830945558739256}, "5": {"start_sec": 8.89111747851003, "end_sec": 10.01432664756447}}