{"0": {"start_sec": 4.83381088825215, "end_sec": 5.29512893982808}, "1": {"start_sec": 5.355300859598854, "end_sec": 5.39541547277937}, "2": {"start_sec": 5.401146131805158, "end_sec": 5.441260744985673}, "3": {"start_sec": 6.123209169054441, "end_sec": 7.487106017191977}, "4": {"start_sec": 6.123209169054441, "end_sec": 7.487106017191977}, "5": {"start_sec": 6.123209169054441, "end_sec": 7.487106017191977}, "6": {"start_sec": 8.570200573065904, "end_sec": 10.01432664756447}}