{"0": {"start_sec": 0.44126074498567336, "end_sec": 3.008595988538682}, "1": {"start_sec": 3.02865329512894, "end_sec": 3.1088825214899716}, "2": {"start_sec": 4.45272206303725, "end_sec": 5.595988538681949}, "3": {"start_sec": 6.05730659025788, "end_sec": 6.117478510028654}, "4": {"start_sec": 6.498567335243553, "end_sec": 6.879656160458453}, "5": {"start_sec": 9.272206303724928, "end_sec": 9.753581661891118}, "6": {"start_sec": 9.773638968481375, "end_sec": 9.813753581661892}}