{"0": {"start_sec": 0.46131805157593125, "end_sec": 0.48137535816618915}, "1": {"start_sec": 0.501432664756447, "end_sec": 0.5214899713467049}, "2": {"start_sec": 0.5415472779369628, "end_sec": 1.2636103151862466}, "3": {"start_sec": 1.70487106017192, "end_sec": 2.166189111747851}, "4": {"start_sec": 2.206303724928367, "end_sec": 2.226361031518625}, "5": {"start_sec": 2.386819484240688, "end_sec": 2.4068767908309456}, "6": {"start_sec": 4.613180515759312, "end_sec": 4.6532951289398286}, "7": {"start_sec": 4.73352435530086, "end_sec": 4.793696275071634}, "8": {"start_sec": 4.914040114613181, "end_sec": 4.934097421203439}, "9": {"start_sec": 4.9942693409742125, "end_sec": 5.56160458452722}, "10": {"start_sec": 5.581661891117479, "end_sec": 6.383954154727794}, "11": {"start_sec": 5.581661891117479, "end_sec": 6.383954154727794}, "12": {"start_sec": 5.581661891117479, "end_sec": 6.398280802292264}, "13": {"start_sec": 6.404011461318052, "end_sec": 6.464183381088826}}