{"0": {"start_sec": 0.5214899713467049, "end_sec": 0.7421203438395416}, "1": {"start_sec": 0.7621776504297995, "end_sec": 0.9025787965616047}, "2": {"start_sec": 0.9828080229226361, "end_sec": 1.002865329512894}, "3": {"start_sec": 2.928366762177651, "end_sec": 2.9484240687679084}, "4": {"start_sec": 5.621776504297994, "end_sec": 6.163323782234957}, "5": {"start_sec": 5.621776504297994, "end_sec": 6.163323782234957}, "6": {"start_sec": 6.945558739255015, "end_sec": 7.74785100286533}, "7": {"start_sec": 7.787965616045845, "end_sec": 7.8681948424068775}, "8": {"start_sec": 9.031518624641834, "end_sec": 9.151862464183381}, "9": {"start_sec": 9.17191977077364, "end_sec": 10.01432664756447}}