{"0": {"start_sec": 3.068767908309456, "end_sec": 3.209169054441261}, "1": {"start_sec": 3.2893982808022924, "end_sec": 4.412607449856734}, "2": {"start_sec": 5.320916905444126, "end_sec": 5.441260744985673}}