{"0": {"start_sec": 5.836676217765043, "end_sec": 6.7793696275071635}, "1": {"start_sec": 9.17191977077364, "end_sec": 9.191977077363898}, "2": {"start_sec": 9.252148997134672, "end_sec": 9.994269340974213}}