{"0": {"start_sec": 2.166189111747851, "end_sec": 2.2464183381088825}, "1": {"start_sec": 7.828080229226361, "end_sec": 8.750716332378223}}