{"0": {"start_sec": 8.449856733524356, "end_sec": 9.974212034383955}, "1": {"start_sec": 9.994269340974213, "end_sec": 10.01432664756447}}